"",BBDA1.M.DE.N.EX.S.A.W1.A.V.ABA.L,BBDA1.M.DE.N.EX.S.A.W1.A.V.ABA.L_FLAGS,BBDA1.M.DE.Y.EX.S.A.W1.A.V.ABA.L,BBDA1.M.DE.Y.EX.S.A.W1.A.V.ABA.L_FLAGS,BBDA1.M.DE.N.IM.S.A.W1.A.V.ABA.L,BBDA1.M.DE.N.IM.S.A.W1.A.V.ABA.L_FLAGS,BBDA1.M.DE.Y.IM.S.A.W1.A.V.ABA.L,BBDA1.M.DE.Y.IM.S.A.W1.A.V.ABA.L_FLAGS,BBDA1.M.DE.N.SD.S.A.W1.A.V.ABA.L,BBDA1.M.DE.N.SD.S.A.W1.A.V.ABA.L_FLAGS,BBDA1.M.DE.Y.SD.S.A.W1.A.V.ABA.L,BBDA1.M.DE.Y.SD.S.A.W1.A.V.ABA.L_FLAGS
"","German foreign trade: exports / At current prices, flows / Aggregate / all goods / Rest of the World / Unadjusted figure",,"German foreign trade: exports / At current prices, flows / Aggregate / all goods / Rest of the World / Calendar and seasonally adjusted",,"German foreign trade: imports / At current prices, flows / Aggregate / all goods / Rest of the World / Unadjusted figure",,"German foreign trade: imports / At current prices, flows / Aggregate / all goods / Rest of the World / Calendar and seasonally adjusted",,"German foreign trade: balance / At current prices, flows / Aggregate / all goods / Rest of the World / Unadjusted figure",,"German foreign trade: balance / At current prices, flows / Aggregate / all goods / Rest of the World / Calendar and seasonally adjusted",
unit,DM/EURO,,DM/EURO,,DM/EURO,,DM/EURO,,DM/EURO,,DM/EURO,
unit multiplier,billion,,billion,,billion,,billion,,billion,,billion,
last update,2021-09-22 07:25:02,,2021-09-22 07:48:31,,2021-09-22 07:25:23,,2021-09-22 07:48:32,,2021-09-22 07:25:42,,2021-09-22 07:48:34,
1950-01,0.44,,0.50,,0.97,,0.96,,-0.52,,-0.46,
1950-02,0.47,,0.53,,0.71,,0.74,,-0.23,,-0.21,
1950-03,0.59,,0.56,,0.82,,0.76,,-0.23,,-0.20,
1950-04,0.54,,0.57,,0.75,,0.80,,-0.21,,-0.23,
1950-05,0.59,,0.60,,0.68,,0.73,,-0.08,,-0.13,
1950-06,0.65,,0.64,,0.79,,0.83,,-0.14,,-0.19,
1950-07,0.73,,0.70,,0.95,,0.95,,-0.22,,-0.25,
1950-08,0.75,,0.74,,0.86,,0.91,,-0.11,,-0.17,
1950-09,0.70,,0.71,,1.01,,0.99,,-0.31,,-0.28,
1950-10,0.90,,0.88,,1.31,,1.23,,-0.41,,-0.35,
1950-11,0.98,,0.97,,1.21,,1.16,,-0.23,,-0.19,
1950-12,1.01,,0.87,,1.32,,1.21,,-0.31,,-0.34,
1951-01,0.92,,1.03,,1.24,,1.23,,-0.32,,-0.20,
1951-02,0.98,,1.10,,1.22,,1.29,,-0.24,,-0.19,
1951-03,1.09,,1.09,,1.26,,1.23,,-0.17,,-0.14,
1951-04,1.15,,1.15,,1.08,,1.09,,0.07,,0.06,
1951-05,1.15,,1.16,,1.05,,1.13,,0.10,,0.03,
1951-06,1.25,,1.23,,1.07,,1.12,,0.18,,0.11,
1951-07,1.35,,1.30,,1.19,,1.20,,0.16,,0.10,
1951-08,1.32,,1.30,,1.21,,1.28,,0.11,,0.02,
1951-09,1.37,,1.44,,1.58,,1.59,,-0.21,,-0.15,
1951-10,1.26,,1.20,,1.18,,1.08,,0.08,,0.12,
1951-11,1.17,,1.15,,1.27,,1.21,,-0.10,,-0.06,
1951-12,1.58,,1.37,,1.38,,1.26,,0.20,,0.11,
1952-01,1.31,,1.47,,1.40,,1.39,,-0.09,,0.08,
1952-02,1.27,,1.38,,1.46,,1.52,,-0.19,,-0.14,
1952-03,1.38,,1.34,,1.46,,1.40,,-0.08,,-0.06,
1952-04,1.31,,1.35,,1.28,,1.32,,0.03,,0.03,
1952-05,1.41,,1.38,,1.17,,1.22,,0.23,,0.16,
1952-06,1.38,,1.44,,1.12,,1.22,,0.26,,0.22,
1952-07,1.49,,1.40,,1.24,,1.22,,0.25,,0.18,
1952-08,1.35,,1.38,,1.19,,1.29,,0.16,,0.09,
1952-09,1.43,,1.46,,1.27,,1.25,,0.15,,0.21,
1952-10,1.46,,1.38,,1.50,,1.38,,-0.03,,0.00,
1952-11,1.37,,1.39,,1.41,,1.38,,-0.04,,0.01,
1952-12,1.75,,1.49,,1.69,,1.52,,0.06,,-0.03,
1953-01,1.26,,1.41,,1.35,,1.34,,-0.09,,0.07,
1953-02,1.23,,1.37,,1.18,,1.26,,0.05,,0.11,
1953-03,1.48,,1.44,,1.28,,1.23,,0.20,,0.21,
1953-04,1.53,,1.58,,1.25,,1.28,,0.27,,0.30,
1953-05,1.43,,1.48,,1.24,,1.35,,0.19,,0.13,
1953-06,1.56,,1.53,,1.34,,1.39,,0.22,,0.14,
1953-07,1.57,,1.48,,1.28,,1.26,,0.28,,0.22,
1953-08,1.50,,1.55,,1.24,,1.34,,0.26,,0.21,
1953-09,1.51,,1.53,,1.36,,1.34,,0.15,,0.19,
1953-10,1.72,,1.63,,1.43,,1.32,,0.29,,0.31,
1953-11,1.65,,1.66,,1.47,,1.43,,0.17,,0.23,
1953-12,2.09,,1.79,,1.58,,1.43,,0.51,,0.36,
1954-01,1.50,,1.73,,1.31,,1.34,,0.19,,0.39,
1954-02,1.51,,1.66,,1.21,,1.30,,0.29,,0.36,
1954-03,1.93,,1.82,,1.59,,1.50,,0.35,,0.32,
1954-04,1.66,,1.72,,1.47,,1.51,,0.19,,0.21,
1954-05,1.82,,1.82,,1.56,,1.64,,0.26,,0.18,
1954-06,1.71,,1.73,,1.56,,1.64,,0.15,,0.09,
1954-07,1.92,,1.83,,1.57,,1.55,,0.34,,0.28,
1954-08,1.84,,1.91,,1.52,,1.64,,0.32,,0.27,
1954-09,1.84,,1.87,,1.71,,1.69,,0.13,,0.18,
1954-10,1.98,,1.92,,1.85,,1.75,,0.13,,0.17,
1954-11,2.03,,1.98,,1.95,,1.86,,0.08,,0.12,
1954-12,2.30,,1.92,,2.04,,1.80,,0.27,,0.12,
1955-01,1.78,,2.06,,1.69,,1.73,,0.09,,0.33,
1955-02,1.91,,2.09,,1.82,,1.97,,0.09,,0.12,
1955-03,2.22,,2.09,,2.00,,1.90,,0.22,,0.19,
1955-04,2.01,,2.08,,2.02,,2.07,,-0.01,,0.01,
1955-05,2.16,,2.14,,1.91,,1.99,,0.25,,0.15,
1955-06,2.01,,1.96,,1.95,,1.98,,0.07,,-0.02,
1955-07,2.16,,2.14,,2.11,,2.13,,0.05,,0.01,
1955-08,2.00,,2.03,,2.03,,2.13,,-0.03,,-0.10,
1955-09,2.12,,2.14,,2.14,,2.13,,-0.01,,0.01,
1955-10,2.32,,2.25,,2.19,,2.09,,0.13,,0.16,
1955-11,2.30,,2.24,,2.14,,2.03,,0.15,,0.21,
1955-12,2.72,,2.29,,2.47,,2.18,,0.25,,0.11,
1956-01,2.14,,2.40,,2.16,,2.18,,-0.02,,0.22,
1956-02,2.04,,2.15,,1.79,,1.91,,0.26,,0.24,
1956-03,2.35,,2.27,,2.17,,2.12,,0.17,,0.15,
1956-04,2.69,,2.77,,2.29,,2.33,,0.40,,0.44,
1956-05,2.50,,2.47,,2.23,,2.30,,0.26,,0.17,
1956-06,2.76,,2.69,,2.43,,2.43,,0.33,,0.26,
1956-07,2.58,,2.58,,2.40,,2.42,,0.18,,0.16,
1956-08,2.45,,2.51,,2.33,,2.44,,0.12,,0.07,
1956-09,2.63,,2.74,,2.40,,2.45,,0.23,,0.29,
1956-10,2.87,,2.71,,2.61,,2.44,,0.25,,0.27,
1956-11,2.82,,2.73,,2.61,,2.48,,0.21,,0.25,
1956-12,3.03,,2.72,,2.53,,2.33,,0.50,,0.39,
1957-01,2.45,,2.74,,2.55,,2.60,,-0.10,,0.14,
1957-02,2.71,,2.93,,2.42,,2.66,,0.28,,0.27,
1957-03,3.23,,3.10,,2.70,,2.65,,0.54,,0.45,
1957-04,2.80,,2.88,,2.54,,2.59,,0.26,,0.29,
1957-05,3.20,,3.06,,2.68,,2.67,,0.52,,0.39,
1957-06,2.86,,3.04,,2.50,,2.65,,0.36,,0.39,
1957-07,3.06,,2.98,,2.73,,2.68,,0.32,,0.30,
1957-08,3.09,,3.20,,2.62,,2.75,,0.47,,0.45,
1957-09,2.87,,2.98,,2.63,,2.70,,0.24,,0.28,
1957-10,3.26,,3.07,,2.93,,2.74,,0.33,,0.33,
1957-11,3.18,,3.08,,2.80,,2.67,,0.39,,0.41,
1957-12,3.27,,2.95,,2.79,,2.57,,0.47,,0.38,
1958-01,2.60,,2.91,,2.79,,2.86,,-0.19,,0.05,
1958-02,2.95,,3.17,,2.49,,2.74,,0.47,,0.43,
1958-03,3.08,,2.95,,2.67,,2.63,,0.41,,0.32,
1958-04,2.99,,3.06,,2.49,,2.53,,0.50,,0.53,
1958-05,3.01,,2.95,,2.47,,2.49,,0.54,,0.46,
1958-06,2.95,,3.05,,2.54,,2.62,,0.41,,0.43,
1958-07,3.17,,3.10,,2.77,,2.70,,0.41,,0.40,
1958-08,2.94,,3.15,,2.47,,2.65,,0.47,,0.50,
1958-09,3.24,,3.26,,2.73,,2.74,,0.51,,0.52,
1958-10,3.37,,3.17,,2.81,,2.64,,0.55,,0.53,
1958-11,3.23,,3.21,,2.87,,2.82,,0.37,,0.39,
1958-12,3.46,,3.06,,2.95,,2.68,,0.50,,0.38,
1959-01,2.77,,3.10,,2.61,,2.69,,0.16,,0.41,
1959-02,3.09,,3.30,,2.48,,2.72,,0.61,,0.58,
1959-03,3.05,,3.09,,2.63,,2.71,,0.42,,0.38,
1959-04,3.31,,3.19,,2.97,,2.88,,0.33,,0.31,
1959-05,3.39,,3.42,,2.92,,3.01,,0.47,,0.41,
1959-06,3.37,,3.39,,2.88,,2.89,,0.49,,0.50,
1959-07,3.38,,3.32,,3.01,,2.91,,0.37,,0.41,
1959-08,3.35,,3.62,,2.99,,3.21,,0.36,,0.41,
1959-09,3.58,,3.60,,3.09,,3.10,,0.48,,0.50,
1959-10,3.82,,3.59,,3.26,,3.07,,0.57,,0.52,
1959-11,3.80,,3.78,,3.12,,3.08,,0.68,,0.70,
1959-12,4.28,,3.81,,3.87,,3.54,,0.42,,0.27,
1960-01,3.39,,3.90,,3.11,,3.29,,0.27,,0.61,
1960-02,3.66,,3.79,,3.27,,3.49,,0.40,,0.30,
1960-03,4.37,,4.03,,3.66,,3.51,,0.70,,0.52,
1960-04,3.74,,3.80,,3.43,,3.49,,0.31,,0.31,
1960-05,3.98,,3.78,,3.59,,3.52,,0.40,,0.26,
1960-06,3.79,,3.92,,3.62,,3.69,,0.17,,0.23,
1960-07,4.08,,4.14,,3.64,,3.59,,0.44,,0.55,
1960-08,3.57,,3.77,,3.37,,3.54,,0.20,,0.23,
1960-09,3.89,,3.91,,3.38,,3.40,,0.51,,0.51,
1960-10,4.19,,4.05,,3.77,,3.64,,0.41,,0.41,
1960-11,4.25,,4.11,,3.68,,3.56,,0.57,,0.55,
1960-12,5.04,,4.38,,4.20,,3.78,,0.84,,0.60,
1961-01,3.90,,4.33,,3.48,,3.60,,0.42,,0.73,
1961-02,4.05,,4.31,,3.19,,3.49,,0.85,,0.82,
1961-03,4.30,,4.07,,3.65,,3.56,,0.65,,0.51,
1961-04,4.37,,4.43,,3.65,,3.71,,0.72,,0.72,
1961-05,4.03,,3.94,,3.74,,3.74,,0.30,,0.20,
1961-06,4.42,,4.44,,3.73,,3.69,,0.69,,0.75,
1961-07,4.22,,4.28,,3.71,,3.65,,0.50,,0.63,
1961-08,4.06,,4.32,,3.47,,3.66,,0.59,,0.66,
1961-09,4.30,,4.32,,3.68,,3.70,,0.62,,0.62,
1961-10,4.36,,4.22,,4.00,,3.87,,0.36,,0.35,
1961-11,4.24,,4.11,,3.83,,3.71,,0.41,,0.40,
1961-12,4.73,,4.37,,4.23,,4.00,,0.50,,0.37,
1962-01,3.83,,3.97,,3.80,,3.94,,0.03,,0.03,
1962-02,4.07,,4.35,,4.06,,4.40,,0.01,,-0.05,
1962-03,4.76,,4.38,,4.18,,4.01,,0.58,,0.37,
1962-04,4.24,,4.40,,3.76,,3.92,,0.48,,0.48,
1962-05,4.67,,4.32,,4.36,,4.14,,0.30,,0.18,
1962-06,4.30,,4.50,,4.14,,4.11,,0.16,,0.39,
1962-07,4.48,,4.52,,4.20,,4.13,,0.28,,0.39,
1962-08,4.16,,4.49,,3.94,,4.08,,0.22,,0.41,
1962-09,4.36,,4.63,,3.88,,4.12,,0.47,,0.51,
1962-10,4.73,,4.31,,4.28,,3.94,,0.44,,0.37,
1962-11,4.59,,4.51,,4.44,,4.24,,0.15,,0.27,
1962-12,4.80,,4.85,,4.44,,4.68,,0.36,,0.17,
1963-01,3.85,,3.96,,3.75,,3.89,,0.10,,0.07,
1963-02,4.01,,4.35,,3.75,,4.12,,0.26,,0.23,
1963-03,5.05,,4.74,,4.66,,4.55,,0.39,,0.19,
1963-04,4.87,,4.87,,4.42,,4.44,,0.45,,0.43,
1963-05,5.25,,4.86,,4.64,,4.41,,0.61,,0.45,
1963-06,4.40,,4.96,,4.27,,4.55,,0.13,,0.41,
1963-07,5.00,,4.83,,4.67,,4.43,,0.33,,0.40,
1963-08,4.75,,5.31,,4.22,,4.49,,0.53,,0.82,
1963-09,4.89,,5.04,,4.49,,4.60,,0.40,,0.44,
1963-10,5.50,,4.98,,4.66,,4.30,,0.84,,0.68,
1963-11,5.30,,5.41,,4.39,,4.35,,0.91,,1.06,
1963-12,5.45,,5.30,,4.36,,4.46,,1.09,,0.84,
1964-01,4.96,,5.19,,4.31,,4.47,,0.65,,0.72,
1964-02,5.16,,5.56,,4.23,,4.63,,0.92,,0.93,
1964-03,5.45,,5.32,,4.63,,4.67,,0.81,,0.65,
1964-04,5.69,,5.34,,4.92,,4.63,,0.77,,0.71,
1964-05,5.13,,5.46,,4.39,,4.75,,0.74,,0.71,
1964-06,5.40,,5.31,,4.93,,4.64,,0.47,,0.67,
1964-07,5.47,,5.28,,5.24,,4.99,,0.23,,0.29,
1964-08,4.69,,5.40,,4.56,,5.02,,0.13,,0.38,
1964-09,5.32,,5.28,,4.98,,4.96,,0.33,,0.32,
1964-10,5.95,,5.56,,5.48,,5.22,,0.47,,0.34,
1964-11,5.56,,5.54,,5.47,,5.32,,0.09,,0.22,
1964-12,6.15,,5.58,,5.68,,5.43,,0.47,,0.15,
1965-01,5.46,,6.16,,5.33,,5.90,,0.13,,0.26,
1965-02,5.41,,5.76,,4.99,,5.39,,0.43,,0.37,
1965-03,6.51,,5.79,,5.97,,5.51,,0.54,,0.28,
1965-04,5.59,,5.59,,5.58,,5.56,,0.00,,0.03,
1965-05,6.18,,5.94,,5.92,,5.81,,0.26,,0.13,
1965-06,5.63,,5.71,,5.94,,5.77,,-0.31,,-0.06,
1965-07,6.14,,6.12,,6.04,,5.94,,0.10,,0.18,
1965-08,5.19,,5.76,,5.50,,5.86,,-0.31,,-0.10,
1965-09,5.92,,5.90,,6.17,,6.17,,-0.25,,-0.27,
1965-10,6.33,,6.14,,6.26,,6.12,,0.07,,0.02,
1965-11,6.23,,6.15,,6.34,,6.11,,-0.11,,0.04,
1965-12,7.07,,6.19,,6.42,,5.96,,0.65,,0.23,
1966-01,5.97,,6.50,,5.78,,6.16,,0.19,,0.34,
1966-02,5.96,,6.42,,5.59,,6.11,,0.37,,0.31,
1966-03,7.03,,6.15,,6.74,,6.15,,0.29,,0.00,
1966-04,6.24,,6.48,,5.91,,6.09,,0.33,,0.39,
1966-05,6.81,,6.57,,6.17,,6.05,,0.64,,0.52,
1966-06,6.58,,6.64,,6.18,,5.96,,0.40,,0.68,
1966-07,6.83,,7.03,,5.91,,6.05,,0.92,,0.98,
1966-08,6.15,,6.63,,5.79,,6.00,,0.36,,0.63,
1966-09,6.91,,6.89,,5.93,,5.93,,0.98,,0.96,
1966-10,7.23,,6.98,,6.43,,6.29,,0.81,,0.69,
1966-11,6.88,,6.82,,6.12,,5.92,,0.76,,0.90,
1966-12,8.05,,7.03,,6.13,,5.71,,1.92,,1.32,
1967-01,7.00,,7.37,,5.57,,5.73,,1.43,,1.64,
1967-02,6.52,,7.00,,5.11,,5.55,,1.41,,1.45,
1967-03,7.26,,6.85,,5.77,,5.59,,1.49,,1.26,
1967-04,7.47,,7.49,,5.62,,5.58,,1.84,,1.91,
1967-05,6.90,,6.85,,5.61,,5.65,,1.28,,1.20,
1967-06,7.53,,7.14,,6.23,,5.69,,1.31,,1.45,
1967-07,6.91,,7.10,,5.61,,5.75,,1.30,,1.35,
1967-08,6.62,,7.16,,5.63,,5.87,,0.99,,1.29,
1967-09,7.16,,7.41,,5.66,,5.88,,1.51,,1.53,
1967-10,7.95,,7.39,,6.32,,5.98,,1.64,,1.41,
1967-11,7.62,,7.58,,6.45,,6.26,,1.17,,1.32,
1967-12,8.10,,7.58,,6.61,,6.59,,1.49,,0.99,
1968-01,7.48,,7.81,,6.21,,6.29,,1.27,,1.52,
1968-02,7.45,,7.66,,6.15,,6.43,,1.30,,1.23,
1968-03,8.41,,7.97,,6.63,,6.41,,1.78,,1.56,
1968-04,7.70,,7.70,,6.60,,6.52,,1.10,,1.18,
1968-05,8.06,,7.52,,6.76,,6.40,,1.30,,1.12,
1968-06,7.08,,7.97,,6.05,,6.49,,1.03,,1.48,
1968-07,8.74,,8.33,,7.34,,7.04,,1.40,,1.29,
1968-08,7.71,,8.64,,6.47,,7.05,,1.24,,1.59,
1968-09,8.23,,8.51,,6.71,,6.97,,1.52,,1.54,
1968-10,9.56,,8.57,,7.84,,7.15,,1.72,,1.42,
1968-11,9.24,,9.55,,7.20,,7.24,,2.04,,2.31,
1968-12,9.91,,9.67,,7.22,,7.49,,2.69,,2.18,
1969-01,7.88,,8.32,,7.77,,7.95,,0.11,,0.37,
1969-02,7.91,,8.37,,6.85,,7.37,,1.06,,1.00,
1969-03,9.81,,9.29,,8.22,,7.94,,1.60,,1.35,
1969-04,9.63,,9.61,,8.31,,8.19,,1.31,,1.42,
1969-05,9.53,,9.55,,8.10,,8.18,,1.43,,1.37,
1969-06,9.35,,9.77,,8.18,,8.20,,1.17,,1.57,
1969-07,10.24,,9.79,,8.58,,8.26,,1.65,,1.53,
1969-08,8.48,,9.87,,7.47,,8.43,,1.01,,1.44,
1969-09,9.83,,9.80,,8.51,,8.57,,1.32,,1.23,
1969-10,10.97,,9.81,,9.52,,8.68,,1.45,,1.13,
1969-11,9.60,,10.04,,8.15,,8.27,,1.45,,1.77,
1969-12,10.33,,9.75,,8.32,,8.38,,2.01,,1.37,
1970-01,8.74,,9.57,,8.60,,9.06,,0.13,,0.51,
1970-02,9.41,,9.93,,8.10,,8.66,,1.31,,1.27,
1970-03,10.56,,10.39,,9.06,,9.04,,1.51,,1.35,
1970-04,10.77,,10.02,,9.64,,8.91,,1.12,,1.11,
1970-05,9.72,,10.44,,8.61,,9.27,,1.11,,1.17,
1970-06,10.70,,10.50,,9.57,,9.01,,1.13,,1.49,
1970-07,11.26,,10.76,,9.29,,8.98,,1.96,,1.78,
1970-08,9.02,,10.43,,8.07,,9.07,,0.95,,1.36,
1970-09,10.56,,10.50,,9.21,,9.29,,1.35,,1.21,
1970-10,11.55,,10.72,,9.84,,9.27,,1.71,,1.45,
1970-11,10.41,,10.49,,9.74,,9.58,,0.67,,0.91,
1970-12,12.58,,11.49,,9.88,,9.62,,2.70,,1.87,
1971-01,9.53,,10.86,,8.70,,9.48,,0.83,,1.38,
1971-02,10.72,,11.29,,9.78,,10.40,,0.94,,0.89,
1971-03,12.90,,11.41,,11.00,,9.90,,1.90,,1.51,
1971-04,11.33,,11.24,,10.26,,10.09,,1.07,,1.15,
1971-05,10.93,,10.99,,9.70,,9.77,,1.23,,1.22,
1971-06,11.49,,11.58,,10.55,,10.19,,0.93,,1.39,
1971-07,11.81,,11.70,,10.41,,10.45,,1.40,,1.25,
1971-08,10.32,,11.48,,8.99,,9.77,,1.33,,1.71,
1971-09,11.71,,11.65,,9.78,,9.90,,1.93,,1.75,
1971-10,11.81,,11.40,,10.28,,10.02,,1.53,,1.38,
1971-11,11.05,,10.97,,10.11,,9.88,,0.94,,1.09,
1971-12,12.42,,11.01,,10.55,,9.93,,1.87,,1.08,
1972-01,10.39,,11.47,,9.32,,9.84,,1.07,,1.63,
1972-02,11.89,,12.03,,10.13,,10.36,,1.76,,1.67,
1972-03,12.92,,11.78,,11.24,,10.46,,1.68,,1.32,
1972-04,11.70,,11.99,,10.34,,10.48,,1.36,,1.51,
1972-05,12.50,,12.13,,11.17,,10.91,,1.32,,1.22,
1972-06,12.44,,12.09,,11.20,,10.48,,1.24,,1.61,
1972-07,11.64,,12.03,,10.02,,10.40,,1.63,,1.63,
1972-08,11.38,,12.35,,10.04,,10.65,,1.34,,1.70,
1972-09,12.11,,12.50,,10.49,,11.01,,1.62,,1.49,
1972-10,14.43,,13.42,,11.79,,11.11,,2.63,,2.31,
1972-11,13.37,,13.22,,11.67,,11.41,,1.71,,1.81,
1972-12,14.24,,13.61,,11.33,,11.37,,2.91,,2.24,
1973-01,13.31,,14.05,,11.71,,11.85,,1.61,,2.20,
1973-02,13.74,,14.18,,11.80,,12.28,,1.94,,1.90,
1973-03,14.69,,13.58,,12.35,,11.64,,2.34,,1.94,
1973-04,14.18,,14.51,,11.61,,11.73,,2.57,,2.78,
1973-05,15.81,,14.83,,13.04,,12.37,,2.77,,2.46,
1973-06,13.64,,14.18,,12.02,,12.00,,1.62,,2.18,
1973-07,14.51,,14.53,,11.58,,11.62,,2.93,,2.91,
1973-08,14.02,,15.25,,10.80,,11.46,,3.22,,3.79,
1973-09,14.91,,15.98,,11.13,,12.11,,3.78,,3.87,
1973-10,17.92,,16.06,,13.96,,12.75,,3.96,,3.31,
1973-11,16.61,,16.43,,13.39,,13.09,,3.22,,3.34,
1973-12,15.06,,15.52,,12.03,,12.89,,3.03,,2.63,
1974-01,17.52,,18.46,,13.95,,14.12,,3.56,,4.34,
1974-02,17.44,,18.27,,12.37,,13.01,,5.07,,5.26,
1974-03,19.73,,18.66,,15.09,,14.52,,4.64,,4.14,
1974-04,19.36,,19.02,,14.77,,14.45,,4.59,,4.57,
1974-05,20.97,,19.73,,16.08,,15.28,,4.89,,4.45,
1974-06,16.86,,18.81,,14.34,,15.39,,2.52,,3.42,
1974-07,20.41,,19.83,,15.95,,15.45,,4.46,,4.38,
1974-08,18.22,,20.49,,15.05,,16.47,,3.16,,4.02,
1974-09,18.84,,19.52,,14.74,,15.52,,4.10,,4.00,
1974-10,21.41,,19.18,,16.77,,15.40,,4.64,,3.78,
1974-11,19.66,,20.08,,15.74,,15.89,,3.93,,4.19,
1974-12,20.16,,19.90,,14.87,,15.35,,5.29,,4.55,
1975-01,17.40,,18.49,,13.79,,14.11,,3.61,,4.38,
1975-02,17.75,,18.60,,14.25,,14.91,,3.49,,3.69,
1975-03,17.54,,17.89,,14.09,,14.53,,3.45,,3.36,
1975-04,19.69,,18.03,,16.88,,15.46,,2.81,,2.57,
1975-05,17.50,,18.20,,14.24,,14.86,,3.26,,3.34,
1975-06,18.55,,18.62,,15.40,,15.00,,3.14,,3.62,
1975-07,19.06,,18.58,,15.34,,14.84,,3.72,,3.74,
1975-08,15.47,,18.03,,13.73,,15.59,,1.74,,2.44,
1975-09,18.50,,18.52,,15.68,,15.98,,2.82,,2.54,
1975-10,20.50,,18.36,,17.64,,16.25,,2.86,,2.11,
1975-11,19.08,,19.64,,15.93,,16.22,,3.15,,3.42,
1975-12,20.58,,19.71,,17.35,,17.29,,3.23,,2.42,
1976-01,18.48,,20.30,,16.00,,16.96,,2.48,,3.34,
1976-02,19.16,,19.79,,16.98,,17.48,,2.18,,2.31,
1976-03,22.95,,20.50,,18.99,,17.30,,3.97,,3.20,
1976-04,20.94,,20.44,,18.63,,18.23,,2.31,,2.21,
1976-05,21.35,,20.87,,18.08,,17.78,,3.27,,3.09,
1976-06,20.63,,20.66,,18.61,,18.17,,2.02,,2.49,
1976-07,21.37,,21.64,,18.79,,18.75,,2.58,,2.89,
1976-08,19.27,,21.61,,18.08,,19.68,,1.20,,1.93,
1976-09,23.10,,23.12,,18.42,,18.78,,4.68,,4.34,
1976-10,22.89,,22.00,,19.33,,19.09,,3.57,,2.91,
1976-11,22.21,,21.69,,19.24,,18.76,,2.97,,2.93,
1976-12,24.30,,21.89,,21.04,,19.63,,3.25,,2.26,
1977-01,19.79,,21.70,,17.81,,18.81,,1.98,,2.89,
1977-02,20.99,,21.98,,18.27,,19.05,,2.73,,2.93,
1977-03,25.83,,22.70,,21.64,,19.43,,4.20,,3.27,
1977-04,21.92,,22.16,,18.98,,19.23,,2.93,,2.93,
1977-05,22.76,,22.31,,19.13,,18.85,,3.63,,3.46,
1977-06,23.34,,23.17,,20.44,,19.88,,2.90,,3.29,
1977-07,21.17,,22.26,,19.43,,20.05,,1.75,,2.21,
1977-08,20.94,,22.85,,18.40,,19.49,,2.53,,3.36,
1977-09,23.22,,23.18,,19.54,,19.90,,3.68,,3.28,
1977-10,24.73,,23.79,,19.93,,19.72,,4.81,,4.07,
1977-11,23.48,,22.81,,20.40,,19.90,,3.08,,2.91,
1977-12,25.44,,22.99,,21.21,,19.81,,4.22,,3.18,
1978-01,21.50,,22.79,,19.38,,19.76,,2.12,,3.03,
1978-02,21.54,,22.61,,18.71,,19.47,,2.83,,3.14,
1978-03,24.60,,23.15,,20.36,,19.48,,4.24,,3.67,
1978-04,23.92,,23.33,,20.67,,20.21,,3.25,,3.12,
1978-05,22.48,,22.75,,19.44,,19.74,,3.04,,3.01,
1978-06,25.62,,23.81,,21.66,,19.92,,3.97,,3.89,
1978-07,21.40,,22.54,,19.66,,20.27,,1.74,,2.27,
1978-08,21.94,,24.10,,18.83,,20.01,,3.12,,4.09,
1978-09,24.82,,25.59,,20.10,,21.09,,4.72,,4.50,
1978-10,26.67,,24.78,,21.87,,20.93,,4.80,,3.85,
1978-11,25.39,,24.58,,21.84,,21.30,,3.55,,3.28,
1978-12,25.02,,24.46,,21.19,,21.15,,3.83,,3.31,
1979-01,22.97,,24.05,,21.04,,21.23,,1.93,,2.82,
1979-02,23.22,,24.31,,20.82,,21.66,,2.40,,2.65,
1979-03,28.10,,25.37,,24.59,,22.68,,3.51,,2.69,
1979-04,25.87,,26.12,,22.60,,22.79,,3.27,,3.33,
1979-05,26.99,,25.70,,24.99,,23.98,,2.00,,1.72,
1979-06,25.79,,26.33,,24.03,,24.29,,1.75,,2.04,
1979-07,26.51,,27.03,,25.90,,25.77,,0.61,,1.26,
1979-08,24.70,,27.30,,23.72,,25.28,,0.98,,2.02,
1979-09,25.15,,26.68,,23.27,,25.19,,1.88,,1.49,
1979-10,29.95,,26.88,,28.15,,26.16,,1.80,,0.72,
1979-11,28.70,,27.75,,27.20,,26.53,,1.51,,1.22,
1979-12,26.52,,28.13,,25.73,,27.54,,0.79,,0.59,
1980-01,27.95,,29.30,,27.63,,27.79,,0.32,,1.51,
1980-02,29.56,,29.84,,29.14,,29.26,,0.42,,0.58,
1980-03,31.28,,29.18,,29.29,,27.98,,1.99,,1.20,
1980-04,30.13,,29.40,,29.04,,28.35,,1.10,,1.05,
1980-05,28.90,,29.56,,28.61,,29.41,,0.29,,0.15,
1980-06,28.49,,29.02,,28.21,,28.59,,0.27,,0.43,
1980-07,29.28,,28.89,,29.18,,28.04,,0.10,,0.85,
1980-08,24.20,,28.83,,24.36,,27.83,,-0.17,,1.00,
1980-09,29.43,,28.94,,27.87,,28.06,,1.56,,0.88,
1980-10,32.02,,28.72,,30.34,,28.21,,1.67,,0.51,
1980-11,28.81,,29.18,,28.43,,28.97,,0.38,,0.21,
1980-12,30.27,,29.85,,29.26,,29.28,,1.01,,0.57,
1981-01,27.26,,29.85,,28.19,,29.51,,-0.93,,0.34,
1981-02,30.15,,31.05,,29.28,,29.96,,0.87,,1.09,
1981-03,33.75,,30.82,,33.92,,31.66,,-0.17,,-0.84,
1981-04,33.55,,32.77,,30.27,,29.58,,3.28,,3.19,
1981-05,31.23,,31.96,,29.69,,30.57,,1.54,,1.39,
1981-06,32.36,,33.07,,30.62,,31.16,,1.74,,1.91,
1981-07,36.25,,35.67,,32.59,,31.33,,3.67,,4.34,
1981-08,28.14,,33.24,,28.19,,32.08,,-0.06,,1.16,
1981-09,34.40,,33.75,,30.92,,31.01,,3.48,,2.74,
1981-10,37.74,,35.08,,32.46,,31.16,,5.28,,3.92,
1981-11,36.12,,35.38,,32.24,,31.88,,3.88,,3.50,
1981-12,35.95,,34.22,,30.81,,29.93,,5.14,,4.29,
1982-01,31.43,,35.67,,30.29,,32.76,,1.14,,2.91,
1982-02,34.45,,35.93,,30.82,,31.91,,3.62,,4.02,
1982-03,41.74,,36.38,,35.35,,31.41,,6.40,,4.97,
1982-04,36.50,,35.72,,33.05,,32.29,,3.45,,3.43,
1982-05,35.57,,36.42,,30.57,,31.44,,5.00,,4.98,
1982-06,36.20,,35.72,,31.42,,31.00,,4.78,,4.72,
1982-07,34.50,,35.08,,30.74,,30.57,,3.76,,4.51,
1982-08,30.70,,35.13,,27.99,,30.97,,2.71,,4.16,
1982-09,36.15,,35.43,,30.96,,31.01,,5.19,,4.42,
1982-10,35.87,,34.64,,31.88,,31.50,,4.00,,3.14,
1982-11,36.63,,35.49,,31.78,,31.12,,4.85,,4.37,
1982-12,38.01,,34.98,,31.62,,29.76,,6.39,,5.22,
1983-01,32.35,,35.28,,29.64,,30.96,,2.72,,4.32,
1983-02,33.16,,34.50,,29.42,,30.44,,3.74,,4.06,
1983-03,40.08,,34.99,,34.62,,30.63,,5.46,,4.36,
1983-04,33.83,,34.43,,31.13,,31.42,,2.70,,3.01,
1983-05,35.50,,35.08,,31.86,,31.68,,3.64,,3.40,
1983-06,36.78,,36.39,,32.92,,32.54,,3.86,,3.85,
1983-07,33.18,,34.83,,31.02,,32.02,,2.16,,2.81,
1983-08,32.43,,36.17,,29.89,,32.32,,2.54,,3.85,
1983-09,37.80,,37.05,,34.18,,34.22,,3.62,,2.83,
1983-10,37.57,,36.28,,33.40,,32.78,,4.17,,3.50,
1983-11,38.76,,37.53,,35.39,,34.74,,3.37,,2.79,
1983-12,40.83,,37.40,,36.73,,34.59,,4.10,,2.81,
1984-01,36.63,,38.51,,34.63,,35.05,,2.01,,3.46,
1984-02,41.14,,40.75,,36.31,,35.89,,4.83,,4.86,
1984-03,42.34,,38.91,,37.80,,34.98,,4.53,,3.93,
1984-04,38.20,,39.09,,35.67,,35.99,,2.53,,3.10,
1984-05,41.48,,39.61,,36.67,,35.39,,4.81,,4.22,
1984-06,35.41,,36.39,,34.15,,34.97,,1.26,,1.42,
1984-07,39.45,,39.83,,36.48,,36.46,,2.98,,3.37,
1984-08,37.95,,42.27,,34.16,,36.94,,3.79,,5.33,
1984-09,40.56,,42.76,,35.23,,37.74,,5.33,,5.02,
1984-10,47.86,,43.02,,39.04,,35.59,,8.82,,7.43,
1984-11,44.99,,43.60,,38.01,,37.36,,6.98,,6.24,
1984-12,42.21,,44.42,,36.11,,38.94,,6.10,,5.48,
1985-01,42.11,,43.92,,39.55,,40.09,,2.56,,3.83,
1985-02,42.86,,44.96,,38.17,,39.70,,4.69,,5.26,
1985-03,48.88,,46.10,,42.50,,40.18,,6.37,,5.92,
1985-04,45.00,,44.69,,39.50,,38.62,,5.49,,6.07,
1985-05,46.95,,46.29,,39.43,,39.47,,7.52,,6.82,
1985-06,42.13,,45.14,,36.60,,39.05,,5.53,,6.09,
1985-07,47.89,,46.19,,41.11,,39.73,,6.77,,6.46,
1985-08,38.97,,44.92,,35.62,,40.49,,3.36,,4.43,
1985-09,43.90,,45.02,,36.47,,38.25,,7.43,,6.77,
1985-10,49.25,,43.96,,40.59,,36.22,,8.66,,7.74,
1985-11,44.21,,44.58,,37.19,,37.79,,7.02,,6.79,
1985-12,45.02,,45.61,,37.08,,38.42,,7.95,,7.19,
1986-01,43.81,,46.01,,36.73,,37.57,,7.08,,8.44,
1986-02,42.76,,44.91,,35.75,,37.20,,7.01,,7.71,
1986-03,43.73,,44.65,,35.27,,36.09,,8.47,,8.56,
1986-04,49.98,,46.08,,39.89,,35.96,,10.09,,10.12,
1986-05,40.63,,43.10,,32.49,,34.85,,8.13,,8.25,
1986-06,44.40,,44.44,,34.48,,34.33,,9.91,,10.11,
1986-07,45.41,,43.77,,34.48,,33.23,,10.93,,10.54,
1986-08,36.11,,43.20,,27.98,,33.16,,8.13,,10.04,
1986-09,44.41,,43.84,,34.04,,34.49,,10.36,,9.35,
1986-10,48.23,,43.04,,37.53,,33.42,,10.69,,9.62,
1986-11,42.23,,43.10,,32.00,,32.82,,10.24,,10.28,
1986-12,44.66,,43.54,,33.09,,33.07,,11.57,,10.47,
1987-01,37.59,,40.89,,30.43,,32.31,,7.16,,8.58,
1987-02,42.56,,44.02,,32.12,,32.96,,10.44,,11.06,
1987-03,47.04,,43.28,,36.93,,34.17,,10.11,,9.11,
1987-04,44.41,,44.22,,35.24,,34.22,,9.17,,10.00,
1987-05,43.30,,44.59,,32.76,,34.01,,10.54,,10.58,
1987-06,42.11,,43.66,,33.78,,34.80,,8.34,,8.86,
1987-07,45.52,,43.77,,35.62,,34.22,,9.90,,9.55,
1987-08,36.10,,42.71,,29.61,,34.88,,6.49,,7.83,
1987-09,45.78,,45.21,,34.28,,34.88,,11.50,,10.33,
1987-10,48.78,,45.15,,38.67,,35.74,,10.10,,9.41,
1987-11,45.70,,44.85,,34.71,,34.19,,10.99,,10.66,
1987-12,48.48,,45.68,,35.49,,34.17,,12.99,,11.51,
1988-01,36.27,,40.97,,27.78,,30.59,,8.49,,10.38,
1988-02,41.87,,42.28,,33.70,,33.84,,8.16,,8.44,
1988-03,50.01,,43.51,,41.47,,36.44,,8.54,,7.07,
1988-04,43.33,,44.91,,33.83,,34.13,,9.50,,10.78,
1988-05,47.56,,47.17,,37.25,,37.15,,10.31,,10.02,
1988-06,50.31,,50.28,,36.08,,35.90,,14.23,,14.38,
1988-07,47.09,,48.86,,36.02,,37.28,,11.07,,11.58,
1988-08,44.24,,48.44,,34.92,,38.17,,9.32,,10.27,
1988-09,47.52,,46.95,,36.23,,36.93,,11.29,,10.02,
1988-10,53.18,,51.08,,42.60,,40.88,,10.58,,10.20,
1988-11,51.18,,49.65,,38.10,,37.10,,13.08,,12.55,
1988-12,55.10,,50.22,,41.62,,38.61,,13.48,,11.61,
1989-01,50.43,,52.55,,38.60,,39.29,,11.83,,13.26,
1989-02,50.34,,52.90,,39.26,,40.99,,11.08,,11.91,
1989-03,55.15,,51.96,,42.29,,40.16,,12.86,,11.80,
1989-04,53.45,,53.22,,43.58,,42.16,,9.87,,11.06,
1989-05,51.01,,52.34,,40.44,,41.66,,10.58,,10.68,
1989-06,60.78,,56.67,,46.90,,43.76,,13.88,,12.91,
1989-07,51.64,,53.49,,41.04,,42.38,,10.59,,11.11,
1989-08,49.75,,54.24,,38.55,,42.27,,11.20,,11.97,
1989-09,52.95,,54.48,,40.52,,42.97,,12.43,,11.51,
1989-10,57.59,,52.98,,48.00,,44.23,,9.59,,8.75,
1989-11,55.05,,53.41,,44.44,,43.23,,10.62,,10.18,
1989-12,52.89,,52.60,,42.84,,42.94,,10.05,,9.66,
1990-01,55.93,,57.55,,43.09,,43.41,,12.84,,14.14,
1990-02,52.11,,54.89,,41.40,,43.21,,10.72,,11.68,
1990-03,60.97,,55.33,,47.55,,43.44,,13.42,,11.89,
1990-04,52.48,,54.33,,44.82,,44.99,,7.65,,9.34,
1990-05,55.76,,53.35,,43.74,,42.02,,12.02,,11.33,
1990-06,50.54,,52.58,,42.37,,44.13,,8.16,,8.45,
1990-07,56.55,,56.39,,46.60,,46.20,,9.95,,10.19,
1990-08,51.91,,56.33,,44.51,,48.49,,7.41,,7.84,
1990-09,52.68,,56.95,,44.65,,49.48,,8.03,,7.47,
1990-10,62.50,,57.21,,54.14,,49.99,,8.36,,7.22,
1990-11,58.37,,56.19,,55.08,,53.22,,3.29,,2.97,
1990-12,52.25,,56.95,,48.71,,52.87,,3.54,,4.08,
1991-01,57.04,,59.03,,55.61,,55.84,,1.43,,3.19,
1991-02,52.55,,55.82,,49.73,,52.34,,2.82,,3.48,
1991-03,56.19,,55.60,,53.31,,52.87,,2.88,,2.73,
1991-04,54.03,,51.01,,55.08,,51.28,,-1.05,,-0.27,
1991-05,54.55,,56.00,,55.23,,56.76,,-0.68,,-0.76,
1991-06,53.59,,53.59,,53.12,,54.12,,0.47,,-0.53,
1991-07,58.75,,56.17,,58.50,,55.55,,0.25,,0.62,
1991-08,51.67,,58.28,,48.54,,55.17,,3.12,,3.11,
1991-09,53.15,,55.27,,51.51,,54.72,,1.64,,0.55,
1991-10,60.57,,55.37,,58.31,,53.84,,2.26,,1.53,
1991-11,58.15,,58.40,,54.56,,54.86,,3.59,,3.54,
1991-12,55.59,,58.52,,50.43,,52.59,,5.16,,5.93,
1992-01,54.58,,56.90,,54.33,,55.15,,0.24,,1.75,
1992-02,55.03,,57.40,,52.75,,54.59,,2.28,,2.81,
1992-03,63.02,,58.30,,57.97,,53.90,,5.05,,4.40,
1992-04,60.49,,59.54,,58.05,,56.25,,2.44,,3.29,
1992-05,52.16,,54.16,,50.89,,52.87,,1.27,,1.29,
1992-06,51.56,,51.22,,49.51,,49.97,,2.05,,1.25,
1992-07,59.84,,57.13,,58.56,,55.51,,1.28,,1.62,
1992-08,48.73,,56.68,,43.02,,50.79,,5.72,,5.89,
1992-09,55.72,,55.60,,50.08,,50.99,,5.65,,4.61,
1992-10,61.27,,55.94,,55.74,,51.46,,5.53,,4.48,
1992-11,53.63,,52.44,,51.91,,50.70,,1.72,,1.74,
1992-12,55.18,,53.49,,54.75,,52.61,,0.43,,0.88,
1993-01,45.76,,50.15,,43.16,,47.51,,2.60,,2.64,
1993-02,53.65,,55.78,,47.79,,49.48,,5.86,,6.30,
1993-03,56.20,,51.28,,49.89,,45.65,,6.31,,5.63,
1993-04,52.28,,51.46,,49.23,,48.21,,3.05,,3.25,
1993-05,50.53,,51.59,,45.48,,46.37,,5.06,,5.22,
1993-06,53.98,,51.13,,47.31,,45.96,,6.67,,5.17,
1993-07,50.76,,51.14,,47.19,,46.82,,3.58,,4.32,
1993-08,47.61,,52.47,,44.49,,48.41,,3.12,,4.06,
1993-09,52.67,,53.06,,48.04,,47.90,,4.64,,5.16,
1993-10,55.66,,53.43,,48.78,,47.10,,6.89,,6.33,
1993-11,55.24,,53.24,,49.70,,48.99,,5.55,,4.25,
1993-12,57.86,,54.80,,50.87,,48.04,,6.99,,6.76,
1994-01,50.05,,53.61,,44.98,,48.19,,5.08,,5.42,
1994-02,52.59,,54.69,,47.60,,49.33,,4.99,,5.36,
1994-03,61.43,,56.00,,56.10,,51.36,,5.33,,4.64,
1994-04,55.87,,56.68,,49.47,,49.72,,6.40,,6.96,
1994-05,59.22,,58.83,,52.87,,52.65,,6.35,,6.18,
1994-06,62.23,,58.85,,52.59,,50.93,,9.64,,7.92,
1994-07,54.40,,56.27,,50.99,,51.85,,3.41,,4.42,
1994-08,55.74,,59.97,,48.33,,51.48,,7.42,,8.49,
1994-09,58.63,,59.05,,53.27,,53.18,,5.36,,5.87,
1994-10,59.71,,59.14,,53.37,,52.91,,6.34,,6.23,
1994-11,61.11,,58.79,,54.17,,53.37,,6.94,,5.42,
1994-12,63.69,,60.77,,59.20,,56.03,,4.49,,4.74,
1995-01,58.46,,61.10,,50.13,,52.42,,8.34,,8.68,
1995-02,59.62,,61.90,,53.84,,55.78,,5.78,,6.12,
1995-03,66.67,,60.65,,61.76,,56.58,,4.91,,4.07,
1995-04,59.09,,61.63,,52.27,,53.96,,6.81,,7.67,
1995-05,64.25,,62.04,,56.28,,54.67,,7.97,,7.37,
1995-06,65.48,,63.58,,57.71,,57.09,,7.77,,6.49,
1995-07,59.18,,60.96,,54.09,,55.00,,5.09,,5.96,
1995-08,56.88,,61.18,,49.99,,53.36,,6.90,,7.82,
1995-09,63.84,,66.24,,56.19,,57.60,,7.65,,8.64,
1995-10,65.68,,63.17,,57.94,,55.94,,7.74,,7.23,
1995-11,66.96,,62.43,,56.99,,54.59,,9.97,,7.84,
1995-12,63.42,,64.54,,57.05,,56.90,,6.37,,7.64,
1996-01,62.34,,64.82,,57.31,,59.46,,5.04,,5.36,
1996-02,63.19,,63.64,,54.52,,55.15,,8.68,,8.49,
1996-03,65.54,,63.10,,59.31,,57.15,,6.23,,5.95,
1996-04,65.55,,64.58,,57.87,,56.99,,7.68,,7.59,
1996-05,64.84,,64.48,,55.73,,55.43,,9.11,,9.05,
1996-06,63.39,,63.35,,56.94,,57.68,,6.44,,5.67,
1996-07,69.63,,67.40,,59.00,,57.15,,10.63,,10.25,
1996-08,58.74,,64.87,,50.97,,55.76,,7.77,,9.11,
1996-09,64.45,,66.93,,56.48,,57.93,,7.97,,9.00,
1996-10,74.70,,69.73,,63.30,,59.54,,11.40,,10.19,
1996-11,70.54,,67.75,,59.94,,58.64,,10.59,,9.11,
1996-12,66.02,,69.65,,59.04,,60.55,,6.99,,9.10,
1997-01,64.65,,68.26,,60.29,,62.94,,4.36,,5.32,
1997-02,68.07,,70.57,,59.96,,62.31,,8.10,,8.26,
1997-03,70.65,,72.07,,61.64,,62.43,,9.00,,9.64,
1997-04,73.72,,68.65,,64.01,,59.99,,9.71,,8.66,
1997-05,70.80,,74.07,,62.38,,64.68,,8.42,,9.39,
1997-06,77.62,,73.81,,65.77,,63.64,,11.85,,10.17,
1997-07,78.91,,76.02,,68.00,,66.01,,10.90,,10.01,
1997-08,66.15,,75.01,,58.65,,65.70,,7.50,,9.31,
1997-09,79.13,,79.68,,65.62,,65.62,,13.50,,14.06,
1997-10,81.91,,76.47,,72.11,,67.71,,9.79,,8.76,
1997-11,79.31,,77.04,,67.92,,66.73,,11.39,,10.31,
1997-12,77.71,,79.86,,65.79,,66.01,,11.92,,13.85,
1998-01,73.87,,80.21,,68.67,,73.66,,5.20,,6.55,
1998-02,77.18,,79.90,,66.03,,68.73,,11.15,,11.17,
1998-03,83.68,,78.14,,71.61,,67.42,,12.07,,10.72,
1998-04,83.89,,82.79,,73.52,,72.58,,10.37,,10.21,
1998-05,77.62,,79.68,,64.25,,65.70,,13.36,,13.98,
1998-06,82.89,,80.52,,72.28,,71.02,,10.61,,9.50,
1998-07,85.67,,82.46,,72.37,,70.43,,13.30,,12.03,
1998-08,69.67,,78.17,,61.84,,68.79,,7.83,,9.38,
1998-09,77.41,,77.86,,66.58,,66.44,,10.83,,11.42,
1998-10,84.37,,78.68,,72.65,,67.95,,11.72,,10.73,
1998-11,82.82,,78.17,,67.78,,64.56,,15.04,,13.61,
1998-12,76.11,,76.36,,70.60,,69.35,,5.51,,7.01,
1999-01,35.86,,39.94,,31.69,,34.84,,4.17,,5.10,
1999-02,39.28,,40.61,,33.76,,35.21,,5.52,,5.40,
1999-03,43.75,,39.63,,38.12,,35.07,,5.63,,4.56,
1999-04,41.79,,41.26,,36.16,,35.69,,5.63,,5.57,
1999-05,39.93,,41.03,,36.68,,37.53,,3.25,,3.50,
1999-06,44.80,,42.38,,37.99,,36.38,,6.81,,6.00,
1999-07,44.47,,43.89,,37.36,,37.34,,7.10,,6.55,
1999-08,38.75,,42.15,,35.73,,38.67,,3.02,,3.48,
1999-09,42.95,,43.11,,37.41,,37.34,,5.55,,5.77,
1999-10,44.68,,42.94,,39.04,,37.39,,5.64,,5.55,
1999-11,49.06,,45.86,,41.25,,38.65,,7.81,,7.21,
1999-12,44.68,,43.77,,39.60,,38.07,,5.08,,5.70,
2000-01,42.04,,45.41,,38.92,,41.51,,3.12,,3.90,
2000-02,46.44,,46.17,,39.32,,39.68,,7.12,,6.49,
2000-03,52.16,,47.79,,46.03,,43.06,,6.13,,4.73,
2000-04,45.26,,47.41,,39.97,,41.62,,5.30,,5.79,
2000-05,52.19,,49.16,,47.69,,45.17,,4.50,,3.99,
2000-06,49.61,,49.86,,43.00,,43.59,,6.61,,6.27,
2000-07,49.80,,50.49,,43.85,,45.05,,5.94,,5.44,
2000-08,47.22,,49.76,,44.30,,46.66,,2.92,,3.10,
2000-09,48.99,,50.50,,44.74,,45.77,,4.25,,4.73,
2000-10,56.82,,54.83,,50.02,,47.95,,6.79,,6.88,
2000-11,56.86,,53.24,,52.09,,48.43,,4.76,,4.81,
2000-12,50.05,,52.30,,48.37,,49.23,,1.68,,3.07,
2001-01,51.88,,53.58,,46.22,,47.42,,5.66,,6.16,
2001-02,52.09,,54.10,,44.91,,47.15,,7.17,,6.95,
2001-03,56.13,,52.36,,46.42,,44.37,,9.71,,7.99,
2001-04,52.86,,53.94,,46.70,,47.35,,6.17,,6.59,
2001-05,54.66,,52.99,,46.45,,45.10,,8.21,,7.89,
2001-06,53.69,,54.05,,45.96,,46.69,,7.73,,7.36,
2001-07,55.37,,54.38,,45.92,,45.98,,9.44,,8.40,
2001-08,51.63,,54.28,,42.59,,44.79,,9.04,,9.49,
2001-09,49.64,,52.54,,42.57,,44.67,,7.07,,7.87,
2001-10,57.25,,53.69,,47.59,,44.36,,9.66,,9.33,
2001-11,54.87,,51.49,,47.52,,43.90,,7.35,,7.59,
2001-12,48.22,,53.77,,39.93,,42.94,,8.29,,10.83,
2002-01,50.33,,51.49,,39.81,,40.77,,10.53,,10.72,
2002-02,51.82,,54.02,,41.26,,43.42,,10.56,,10.60,
2002-03,54.56,,54.07,,42.32,,42.83,,12.24,,11.24,
2002-04,56.03,,54.07,,46.01,,44.30,,10.02,,9.77,
2002-05,50.48,,51.49,,40.07,,40.58,,10.41,,10.91,
2002-06,56.66,,55.95,,45.37,,45.36,,11.30,,10.59,
2002-07,55.85,,53.21,,42.63,,41.66,,13.22,,11.55,
2002-08,51.75,,55.99,,41.27,,44.45,,10.48,,11.54,
2002-09,55.19,,56.47,,43.35,,44.18,,11.84,,12.29,
2002-10,58.90,,55.28,,47.37,,44.08,,11.53,,11.20,
2002-11,58.89,,57.05,,46.61,,44.03,,12.28,,13.02,
2002-12,50.85,,55.34,,42.46,,44.61,,8.38,,10.73,
2003-01,53.56,,54.70,,44.29,,45.87,,9.27,,8.83,
2003-02,53.98,,55.40,,43.31,,45.00,,10.67,,10.40,
2003-03,55.98,,54.25,,46.08,,45.69,,9.90,,8.56,
2003-04,53.88,,53.41,,44.77,,44.22,,9.11,,9.19,
2003-05,54.49,,54.48,,44.09,,43.82,,10.40,,10.66,
2003-06,54.28,,54.73,,43.95,,44.66,,10.33,,10.07,
2003-07,57.98,,55.65,,44.13,,43.30,,13.84,,12.35,
2003-08,49.87,,55.89,,39.70,,43.97,,10.17,,11.92,
2003-09,58.47,,57.94,,44.05,,43.77,,14.42,,14.17,
2003-10,58.41,,54.81,,47.42,,44.18,,11.00,,10.63,
2003-11,58.86,,57.52,,48.63,,46.25,,10.23,,11.27,
2003-12,54.71,,58.22,,44.12,,45.18,,10.58,,13.04,
2004-01,55.48,,58.00,,42.98,,45.67,,12.50,,12.33,
2004-02,56.53,,58.69,,44.26,,46.44,,12.27,,12.25,
2004-03,64.80,,58.78,,48.21,,45.26,,16.59,,13.52,
2004-04,61.60,,61.12,,47.22,,46.56,,14.37,,14.56,
2004-05,60.51,,62.84,,46.37,,47.20,,14.14,,15.64,
2004-06,62.67,,60.10,,47.88,,46.96,,14.79,,13.14,
2004-07,62.20,,61.38,,48.63,,49.02,,13.57,,12.36,
2004-08,55.95,,60.55,,45.03,,47.84,,10.92,,12.71,
2004-09,61.57,,60.39,,49.62,,49.12,,11.95,,11.27,
2004-10,64.05,,61.64,,51.67,,49.17,,12.39,,12.47,
2004-11,66.47,,62.80,,54.71,,51.24,,11.76,,11.56,
2004-12,59.72,,60.41,,48.87,,48.16,,10.85,,12.25,
2005-01,60.55,,63.60,,47.24,,48.83,,13.31,,14.77,
2005-02,59.76,,61.02,,46.14,,47.58,,13.62,,13.44,
2005-03,65.22,,62.81,,48.95,,48.30,,16.27,,14.51,
2005-04,64.54,,62.51,,52.13,,50.14,,12.41,,12.37,
2005-05,63.60,,65.76,,51.63,,53.68,,11.97,,12.08,
2005-06,68.72,,64.44,,52.42,,50.76,,16.30,,13.68,
2005-07,64.51,,65.68,,50.96,,51.94,,13.55,,13.74,
2005-08,63.26,,66.68,,51.03,,52.55,,12.24,,14.13,
2005-09,69.40,,66.43,,54.49,,53.21,,14.91,,13.22,
2005-10,68.59,,67.62,,56.80,,55.26,,11.79,,12.36,
2005-11,71.52,,68.01,,58.57,,56.30,,12.95,,11.71,
2005-12,66.60,,67.99,,57.72,,57.09,,8.88,,10.90,
2006-01,68.27,,69.80,,55.90,,56.53,,12.37,,13.27,
2006-02,69.97,,71.49,,57.15,,58.94,,12.82,,12.55,
2006-03,76.67,,69.43,,62.29,,58.96,,14.37,,10.47,
2006-04,69.57,,73.68,,58.80,,60.28,,10.77,,13.40,
2006-05,72.30,,71.15,,60.22,,60.48,,12.08,,10.67,
2006-06,73.13,,71.95,,61.11,,61.20,,12.02,,10.75,
2006-07,72.73,,74.14,,60.20,,61.35,,12.53,,12.79,
2006-08,69.09,,72.98,,58.14,,59.89,,10.94,,13.09,
2006-09,79.17,,77.89,,63.93,,63.72,,15.25,,14.17,
2006-10,83.66,,80.18,,66.70,,63.57,,16.96,,16.61,
2006-11,85.06,,80.90,,66.93,,64.34,,18.13,,16.56,
2006-12,73.42,,79.49,,62.62,,64.90,,10.80,,14.59,
2007-01,77.08,,78.09,,60.90,,61.17,,16.18,,16.92,
2007-02,77.30,,78.95,,63.35,,65.24,,13.95,,13.71,
2007-03,83.51,,77.56,,65.40,,62.92,,18.11,,14.64,
2007-04,78.45,,80.83,,63.63,,64.07,,14.82,,16.76,
2007-05,78.57,,79.52,,61.68,,63.10,,16.89,,16.42,
2007-06,81.49,,80.07,,65.02,,64.87,,16.48,,15.20,
2007-07,81.09,,80.42,,63.31,,63.24,,17.78,,17.18,
2007-08,77.40,,81.67,,63.22,,65.26,,14.18,,16.41,
2007-09,81.48,,82.39,,63.26,,64.35,,18.22,,18.04,
2007-10,88.48,,82.40,,69.63,,64.98,,18.85,,17.42,
2007-11,87.38,,83.16,,67.96,,65.34,,19.42,,17.82,
2007-12,73.00,,84.04,,62.53,,67.87,,10.47,,16.17,
2008-01,83.32,,84.62,,66.26,,66.61,,17.06,,18.01,
2008-02,83.52,,82.90,,66.41,,66.92,,17.10,,15.98,
2008-03,82.75,,83.67,,65.99,,67.31,,16.77,,16.36,
2008-04,88.75,,83.94,,69.72,,66.17,,19.04,,17.77,
2008-05,79.73,,82.29,,65.36,,67.66,,14.37,,14.63,
2008-06,87.36,,84.01,,67.60,,66.43,,19.76,,17.58,
2008-07,86.07,,83.00,,71.93,,70.42,,14.14,,12.58,
2008-08,74.86,,83.65,,64.05,,68.85,,10.81,,14.80,
2008-09,86.27,,82.15,,71.00,,69.36,,15.27,,12.79,
2008-10,88.70,,82.65,,72.04,,67.21,,16.67,,15.44,
2008-11,76.09,,75.31,,66.12,,65.31,,9.97,,10.00,
2008-12,66.71,,72.49,,59.37,,62.17,,7.34,,10.32,
2009-01,63.56,,67.36,,56.15,,58.13,,7.40,,9.23,
2009-02,63.79,,65.20,,55.02,,56.51,,8.77,,8.69,
2009-03,70.16,,64.90,,58.76,,56.12,,11.40,,8.78,
2009-04,64.40,,64.58,,54.34,,53.89,,10.07,,10.69,
2009-05,60.65,,63.17,,50.33,,52.24,,10.33,,10.93,
2009-06,66.90,,65.57,,53.17,,52.88,,13.73,,12.69,
2009-07,70.58,,67.97,,54.99,,53.84,,15.59,,14.13,
2009-08,60.09,,66.67,,51.09,,54.80,,9.00,,11.87,
2009-09,70.91,,67.43,,59.41,,58.02,,11.50,,9.41,
2009-10,72.46,,67.34,,59.99,,55.87,,12.47,,11.47,
2009-11,72.29,,69.60,,56.33,,54.48,,15.96,,15.12,
2009-12,67.51,,71.32,,55.03,,56.84,,12.48,,14.48,
2010-01,63.36,,69.36,,55.08,,58.25,,8.28,,11.11,
2010-02,69.99,,71.58,,56.77,,58.24,,13.22,,13.34,
2010-03,85.58,,76.71,,69.34,,64.69,,16.24,,12.02,
2010-04,75.18,,75.43,,62.19,,61.87,,13.00,,13.56,
2010-05,76.19,,79.38,,66.05,,68.40,,10.14,,10.98,
2010-06,85.31,,81.07,,71.20,,69.27,,14.11,,11.80,
2010-07,81.35,,80.65,,68.38,,68.33,,12.97,,12.32,
2010-08,74.39,,79.97,,64.94,,68.12,,9.46,,11.85,
2010-09,85.97,,81.59,,69.50,,67.81,,16.47,,13.78,
2010-10,86.00,,82.42,,71.48,,68.08,,14.52,,14.34,
2010-11,87.62,,83.70,,73.74,,70.91,,13.88,,12.79,
2010-12,81.01,,83.21,,68.43,,69.76,,12.58,,13.45,
2011-01,79.31,,84.67,,69.39,,71.75,,9.93,,12.92,
2011-02,84.54,,85.54,,72.45,,73.62,,12.09,,11.92,
2011-03,98.67,,89.23,,79.79,,74.69,,18.89,,14.54,
2011-04,84.51,,87.27,,73.67,,75.03,,10.84,,12.24,
2011-05,92.35,,87.95,,77.52,,75.25,,14.83,,12.70,
2011-06,88.08,,88.69,,75.19,,76.00,,12.89,,12.69,
2011-07,85.57,,87.41,,75.02,,76.46,,10.55,,10.95,
2011-08,85.26,,89.45,,73.52,,76.02,,11.74,,13.43,
2011-09,94.96,,90.02,,77.65,,75.63,,17.31,,14.39,
2011-10,89.05,,88.29,,78.05,,76.17,,11.00,,12.12,
2011-11,94.10,,89.93,,77.99,,74.95,,16.11,,14.98,
2011-12,84.81,,87.03,,72.29,,74.24,,12.52,,12.79,
2012-01,85.92,,89.47,,72.08,,72.89,,13.84,,16.58,
2012-02,91.01,,90.54,,75.22,,75.52,,15.79,,15.02,
2012-03,98.47,,90.35,,80.88,,76.43,,17.59,,13.92,
2012-04,87.01,,89.92,,72.37,,73.85,,14.64,,16.07,
2012-05,92.45,,93.18,,76.46,,77.07,,15.99,,16.11,
2012-06,94.04,,92.06,,75.82,,75.08,,18.21,,16.98,
2012-07,93.10,,92.26,,75.63,,75.51,,17.46,,16.75,
2012-08,89.90,,94.01,,72.90,,75.56,,17.00,,18.45,
2012-09,91.09,,91.61,,74.05,,75.14,,17.04,,16.47,
2012-10,98.08,,91.74,,81.80,,76.65,,16.28,,15.09,
2012-11,93.35,,89.12,,76.20,,73.18,,17.15,,15.94,
2012-12,78.22,,90.73,,65.99,,74.05,,12.23,,16.68,
2013-01,88.12,,90.89,,74.47,,74.57,,13.65,,16.32,
2013-02,87.86,,90.19,,71.32,,73.05,,16.54,,17.14,
2013-03,93.89,,91.25,,75.09,,73.71,,18.80,,17.54,
2013-04,93.52,,90.96,,75.42,,73.94,,18.10,,17.02,
2013-05,87.78,,90.09,,73.96,,75.39,,13.82,,14.70,
2013-06,91.89,,90.80,,74.85,,74.51,,17.04,,16.29,
2013-07,92.63,,89.24,,76.23,,74.53,,16.39,,14.71,
2013-08,84.44,,91.07,,71.17,,75.49,,13.27,,15.58,
2013-09,94.02,,91.73,,73.74,,73.30,,20.28,,18.43,
2013-10,98.53,,92.25,,80.57,,75.50,,17.95,,16.75,
2013-11,93.98,,92.38,,76.01,,74.44,,17.96,,17.94,
2013-12,81.38,,91.89,,67.57,,74.60,,13.81,,17.29,
2014-01,89.69,,93.59,,75.00,,75.70,,14.69,,17.89,
2014-02,91.30,,92.66,,75.30,,76.45,,16.00,,16.21,
2014-03,94.84,,90.40,,78.29,,75.83,,16.55,,14.57,
2014-04,92.85,,92.91,,75.51,,75.56,,17.34,,17.35,
2014-05,91.06,,91.25,,73.63,,73.80,,17.44,,17.45,
2014-06,92.64,,93.58,,76.57,,77.28,,16.07,,16.30,
2014-07,99.97,,96.46,,76.91,,75.23,,23.06,,21.23,
2014-08,83.11,,92.44,,69.57,,75.57,,13.54,,16.87,
2014-09,101.45,,96.04,,79.86,,77.82,,21.59,,18.22,
2014-10,102.86,,96.37,,81.37,,76.26,,21.50,,20.11,
2014-11,94.90,,94.12,,77.51,,76.33,,17.39,,17.79,
2014-12,89.06,,97.78,,70.61,,76.58,,18.45,,21.20,
2015-01,89.70,,96.34,,74.00,,76.09,,15.70,,20.25,
2015-02,95.37,,98.06,,76.17,,77.95,,19.20,,20.11,
2015-03,107.65,,98.34,,84.56,,79.56,,23.09,,18.78,
2015-04,100.13,,100.06,,78.81,,78.88,,21.33,,21.18,
2015-05,95.39,,101.19,,76.30,,79.50,,19.09,,21.69,
2015-06,105.27,,100.27,,81.70,,79.26,,23.57,,21.01,
2015-07,106.73,,103.02,,82.29,,80.40,,24.44,,22.62,
2015-08,87.73,,97.06,,72.71,,78.87,,15.02,,18.19,
2015-09,105.45,,99.87,,83.18,,81.05,,22.27,,18.82,
2015-10,105.83,,98.86,,84.09,,78.74,,21.74,,20.12,
2015-11,102.68,,98.82,,82.18,,79.18,,20.50,,19.64,
2015-12,91.62,,97.68,,73.26,,77.93,,18.36,,19.75,
2016-01,88.74,,98.01,,75.27,,78.89,,13.48,,19.12,
2016-02,98.57,,98.42,,79.45,,79.66,,19.12,,18.76,
2016-03,106.46,,100.12,,81.01,,77.68,,25.46,,22.44,
2016-04,103.94,,100.63,,78.76,,77.16,,25.19,,23.47,
2016-05,96.76,,98.68,,76.27,,77.36,,20.49,,21.32,
2016-06,106.14,,99.12,,82.05,,78.52,,24.09,,20.60,
2016-07,95.83,,98.27,,76.97,,78.30,,18.87,,19.97,
2016-08,95.98,,100.87,,76.63,,80.26,,19.35,,20.61,
2016-09,105.60,,100.05,,81.85,,79.72,,23.75,,20.33,
2016-10,101.05,,100.50,,82.23,,80.52,,18.82,,19.98,
2016-11,107.64,,102.54,,85.66,,81.88,,21.98,,20.66,
2016-12,97.12,,100.40,,78.78,,82.14,,18.34,,18.26,
2017-01,98.77,,103.04,,83.69,,84.09,,15.08,,18.95,
2017-02,102.40,,105.36,,82.15,,84.11,,20.25,,21.25,
2017-03,118.14,,104.61,,92.82,,85.37,,25.32,,19.24,
2017-04,100.79,,106.59,,82.78,,86.20,,18.00,,20.39,
2017-05,110.45,,106.96,,88.43,,86.72,,22.02,,20.24,
2017-06,107.19,,105.43,,84.83,,84.18,,22.36,,21.25,
2017-07,103.13,,105.63,,84.10,,85.50,,19.03,,20.13,
2017-08,102.96,,108.55,,82.70,,86.87,,20.26,,21.68,
2017-09,110.35,,107.80,,86.10,,85.54,,24.24,,22.26,
2017-10,107.98,,107.06,,88.87,,87.05,,19.11,,20.01,
2017-11,116.28,,110.60,,92.44,,88.15,,23.84,,22.45,
2017-12,100.53,,110.40,,82.11,,89.15,,18.42,,21.25,
2018-01,107.09,,110.36,,89.54,,89.26,,17.55,,21.10,
2018-02,104.72,,107.79,,86.11,,88.18,,18.61,,19.61,
2018-03,116.09,,108.97,,91.06,,87.07,,25.03,,21.90,
2018-04,110.34,,109.96,,89.87,,89.73,,20.48,,20.23,
2018-05,109.06,,110.98,,89.04,,90.51,,20.02,,20.47,
2018-06,115.32,,111.26,,93.37,,91.45,,21.95,,19.81,
2018-07,110.96,,110.36,,94.60,,94.16,,16.36,,16.20,
2018-08,105.38,,111.21,,87.75,,92.25,,17.64,,18.96,
2018-09,109.14,,109.88,,90.97,,92.26,,18.17,,17.62,
2018-10,117.26,,110.29,,98.54,,93.15,,18.71,,17.14,
2018-11,116.26,,110.32,,96.11,,91.51,,20.15,,18.81,
2018-12,95.81,,111.63,,81.75,,92.38,,14.05,,19.25,
2019-01,108.90,,112.25,,94.21,,93.76,,14.69,,18.49,
2019-02,108.84,,110.76,,91.09,,92.53,,17.75,,18.23,
2019-03,118.22,,112.14,,95.84,,92.31,,22.38,,19.83,
2019-04,109.98,,109.70,,92.14,,91.94,,17.84,,17.76,
2019-05,114.25,,110.42,,93.50,,91.87,,20.75,,18.55,
2019-06,106.16,,111.10,,89.53,,92.70,,16.63,,18.40,
2019-07,114.97,,110.95,,93.66,,91.31,,21.31,,19.64,
2019-08,101.62,,110.58,,85.12,,91.45,,16.50,,19.13,
2019-09,114.15,,111.58,,92.97,,92.46,,21.18,,19.12,
2019-10,119.76,,112.70,,98.44,,93.10,,21.32,,19.60,
2019-11,113.24,,110.54,,94.71,,91.91,,18.53,,18.63,
2019-12,98.06,,110.67,,82.93,,91.74,,15.13,,18.93,
2020-01,106.63,,111.19,,92.92,,93.20,,13.71,,17.99,
2020-02,109.16,,112.50,,88.88,,91.04,,20.28,,21.46,
2020-03,108.93,,99.01,,91.71,,85.84,,17.22,,13.17,
2020-04,75.73,,75.68,,72.28,,72.14,,3.45,,3.54,
2020-05,80.21,,82.24,,73.26,,75.05,,6.95,,7.19,
2020-06,96.03,,94.77,,80.64,,80.30,,15.39,,14.47,
2020-07,102.33,,98.90,,83.11,,81.00,,19.21,,17.90,
2020-08,91.26,,101.89,,79.40,,86.84,,11.85,,15.05,
2020-09,109.85,,104.29,,89.68,,87.53,,20.18,,16.76,
2020-10,112.19,,104.96,,92.53,,87.20,,19.66,,17.76,
2020-11,111.97,,106.93,,95.28,,91.04,,16.69,,15.89,
2020-12,100.98,,107.30,,85.65,,90.83,,15.33,,16.47,
2021-01,98.38,,109.29,,84.23,,87.95,,14.15,,21.34,
2021-02,107.76,,110.04,,89.87,,91.44,,17.89,,18.60,
2021-03,126.91,,111.86,,106.34,,97.52,,20.57,,14.34,
2021-04,111.89,,112.00,,96.58,,96.34,,15.31,,15.66,
2021-05,109.54,,112.30,,97.05,,99.54,,12.49,,12.76,
2021-06,118.66,,113.72,,102.50,,100.23,,16.16,,13.49,
2021-07,115.08,,114.39,,97.17,,96.65,,17.90,,17.74,
