Date;2947 - Exports (Fob) - Primary products - US$;2974 - Exports (Fob) - Semimanufactured products - US$;3001 - Exports (Fob) - Manufactured products - US$;3546 - International reserves - Total - monthly - US$ (million);3695 - Exchange rate - Free - United States dollar (purchase) - end of period - 3695 - c.m.u./US$;3698 - Exchange rate - Free - United States dollar (sale) - period average - 3698 - c.m.u./US$
01/1953;-;-;-;-;18.3800 ;18.7200
02/1953;-;-;-;-;36.5000 ;38.0000
03/1953;-;-;-;-;41.0000 ;38.2581
04/1953;-;-;-;-;39.0000 ;41.9333
05/1953;-;-;-;-;43.0000 ;40.2581
06/1953;-;-;-;-;43.7000 ;44.0700
07/1953;-;-;-;-;39.9000 ;44.3800
08/1953;-;-;-;-;37.5000 ;40.6677
09/1953;-;-;-;-;37.1000 ;38.4867
10/1953;-;-;-;-;37.1000 ;38.1000
11/1953;-;-;-;-;51.0000 ;38.5967
12/1953;-;-;-;-;54.5000 ;53.0968
01/1954;-;-;-;-;53.0000 ;56.3700
02/1954;-;-;-;-;58.5000 ;54.8929
03/1954;-;-;-;-;56.6000 ;59.9452
04/1954;-;-;-;-;50.5000 ;58.0900
05/1954;-;-;-;-;55.0000 ;52.1452
06/1954;-;-;-;-;56.0000 ;56.5333
07/1954;-;-;-;-;58.5000 ;57.6613
08/1954;-;-;-;-;59.8000 ;60.0419
09/1954;-;-;-;-;61.8000 ;61.3667
10/1954;-;-;-;-;64.0000 ;63.5129
11/1954;-;-;-;-;69.5000 ;65.6833
12/1954;-;-;-;-;72.0000 ;71.1613
01/1955;-;-;-;-;70.0000 ;73.4355
02/1955;-;-;-;-;71.0000 ;71.5357
03/1955;-;-;-;-;73.5000 ;72.5806
04/1955;-;-;-;-;74.0000 ;75.0333
05/1955;-;-;-;-;74.0000 ;75.5000
06/1955;-;-;-;-;73.0000 ;75.4667
07/1955;-;-;-;-;69.5000 ;74.2100
08/1955;-;-;-;-;68.5000 ;71.4677
09/1955;-;-;-;-;65.0000 ;70.3833
10/1955;-;-;-;-;63.0000 ;66.9355
11/1955;-;-;-;-;63.5000 ;65.0167
12/1955;-;-;-;-;64.5000 ;65.5645
01/1956;-;-;-;-;67.0000 ;66.5806
02/1956;-;-;-;-;66.5000 ;68.9828
03/1956;-;-;-;-;68.0000 ;68.6935
04/1956;-;-;-;-;70.0000 ;70.0667
05/1956;-;-;-;-;76.0000 ;72.3871
06/1956;-;-;-;-;76.0000 ;78.0000
07/1956;-;-;-;-;70.0000 ;77.6129
08/1956;-;-;-;-;70.0000 ;72.0000
09/1956;-;-;-;-;65.0000 ;71.5000
10/1956;-;-;-;-;65.0000 ;67.0000
11/1956;-;-;-;-;63.0000 ;66.9333
12/1956;-;-;-;-;63.5000 ;65.0645
01/1957;-;-;-;-;63.5000 ;65.5000
02/1957;-;-;-;-;64.3000 ;65.5286
03/1957;-;-;-;-;63.3000 ;66.2000
04/1957;-;-;-;-;66.5000 ;65.4067
05/1957;-;-;-;-;71.5000 ;68.6613
06/1957;-;-;-;-;69.0000 ;73.2500
07/1957;-;-;-;-;72.0000 ;71.0871
08/1957;-;-;-;-;77.3000 ;74.0419
09/1957;-;-;-;-;80.3000 ;79.1000
10/1957;-;-;-;-;84.3000 ;82.2581
11/1957;-;-;-;-;91.3000 ;86.4900
12/1957;-;-;-;-;88.8000 ;93.2194
01/1958;-;-;-;-;96.3000 ;92.8742
02/1958;-;-;-;-;96.8000 ;99.5679
03/1958;-;-;-;-;106.3000 ;103.2194
04/1958;-;-;-;-;120.3000 ;113.1333
05/1958;-;-;-;-;122.5000 ;130.4258
06/1958;-;-;-;-;130.3000 ;131.0333
07/1958;-;-;-;-;132.3000 ;134.6548
08/1958;-;-;-;-;152.3000 ;138.9290
09/1958;-;-;-;-;154.3000 ;157.6167
10/1958;-;-;-;-;139.8000 ;146.7677
11/1958;-;-;-;-;135.3000 ;141.8833
12/1958;-;-;-;-;137.8000 ;138.2194
01/1959;-;-;-;-;141.3000 ;144.9774
02/1959;-;-;-;-;136.8000 ;142.3321
03/1959;-;-;-;-;137.3000 ;140.0700
04/1959;-;-;-;-;134.8000 ;136.9700
05/1959;-;-;-;-;129.3000 ;134.2300
06/1959;-;-;-;-;143.0000 ;137.9000
07/1959;-;-;-;-;150.0000 ;149.6700
08/1959;-;-;-;-;150.0000 ;153.5000
09/1959;-;-;-;-;150.0000 ;153.5000
10/1959;-;-;-;-;160.0000 ;161.6452
11/1959;-;-;-;-;180.0000 ;177.3000
12/1959;-;-;-;-;180.0000 ;184.1000
01/1960;-;-;-;-;183.0000 ;189.9200
02/1960;-;-;-;-;182.0000 ;186.2500
03/1960;-;-;-;-;182.0000 ;186.0000
04/1960;-;-;-;-;182.0000 ;186.0000
05/1960;-;-;-;-;182.0000 ;186.0000
06/1960;-;-;-;-;182.0000 ;186.0000
07/1960;-;-;-;-;182.0000 ;186.0000
08/1960;-;-;-;-;182.0000 ;186.0000
09/1960;-;-;-;-;182.0000 ;186.0000
10/1960;-;-;-;-;182.0000 ;186.0000
11/1960;-;-;-;-;182.0000 ;186.0000
12/1960;-;-;-;-;190.0000 ;187.4516
01/1961;-;-;-;-;215.0000 ;209.5200
02/1961;-;-;-;-;215.0000 ;220.0000
03/1961;-;-;-;-;266.0000 ;246.6900
04/1961;-;-;-;-;274.0000 ;282.2300
05/1961;-;-;-;-;258.0000 ;270.1000
06/1961;-;-;-;-;256.0000 ;263.1000
07/1961;-;-;-;-;256.0000 ;264.0000
08/1961;-;-;-;-;280.0000 ;270.7400
09/1961;-;-;-;-;292.0000 ;293.3700
10/1961;-;-;-;-;300.0000 ;303.8400
11/1961;-;-;-;-;300.0000 ;307.0000
12/1961;-;-;-;-;300.0000 ;307.0000
01/1962;-;-;-;-;310.0000 ;318.0000
02/1962;-;-;-;-;310.0000 ;318.0000
03/1962;-;-;-;-;310.0000 ;318.0000
04/1962;-;-;-;-;310.0000 ;318.0000
05/1962;-;-;-;-;349.8000 ;334.0000
06/1962;-;-;-;-;355.0000 ;359.0000
07/1962;-;-;-;-;357.0000 ;367.0000
08/1962;-;-;-;-;403.0000 ;392.0000
09/1962;-;-;-;-;460.0000 ;463.0000
10/1962;-;-;-;-;460.0000 ;475.0000
11/1962;-;-;-;-;460.0000 ;475.0000
12/1962;-;-;-;-;460.0000 ;475.0000
01/1963;-;-;-;-;460.0000 ;475.0000
02/1963;-;-;-;-;460.0000 ;475.0000
03/1963;-;-;-;-;460.0000 ;475.0000
04/1963;-;-;-;-;600.0000 ;516.0000
05/1963;-;-;-;-;600.0000 ;620.0000
06/1963;-;-;-;-;600.0000 ;620.0000
07/1963;-;-;-;-;600.0000 ;620.0000
08/1963;-;-;-;-;600.0000 ;620.0000
09/1963;-;-;-;-;600.0000 ;620.0000
10/1963;-;-;-;-;600.0000 ;620.0000
11/1963;-;-;-;-;600.0000 ;620.0000
12/1963;-;-;-;-;600.0000 ;620.0000
01/1964;-;-;-;-;600.0000 ;620.0000
02/1964;-;-;-;-;1,100.0000 ;732.0000
03/1964;-;-;-;-;1,160.0000 ;1,179.0000
04/1964;-;-;-;-;1,160.0000 ;1,200.0000
05/1964;-;-;-;-;1,160.0000 ;1,200.0000
06/1964;-;-;-;-;1,160.0000 ;1,200.0000
07/1964;-;-;-;-;1,160.0000 ;1,200.0000
08/1964;-;-;-;-;1,215.0000 ;1,234.0000
09/1964;-;-;-;-;1,550.0000 ;1,589.0000
10/1964;-;-;-;-;1,550.0000 ;1,610.0000
11/1964;-;-;-;-;1,550.0000 ;1,610.0000
12/1964;-;-;-;-;1,825.0000 ;1,656.0000
01/1965;-;-;-;-;1,825.0000 ;1,850.0000
02/1965;-;-;-;-;1,825.0000 ;1,850.0000
03/1965;-;-;-;-;1,825.0000 ;1,850.0000
04/1965;-;-;-;-;1,825.0000 ;1,850.0000
05/1965;-;-;-;-;1,825.0000 ;1,850.0000
06/1965;-;-;-;-;1,825.0000 ;1,850.0000
07/1965;-;-;-;-;1,825.0000 ;1,850.0000
08/1965;-;-;-;-;1,825.0000 ;1,850.0000
09/1965;-;-;-;-;1,825.0000 ;1,850.0000
10/1965;-;-;-;-;1,825.0000 ;1,850.0000
11/1965;-;-;-;-;2,200.0000 ;2,064.0000
12/1965;-;-;-;-;2,200.0000 ;2,220.0000
01/1966;-;-;-;-;2,200.0000 ;2,220.0000
02/1966;-;-;-;-;2,200.0000 ;2,220.0000
03/1966;-;-;-;-;2,200.0000 ;2,220.0000
04/1966;-;-;-;-;2,200.0000 ;2,220.0000
05/1966;-;-;-;-;2,200.0000 ;2,220.0000
06/1966;-;-;-;-;2,200.0000 ;2,220.0000
07/1966;-;-;-;-;2,200.0000 ;2,220.0000
08/1966;-;-;-;-;2,200.0000 ;2,220.0000
09/1966;-;-;-;-;2,200.0000 ;2,220.0000
10/1966;-;-;-;-;2,200.0000 ;2,220.0000
11/1966;-;-;-;-;2,200.0000 ;2,220.0000
12/1966;-;-;-;-;2,200.0000 ;2,220.0000
01/1967;-;-;-;-;2,200.0000 ;2,220.0000
02/1967;-;-;-;-;2.7000 ;2.5910
03/1967;-;-;-;-;2.7000 ;2.7150
04/1967;-;-;-;-;2.7000 ;2.7150
05/1967;-;-;-;-;2.7000 ;2.7150
06/1967;-;-;-;-;2.7000 ;2.7150
07/1967;-;-;-;-;2.7000 ;2.7150
08/1967;-;-;-;-;2.7000 ;2.7150
09/1967;-;-;-;-;2.7000 ;2.7150
10/1967;-;-;-;-;2.7000 ;2.7150
11/1967;-;-;-;-;2.7000 ;2.7150
12/1967;-;-;-;-;2.7000 ;2.7150
01/1968;-;-;-;-;3.2000 ;3.2200
02/1968;-;-;-;-;3.2000 ;3.2200
03/1968;-;-;-;-;3.2000 ;3.2200
04/1968;-;-;-;-;3.2000 ;3.2200
05/1968;-;-;-;-;3.2000 ;3.2200
06/1968;-;-;-;-;3.2000 ;3.2200
07/1968;-;-;-;-;3.2000 ;3.2200
08/1968;-;-;-;-;3.6300 ;3.3000
09/1968;-;-;-;-;3.6800 ;3.6610
10/1968;-;-;-;-;3.6800 ;3.7000
11/1968;-;-;-;-;3.7500 ;3.7320
12/1968;-;-;-;-;3.8100 ;3.8180
01/1969;-;-;-;-;3.8100 ;3.8300
02/1969;-;-;-;-;3.9100 ;3.9050
03/1969;-;-;-;-;3.9800 ;3.9660
04/1969;-;-;-;-;3.9800 ;4.0000
05/1969;-;-;-;-;4.0300 ;4.0260
06/1969;-;-;-;-;4.0300 ;4.0500
07/1969;-;-;-;-;4.0800 ;4.0910
08/1969;-;-;-;-;4.1300 ;4.1070
09/1969;-;-;-;-;4.1300 ;4.1500
10/1969;-;-;-;-;4.1900 ;4.2050
11/1969;-;-;-;-;4.2800 ;4.2540
12/1969;-;-;-;-;4.3300 ;4.3130
01/1970;-;-;-;-;4.3300 ;4.3500
02/1970;-;-;-;-;4.3800 ;4.4030
03/1970;-;-;-;-;4.4600 ;4.4200
04/1970;-;-;-;-;4.4600 ;4.4900
05/1970;-;-;-;-;4.5300 ;4.5200
06/1970;-;-;-;-;4.5300 ;4.5600
07/1970;-;-;-;-;4.6200 ;4.6090
08/1970;-;-;-;-;4.6200 ;4.6500
09/1970;-;-;-;-;4.6900 ;4.6800
10/1970;-;-;-;-;4.6900 ;4.7200
11/1970;-;-;-;-;4.8300 ;4.8300
12/1970;-;-;-;1,187 ;4.9200 ;4.8900
01/1971;-;-;-;1,229 ;4.9200 ;4.9500
02/1971;-;-;-;1,280 ;5.0000 ;5.0000
03/1971;-;-;-;1,316 ;5.0800 ;5.0580
04/1971;-;-;-;1,379 ;5.0800 ;5.1100
05/1971;-;-;-;1,366 ;5.1600 ;5.1950
06/1971;-;-;-;1,436 ;5.2500 ;5.2550
07/1971;-;-;-;1,458 ;5.2500 ;5.2850
08/1971;-;-;-;1,454 ;5.3700 ;5.3880
09/1971;-;-;-;1,582 ;5.4700 ;5.4730
10/1971;-;-;-;1,576 ;5.4700 ;5.5050
11/1971;-;-;-;1,642 ;5.6000 ;5.5970
12/1971;-;-;-;1,723 ;5.6000 ;5.6350
01/1972;-;-;-;1,796 ;5.7500 ;5.6510
02/1972;-;-;-;1,918 ;5.7500 ;5.7850
03/1972;-;-;-;2,049 ;5.8100 ;5.8130
04/1972;-;-;-;2,213 ;5.8100 ;5.8450
05/1972;-;-;-;2,439 ;5.8800 ;5.9020
06/1972;-;-;-;2,486 ;5.8800 ;5.9150
07/1972;-;-;-;2,689 ;5.9300 ;5.9430
08/1972;-;-;-;3,011 ;5.9300 ;5.9650
09/1972;-;-;-;3,348 ;5.9900 ;6.0190
10/1972;-;-;-;3,581 ;6.0600 ;6.0600
11/1972;-;-;-;3,917 ;6.1300 ;6.1200
12/1972;-;-;-;4,183 ;6.1800 ;6.1900
01/1973;-;-;-;4,304 ;6.1800 ;6.2150
02/1973;-;-;-;4,456 ;6.0000 ;6.1080
03/1973;-;-;-;4,920 ;6.0000 ;6.0300
04/1973;-;-;-;5,143 ;6.0600 ;6.0480
05/1973;-;-;-;5,544 ;6.0600 ;6.1000
06/1973;-;-;-;5,981 ;6.0600 ;6.1000
07/1973;-;-;-;6,128 ;6.0900 ;6.1230
08/1973;-;-;-;6,253 ;6.0900 ;6.1300
09/1973;-;-;-;6,463 ;6.1200 ;6.1410
10/1973;-;-;-;6,490 ;6.1200 ;6.1600
11/1973;-;-;-;6,541 ;6.1200 ;6.1600
12/1973;-;-;-;6,416 ;6.1800 ;6.1940
01/1974;-;-;-;5,909 ;6.1800 ;6.2200
02/1974;-;-;-;6,098 ;6.4200 ;6.3720
03/1974;-;-;-;6,536 ;6.4200 ;6.4550
04/1974;-;-;-;6,528 ;6.3000 ;6.5100
05/1974;-;-;-;6,338 ;6.3000 ;6.3400
06/1974;-;-;-;6,516 ;6.7800 ;6.6950
07/1974;-;-;-;6,260 ;6.8500 ;6.8670
08/1974;-;-;-;6,182 ;6.9800 ;6.9590
09/1974;-;-;-;5,751 ;7.0900 ;7.0670
10/1974;-;-;-;5,576 ;7.1800 ;7.1460
11/1974;-;-;-;5,295 ;7.2900 ;7.2670
12/1974;-;-;-;5,269 ;7.4000 ;7.3610
01/1975;-;-;-;4,990 ;7.5100 ;7.4560
02/1975;-;-;-;4,824 ;7.5800 ;7.5770
03/1975;-;-;-;4,497 ;7.7000 ;7.6620
04/1975;-;-;-;4,311 ;7.8100 ;7.8030
05/1975;-;-;-;4,193 ;7.9300 ;7.9230
06/1975;-;-;-;3,797 ;8.0200 ;7.9890
07/1975;-;-;-;3,754 ;8.0800 ;8.1170
08/1975;-;-;-;3,891 ;8.3100 ;8.2880
09/1975;-;-;-;3,773 ;8.4700 ;8.4040
10/1975;-;-;-;3,690 ;8.6200 ;8.5530
11/1975;-;-;-;3,679 ;8.8500 ;8.7630
12/1975;-;-;-;4,040 ;9.0200 ;8.9850
01/1976;-;-;-;3,868 ;9.2000 ;9.1370
02/1976;-;-;-;3,673 ;9.3700 ;9.3230
03/1976;-;-;-;3,551 ;9.8900 ;9.5980
04/1976;-;-;-;3,527 ;10.3200 ;10.1340
05/1976;-;-;-;3,404 ;10.5000 ;10.4180
06/1976;-;-;-;3,719 ;10.7300 ;10.6690
07/1976;-;-;-;3,948 ;10.8900 ;10.8420
08/1976;-;-;-;4,408 ;11.1000 ;11.0530
09/1976;-;-;-;4,592 ;11.3000 ;11.3130
10/1976;-;-;-;4,956 ;11.7600 ;11.5540
11/1976;-;-;-;5,143 ;11.9900 ;11.8750
12/1976;-;-;-;6,544 ;12.2800 ;12.1600
01/1977;-;-;-;6,195 ;12.5200 ;12.4620
02/1977;-;-;-;5,880 ;12.8000 ;12.6990
03/1977;-;-;-;5,822 ;12.9800 ;13.0030
04/1977;-;-;-;5,787 ;13.3000 ;13.3480
05/1977;-;-;-;5,808 ;13.9300 ;13.6980
06/1977;-;-;-;5,709 ;14.2800 ;14.0500
07/1977;-;-;-;6,147 ;14.4900 ;14.4200
08/1977;-;-;-;6,202 ;14.7400 ;14.6900
09/1977;-;-;-;5,985 ;14.9200 ;14.9300
10/1977;-;-;-;6,040 ;15.1800 ;15.1410
11/1977;-;-;-;5,995 ;15.4400 ;15.4180
12/1977;-;-;-;7,256 ;15.9500 ;15.8690
01/1978;-;-;-;6,756 ;16.1500 ;16.1140
02/1978;-;-;-;6,859 ;16.4000 ;16.3590
03/1978;-;-;-;7,271 ;16.8500 ;16.6920
04/1978;-;-;-;7,553 ;17.1700 ;16.9960
05/1978;-;-;-;7,611 ;17.6000 ;17.4180
06/1978;-;-;-;8,112 ;17.9300 ;17.8050
07/1978;-;-;-;8,917 ;18.3100 ;18.1200
08/1978;-;-;-;9,810 ;18.7500 ;18.5990
09/1978;-;-;-;10,026 ;19.1500 ;19.0500
10/1978;-;-;-;10,297 ;19.5400 ;19.3390
11/1978;-;-;-;11,193 ;19.9500 ;19.8250
12/1978;-;-;-;11,895 ;20.7800 ;20.5200
01/1979;-;-;-;11,338 ;21.6500 ;21.2260
02/1979;-;-;-;11,320 ;22.1100 ;21.9430
03/1979;-;-;-;11,136 ;22.9900 ;22.6480
04/1979;-;-;-;11,411 ;23.6500 ;23.4080
05/1979;-;-;-;10,859 ;25.5200 ;24.5860
06/1979;-;-;-;10,108 ;25.5200 ;25.6550
07/1979;-;-;-;10,161 ;25.9800 ;26.1150
08/1979;-;-;-;9,836 ;27.6400 ;26.9900
09/1979;-;-;-;9,327 ;29.6900 ;28.7920
10/1979;-;-;-;9,804 ;30.2800 ;30.1580
11/1979;-;-;-;9,497 ;31.9000 ;31.5510
12/1979;-;-;-;9,689 ;42.3300 ;40.2720
01/1980;-;-;-;8,823 ;43.6900 ;43.6430
02/1980;-;-;-;8,837 ;45.1110 ;44.8620
03/1980;-;-;-;7,953 ;46.6000 ;46.5160
04/1980;-;-;-;7,533 ;48.8600 ;48.3240
05/1980;-;-;-;6,688 ;50.6100 ;49.7900
06/1980;-;-;-;6,573 ;52.1200 ;51.3620
07/1980;-;-;-;7,226 ;53.6800 ;52.8470
08/1980;-;-;-;6,970 ;55.6500 ;54.6450
09/1980;-;-;-;6,486 ;57.3900 ;56.6080
10/1980;-;-;-;6,803 ;60.4900 ;58.7830
11/1980;-;-;-;6,185 ;62.3200 ;61.3210
12/1980;-;-;-;6,913 ;65.1700 ;63.8710
01/1981;-;-;-;6,627 ;68.1000 ;67.5210
02/1981;-;-;-;6,584 ;71.5100 ;70.5110
03/1981;-;-;-;6,474 ;76.1500 ;74.3720
04/1981;-;-;-;6,272 ;80.9500 ;78.9630
05/1981;-;-;-;6,370 ;85.8000 ;84.0400
06/1981;-;-;-;6,150 ;90.9500 ;88.6730
07/1981;-;-;-;6,232 ;96.4000 ;93.9600
08/1981;-;-;-;6,279 ;102.1800 ;99.9210
09/1981;-;-;-;6,347 ;108.1000 ;105.2840
10/1981;-;-;-;6,408 ;114.2600 ;111.4670
11/1981;-;-;-;6,574 ;120.5400 ;117.9550
12/1981;-;-;-;7,507 ;127.1600 ;124.8310
01/1982;-;-;-;7,280 ;133.7700 ;131.2100
02/1982;-;-;-;7,080 ;140.4500 ;137.4800
03/1982;-;-;-;7,082 ;147.4700 ;144.9170
04/1982;-;-;-;7,089 ;154.8400 ;152.2280
05/1982;-;-;-;6,921 ;163.3500 ;159.9800
06/1982;-;-;-;6,941 ;172.3300 ;168.3350
07/1982;-;-;-;7,035 ;181.8000 ;177.7550
08/1982;-;-;-;6,970 ;192.7100 ;189.1060
09/1982;-;-;-;5,051 ;206.2000 ;202.0880
10/1982;-;-;-;3,877 ;220.6300 ;215.6900
11/1982;-;-;-;3,783 ;236.0700 ;229.9560
12/1982;-;-;-;3,994 ;251.4100 ;245.4260
01/1983;-;-;-;3,137 ;273.9100 ;263.1960
02/1983;-;-;-;3,209 ;379.5400 ;315.5360
03/1983;-;-;-;3,480 ;415.4600 ;400.5600
04/1983;-;-;-;3,587 ;452.6700 ;435.2630
05/1983;-;-;-;3,389 ;491.1500 ;474.6320
06/1983;-;-;-;3,803 ;540.2700 ;517.7780
07/1983;-;-;-;3,822 ;608.8800 ;570.3640
08/1983;-;-;-;4,242 ;668.0000 ;643.3400
09/1983;-;-;-;3,965 ;735.0000 ;701.3810
10/1983;-;-;-;3,798 ;838.0000 ;785.3000
11/1983;-;-;-;4,264 ;909.0000 ;871.0500
12/1983;-;-;-;4,563 ;979.0000 ;946.1360
01/1984;-;-;-;4,608 ;1,075.0000 ;1,021.0450
02/1984;-;-;-;5,360 ;1,207.0000 ;1,130.7620
03/1984;-;-;-;5,936 ;1,328.0000 ;1,270.2000
04/1984;-;-;-;6,859 ;1,446.0000 ;1,387.7890
05/1984;-;-;-;7,164 ;1,574.0000 ;1,510.7270
06/1984;-;-;-;7,950 ;1,719.0000 ;1,644.7500
07/1984;-;-;-;8,354 ;1,896.0000 ;1,816.0000
08/1984;-;-;-;9,354 ;2,097.0000 ;1,994.3040
09/1984;-;-;-;9,639 ;2,317.0000 ;2,203.9470
10/1984;-;-;-;9,898 ;2,609.0000 ;2,453.7730
11/1984;-;-;-;10,571 ;2,867.0000 ;2,734.5000
12/1984;-;-;-;11,995 ;3,168.0000 ;3,008.5500
01/1985;-;-;-;10,521 ;3,567.0000 ;3,363.8180
02/1985;-;-;-;10,635 ;3,931.0000 ;3,764.1110
03/1985;-;-;-;11,454 ;4,430.0000 ;4,160.3810
04/1985;-;-;-;11,443 ;4,960.0000 ;4,717.8950
05/1985;-;-;-;11,421 ;5,460.0000 ;5,236.3640
06/1985;-;-;-;11,647 ;5,960.0000 ;5,742.1050
07/1985;-;-;-;12,004 ;6,420.0000 ;6,220.0000
08/1985;-;-;-;12,178 ;6,950.0000 ;6,711.3640
09/1985;-;-;-;11,860 ;7,785.0000 ;7,461.6670
10/1985;-;-;-;11,812 ;8,515.0000 ;8,186.5220
11/1985;-;-;-;11,862 ;9,305.0000 ;8,928.5000
12/1985;-;-;-;11,608 ;10,440.0000 ;9,912.0000
01/1986;-;-;-;9,868 ;12,095.0000 ;11,310.0000
02/1986;-;-;-;9,680 ;13,770.0000 ;13,029.0000
03/1986;-;-;-;10,072 ;13.7700 ;13.8400
04/1986;-;-;-;10,327 ;13.7700 ;13.8400
05/1986;-;-;-;10,419 ;13.7700 ;13.8400
06/1986;-;-;-;10,391 ;13.7700 ;13.8400
07/1986;-;-;-;9,499 ;13.7700 ;13.8400
08/1986;-;-;-;9,105 ;13.7700 ;13.8400
09/1986;-;-;-;9,025 ;13.7700 ;13.8400
10/1986;-;-;-;8,006 ;14.0200 ;13.9700
11/1986;-;-;-;7,347 ;14.1300 ;14.1070
12/1986;-;-;-;6,760 ;14.8700 ;14.5460
01/1987;-;-;-;5,380 ;16.4600 ;15.6980
02/1987;-;-;-;4,965 ;19.7000 ;18.1360
03/1987;-;-;-;4,859 ;22.0300 ;21.0060
04/1987;-;-;-;5,169 ;25.3100 ;23.7070
05/1987;-;-;-;5,770 ;33.8300 ;30.7820
06/1987;-;-;-;5,630 ;43.1600 ;39.4400
07/1987;-;-;-;6,474 ;45.7900 ;44.9340
08/1987;-;-;-;7,340 ;48.1200 ;47.1300
09/1987;-;-;-;7,386 ;51.0300 ;49.8660
10/1987;-;-;-;7,341 ;55.6200 ;53.4070
11/1987;-;-;-;7,843 ;62.7600 ;59.2890
12/1987;-;-;-;7,458 ;71.8900 ;67.4810
01/1988;-;-;-;7,422 ;82.9900 ;77.6550
02/1988;-;-;-;7,272 ;98.0100 ;90.8410
03/1988;-;-;-;6,847 ;113.9800 ;107.1380
04/1988;-;-;-;7,574 ;136.7500 ;125.6860
05/1988;-;-;-;8,656 ;161.8800 ;150.6380
06/1988;-;-;-;7,435 ;193.6600 ;178.3030
07/1988;-;-;-;7,869 ;240.5300 ;215.8260
08/1988;-;-;-;8,945 ;291.0300 ;267.4060
09/1988;-;-;-;9,334 ;361.1700 ;326.2350
10/1988;-;-;-;9,809 ;461.0400 ;411.6970
11/1988;-;-;-;9,488 ;585.1500 ;526.1530
12/1988;-;-;-;9,140 ;761.4900 ;671.0320
01/1989;618,801,310 ;494,180,369 ;1,608,752,610 ;9,498 ;0.9900 ;0.9030
02/1989;475,070,625 ;396,769,161 ;1,375,919,202 ;9,403 ;0.9900 ;1.0000
03/1989;650,975,840 ;447,577,883 ;1,695,326,350 ;10,520 ;0.9900 ;1.0000
04/1989;570,106,922 ;413,187,515 ;1,395,754,960 ;9,775 ;1.0300 ;1.0150
05/1989;812,876,256 ;492,491,755 ;1,494,572,734 ;8,681 ;1.1500 ;1.0990
06/1989;1,006,676,260 ;555,234,834 ;2,091,396,703 ;8,564 ;1.5100 ;1.3370
07/1989;975,249,312 ;519,919,246 ;1,670,225,087 ;9,460 ;2.1600 ;1.9140
08/1989;1,060,869,463 ;510,772,203 ;1,762,485,737 ;10,116 ;2.7900 ;2.4750
09/1989;957,626,186 ;479,531,060 ;1,485,400,438 ;9,890 ;3.7800 ;3.2670
10/1989;859,217,877 ;399,342,886 ;1,455,179,163 ;10,012 ;5.2000 ;4.4900
11/1989;738,695,157 ;473,110,171 ;1,338,653,168 ;9,426 ;7.3300 ;6.2480
12/1989;705,041,394 ;384,391,476 ;1,617,823,690 ;9,679 ;11.3000 ;9.2590
01/1990;553,072,856 ;397,798,072 ;1,299,531,862 ;9,044 ;17.6400 ;14.3130
02/1990;408,940,515 ;297,366,969 ;1,239,222,345 ;8,808 ;30.4800 ;23.6610
03/1990;507,978,630 ;314,443,984 ;1,387,139,412 ;7,385 ;41.9300 ;37.7010
04/1990;636,070,889 ;441,775,254 ;1,451,460,619 ;8,794 ;50.8500 ;47.8900
05/1990;823,310,081 ;527,912,917 ;1,846,455,500 ;9,963 ;54.9800 ;52.2300
06/1990;724,080,337 ;380,180,087 ;1,350,654,549 ;10,173 ;60.7400 ;57.1160
07/1990;906,937,814 ;444,297,216 ;1,702,151,636 ;10,521 ;68.7500 ;66.5170
08/1990;924,656,963 ;483,489,188 ;1,619,687,945 ;10,533 ;71.3800 ;71.7570
09/1990;786,971,463 ;425,877,864 ;1,347,685,561 ;10,171 ;83.7500 ;75.5410
10/1990;730,832,041 ;358,282,690 ;1,107,148,763 ;10,027 ;105.8800 ;95.1650
11/1990;757,107,646 ;438,827,651 ;1,435,201,061 ;8,753 ;143.8200 ;123.1330
12/1990;672,269,500 ;502,376,683 ;1,633,802,478 ;9,973 ;168.5900 ;154.5860
01/1991;726,563,848 ;587,632,061 ;1,572,428,317 ;9,840 ;219.1700 ;193.1890
02/1991;590,703,481 ;516,918,027 ;1,133,297,709 ;9,805 ;222.8400 ;221.7560
03/1991;582,908,462 ;459,908,178 ;1,533,032,568 ;8,663 ;238.1400 ;230.0850
04/1991;726,832,194 ;447,363,032 ;1,820,610,604 ;8,808 ;260.0800 ;252.1750
05/1991;919,256,020 ;454,997,061 ;1,509,202,585 ;9,665 ;284.3400 ;272.9770
06/1991;874,931,519 ;375,246,568 ;1,457,843,764 ;10,401 ;311.7500 ;297.8710
07/1991;818,673,835 ;351,534,310 ;1,365,309,093 ;10,113 ;346.2100 ;328.9220
08/1991;862,690,718 ;359,168,357 ;1,566,652,368 ;9,261 ;392.7500 ;371.2820
09/1991;507,996,609 ;202,462,333 ;1,314,191,562 ;7,956 ;465.4800 ;428.9510
10/1991;733,737,765 ;360,382,757 ;1,530,900,994 ;7,987 ;641.5400 ;583.8520
11/1991;619,043,483 ;432,574,260 ;1,381,216,992 ;7,863 ;840.3500 ;740.3670
12/1991;543,714,794 ;375,267,827 ;1,569,659,347 ;9,406 ;1,068.7000 ;957.8740
01/1992;552,591,670 ;419,170,772 ;1,505,220,287 ;11,866 ;1,319.4000 ;1,197.3770
02/1992;476,888,296 ;506,163,467 ;1,385,997,105 ;14,378 ;1,630.7500 ;1,478.6550
03/1992;519,026,435 ;445,610,805 ;1,889,246,156 ;17,063 ;1,987.9000 ;1,814.5180
04/1992;674,802,436 ;367,821,289 ;1,613,160,561 ;18,518 ;2,396.0000 ;2,196.7840
05/1992;744,539,192 ;369,423,764 ;1,702,359,267 ;20,512 ;2,849.0000 ;2,628.6420
06/1992;853,968,833 ;392,544,745 ;1,684,023,712 ;21,703 ;3,446.6000 ;3,149.7670
07/1992;889,461,758 ;458,501,123 ;2,065,711,903 ;22,705 ;4,204.5000 ;3,829.1960
08/1992;758,011,256 ;458,369,473 ;1,778,965,585 ;23,109 ;5,130.0000 ;4,672.1430
09/1992;748,980,958 ;433,529,193 ;1,805,050,757 ;21,964 ;6,398.0000 ;5,771.5240
10/1992;709,643,762 ;473,725,033 ;2,005,802,021 ;24,124 ;8,034.0000 ;7,214.9000
11/1992;823,932,861 ;521,950,575 ;1,905,540,727 ;24,481 ;9,949.8000 ;9,046.7970
12/1992;903,734,970 ;498,357,883 ;1,992,677,496 ;23,754 ;12,387.0000 ;11,150.8750
01/1993;540,712,119 ;409,562,212 ;1,844,250,721 ;23,313 ;15,719.0000 ;14,059.1420
02/1993;564,691,263 ;526,303,173 ;1,785,353,963 ;22,890 ;19,857.0000 ;17,868.5920
03/1993;766,019,206 ;541,482,411 ;2,175,063,082 ;22,309 ;25,120.0000 ;22,469.2460
04/1993;895,010,582 ;391,062,780 ;1,729,127,030 ;22,737 ;32,267.0000 ;28,728.9420
05/1993;787,763,220 ;438,030,786 ;1,635,803,556 ;23,981 ;41,699.0000 ;37,040.3100
06/1993;859,209,597 ;444,139,909 ;1,913,981,523 ;24,476 ;54,335.0000 ;48,106.4600
07/1993;889,270,321 ;511,982,743 ;1,996,830,270 ;25,937 ;71,152.0000 ;62,773.2360
08/1993;840,552,945 ;418,582,326 ;2,221,882,807 ;27,086 ;94.6500 ;82.7400
09/1993;878,818,415 ;496,569,748 ;2,033,855,973 ;26,948 ;128.0650 ;111.1890
10/1993;698,877,778 ;492,134,059 ;2,021,089,869 ;29,019 ;173.9950 ;151.2250
11/1993;665,156,631 ;504,827,139 ;1,946,815,674 ;31,011 ;235.9700 ;205.8010
12/1993;746,970,993 ;480,913,657 ;2,149,749,631 ;32,211 ;326.0950 ;279.3850
01/1994;518,596,390 ;461,100,277 ;1,719,110,098 ;35,390 ;458.6500 ;390.8445
02/1994;580,685,355 ;391,329,517 ;1,775,365,409 ;36,542 ;637.2500 ;550.8067
03/1994;685,944,222 ;496,849,606 ;2,130,862,578 ;38,282 ;913.3350 ;768.1203
04/1994;945,291,541 ;533,204,382 ;2,131,061,983 ;38,289 ;1,302.2600 ;1,109.5644
05/1994;1,074,911,074 ;610,290,005 ;2,131,656,920 ;41,408 ;1,875.2500 ;1,585.4750
06/1994;1,018,494,881 ;579,694,839 ;2,023,451,448 ;42,881 ;2,612.5000 ;2,296.2562
07/1994;1,027,682,569 ;604,059,828 ;2,045,925,843 ;43,090 ;0.9380 ;0.9333
08/1994;1,126,627,328 ;736,248,974 ;2,356,859,635 ;42,981 ;0.8870 ;0.8986
09/1994;1,125,911,520 ;680,228,648 ;2,293,437,075 ;43,455 ;0.8510 ;0.8652
10/1994;997,890,657 ;674,497,274 ;2,114,084,126 ;42,845 ;0.8440 ;0.8460
11/1994;882,563,869 ;615,192,942 ;2,163,755,036 ;41,937 ;0.8430 ;0.8418
12/1994;850,815,257 ;687,153,637 ;2,119,094,177 ;38,806 ;0.8440 ;0.8501
01/1995;551,386,778 ;663,773,770 ;1,724,720,767 ;38,278 ;0.8400 ;0.8471
02/1995;574,011,100 ;561,852,883 ;1,755,767,330 ;37,998 ;0.8495 ;0.8408
03/1995;813,400,177 ;674,657,222 ;2,252,826,622 ;33,742 ;0.8940 ;0.8894
04/1995;873,183,203 ;598,715,785 ;1,829,955,161 ;31,887 ;0.9110 ;0.9075
05/1995;1,100,889,160 ;792,702,378 ;2,240,511,907 ;33,731 ;0.9040 ;0.8974
06/1995;1,080,540,649 ;753,052,599 ;2,158,235,731 ;33,512 ;0.9200 ;0.9140
07/1995;1,014,006,433 ;901,906,416 ;1,994,578,032 ;41,823 ;0.9340 ;0.9288
08/1995;1,072,300,307 ;1,015,468,917 ;2,411,439,058 ;47,660 ;0.9490 ;0.9420
09/1995;950,248,105 ;804,388,715 ;2,360,442,713 ;48,713 ;0.9520 ;0.9528
10/1995;928,176,116 ;1,015,360,698 ;2,399,123,165 ;49,694 ;0.9609 ;0.9597
11/1995;776,375,915 ;948,629,162 ;2,262,405,779 ;51,257 ;0.9656 ;0.9634
12/1995;777,824,129 ;834,561,332 ;2,212,535,253 ;51,840 ;0.9715 ;0.9683
01/1996;665,454,971 ;766,457,284 ;1,932,149,178 ;53,540 ;0.9776 ;0.9745
02/1996;652,868,833 ;632,048,042 ;2,070,494,747 ;55,794 ;0.9832 ;0.9811
03/1996;678,939,969 ;555,984,550 ;2,071,038,492 ;55,753 ;0.9872 ;0.9861
04/1996;1,195,306,679 ;720,418,685 ;2,290,376,783 ;56,769 ;0.9917 ;0.9902
05/1996;1,251,280,885 ;741,024,966 ;2,421,661,522 ;59,394 ;0.9976 ;0.9953
06/1996;1,135,715,066 ;668,443,099 ;1,984,087,010 ;59,997 ;1.0036 ;1.0013
07/1996;1,228,351,113 ;804,005,165 ;2,363,329,143 ;59,521 ;1.0104 ;1.0069
08/1996;1,200,334,155 ;792,712,169 ;2,340,567,938 ;59,643 ;1.0161 ;1.0134
09/1996;1,077,364,919 ;782,908,574 ;2,201,760,037 ;58,775 ;1.0207 ;1.0193
10/1996;1,107,801,087 ;764,357,254 ;2,266,911,285 ;58,600 ;1.0268 ;1.0251
11/1996;914,843,900 ;735,619,003 ;2,184,644,548 ;60,471 ;1.0324 ;1.0304
12/1996;790,505,957 ;650,533,461 ;2,284,227,728 ;60,110 ;1.0386 ;1.0373
01/1997;834,048,027 ;766,519,855 ;2,019,753,408 ;58,951 ;1.0453 ;1.0429
02/1997;645,965,299 ;518,293,464 ;1,905,388,589 ;59,405 ;1.0507 ;1.0493
03/1997;1,110,771,895 ;563,593,377 ;2,076,772,833 ;58,980 ;1.0585 ;1.0567
04/1997;1,609,666,961 ;718,943,847 ;2,238,280,439 ;56,171 ;1.0630 ;1.0609
05/1997;1,676,375,503 ;646,025,547 ;2,260,770,913 ;59,279 ;1.0709 ;1.0683
06/1997;1,637,907,555 ;701,176,212 ;2,430,242,818 ;57,615 ;1.0761 ;1.0746
07/1997;1,732,925,257 ;805,963,967 ;2,638,116,515 ;60,331 ;1.0826 ;1.0807
08/1997;1,408,356,562 ;794,210,314 ;2,794,922,990 ;63,056 ;1.0908 ;1.0879
09/1997;1,123,655,175 ;766,950,786 ;2,619,939,470 ;61,931 ;1.0956 ;1.0936
10/1997;1,052,573,025 ;750,121,977 ;2,927,394,356 ;53,690 ;1.1023 ;1.1001
11/1997;807,714,315 ;632,419,517 ;2,477,010,009 ;52,035 ;1.1090 ;1.1073
12/1997;828,670,630 ;813,388,842 ;2,804,079,382 ;52,173 ;1.1156 ;1.1136
01/1998;896,575,996 ;796,034,730 ;2,149,917,184 ;53,103 ;1.1229 ;1.1199
02/1998;701,283,100 ;586,311,783 ;2,383,927,874 ;58,782 ;1.1296 ;1.1271
03/1998;954,406,949 ;654,851,119 ;2,609,992,091 ;68,594 ;1.1366 ;1.1337
04/1998;1,332,289,904 ;697,563,859 ;2,483,035,124 ;74,656 ;1.1435 ;1.1412
05/1998;1,397,667,722 ;610,836,824 ;2,537,484,222 ;72,826 ;1.1497 ;1.1481
06/1998;1,421,414,243 ;779,629,211 ;2,618,757,603 ;70,898 ;1.1561 ;1.1546
07/1998;1,365,632,582 ;801,650,374 ;2,751,567,583 ;70,210 ;1.1626 ;1.1615
08/1998;1,107,970,127 ;564,144,435 ;2,266,799,093 ;67,333 ;1.1761 ;1.1717
09/1998;1,211,113,328 ;702,452,163 ;2,574,050,883 ;45,811 ;1.1848 ;1.1809
10/1998;953,877,466 ;666,946,198 ;2,345,352,776 ;42,385 ;1.1924 ;1.1884
11/1998;793,456,950 ;593,612,818 ;2,266,693,495 ;41,189 ;1.2004 ;1.1937
12/1998;840,941,272 ;666,057,746 ;2,399,181,535 ;44,556 ;1.2079 ;1.2054
01/1999;666,856,391 ;574,924,989 ;1,654,429,391 ;36,136 ;1.9824 ;1.5019
02/1999;741,303,269 ;573,355,508 ;1,913,795,754 ;35,457 ;2.0640 ;1.9137
03/1999;860,827,050 ;631,985,336 ;2,234,434,453 ;33,848 ;1.7212 ;1.8968
04/1999;988,851,228 ;557,385,400 ;2,094,489,846 ;44,315 ;1.6599 ;1.6941
05/1999;1,295,168,316 ;688,208,819 ;2,319,693,824 ;44,310 ;1.7232 ;1.6835
06/1999;1,149,459,018 ;702,079,345 ;2,392,669,769 ;41,346 ;1.7687 ;1.7654
07/1999;1,137,649,734 ;644,509,518 ;2,248,132,916 ;42,156 ;1.7884 ;1.8003
08/1999;1,105,455,061 ;649,325,912 ;2,453,017,492 ;41,918 ;1.9151 ;1.8807
09/1999;1,054,173,273 ;684,410,506 ;2,391,302,170 ;42,562 ;1.9215 ;1.8981
10/1999;987,637,726 ;746,714,561 ;2,502,244,220 ;40,053 ;1.9522 ;1.9695
11/1999;882,158,393 ;663,221,548 ;2,364,382,710 ;42,175 ;1.9219 ;1.9299
12/1999;958,174,980 ;865,695,179 ;2,762,523,916 ;36,342 ;1.7882 ;1.8428
01/2000;709,079,233 ;654,221,653 ;2,026,920,657 ;37,560 ;1.8016 ;1.8037
02/2000;706,007,587 ;748,023,334 ;2,574,408,391 ;38,364 ;1.7677 ;1.7753
03/2000;883,623,560 ;696,588,911 ;2,827,478,595 ;39,200 ;1.7465 ;1.7420
04/2000;1,084,762,840 ;602,912,066 ;2,420,484,376 ;28,721 ;1.8059 ;1.7682
05/2000;1,327,990,770 ;684,661,354 ;2,749,388,475 ;28,570 ;1.8258 ;1.8279
06/2000;1,250,863,632 ;669,433,272 ;2,813,816,454 ;28,265 ;1.7992 ;1.8083
07/2000;1,290,632,266 ;749,141,878 ;2,866,870,807 ;29,214 ;1.7740 ;1.7978
08/2000;1,406,965,407 ;793,406,432 ;3,041,138,245 ;31,385 ;1.8226 ;1.8092
09/2000;998,948,330 ;718,035,951 ;2,918,404,863 ;31,431 ;1.8429 ;1.8392
10/2000;1,057,195,051 ;694,061,976 ;2,812,596,789 ;30,393 ;1.9082 ;1.8796
11/2000;1,027,796,594 ;732,737,964 ;2,542,158,795 ;32,533 ;1.9588 ;1.9480
12/2000;820,348,383 ;755,918,714 ;2,965,142,749 ;33,011 ;1.9546 ;1.9633
01/2001;1,006,572,940 ;851,595,796 ;2,442,359,200 ;35,598 ;1.9703 ;1.9545
02/2001;845,355,826 ;599,991,988 ;2,458,039,300 ;35,413 ;2.0444 ;2.0019
03/2001;1,106,399,945 ;723,215,987 ;3,133,850,442 ;34,407 ;2.1608 ;2.0890
04/2001;1,288,282,183 ;560,341,445 ;2,760,778,072 ;34,653 ;2.1839 ;2.1925
05/2001;1,600,187,340 ;634,936,465 ;3,032,083,570 ;35,459 ;2.3592 ;2.2972
06/2001;1,583,970,589 ;561,743,927 ;2,800,766,364 ;37,318 ;2.3041 ;2.3758
07/2001;1,490,638,444 ;664,616,781 ;2,741,147,416 ;35,552 ;2.4305 ;2.4660
08/2001;1,593,583,761 ;841,084,436 ;2,985,297,643 ;36,299 ;2.5509 ;2.5106
09/2001;1,383,254,084 ;647,819,356 ;2,580,162,823 ;40,054 ;2.6705 ;2.6717
10/2001;1,361,832,159 ;782,799,236 ;2,781,242,642 ;37,492 ;2.7063 ;2.7402
11/2001;1,061,455,634 ;697,686,644 ;2,655,034,881 ;37,234 ;2.5279 ;2.5431
12/2001;1,027,624,268 ;677,887,439 ;2,586,469,908 ;35,866 ;2.3196 ;2.3627
01/2002;863,379,455 ;652,297,155 ;2,064,080,581 ;36,167 ;2.4175 ;2.3779
02/2002;823,064,931 ;557,784,554 ;2,202,974,543 ;35,906 ;2.3474 ;2.4196
03/2002;1,058,473,397 ;572,079,913 ;2,531,706,977 ;36,721 ;2.3228 ;2.3466
04/2002;1,305,342,440 ;588,329,694 ;2,662,070,348 ;33,008 ;2.3617 ;2.3204
05/2002;1,226,962,019 ;544,546,058 ;2,585,484,872 ;32,889 ;2.5212 ;2.4804
06/2002;977,682,499 ;511,727,827 ;2,496,544,488 ;41,999 ;2.8436 ;2.7140
07/2002;2,069,143,595 ;943,964,818 ;3,113,114,383 ;39,060 ;3.4277 ;2.9346
08/2002;1,721,393,007 ;877,880,104 ;3,070,405,282 ;37,643 ;3.0215 ;3.1101
09/2002;2,371,521,854 ;998,491,941 ;3,017,299,870 ;38,381 ;3.8941 ;3.3420
10/2002;1,913,547,729 ;1,076,792,315 ;3,380,612,147 ;35,855 ;3.6442 ;3.8059
11/2002;1,357,118,755 ;855,283,728 ;2,835,549,822 ;35,592 ;3.6357 ;3.5764
12/2002;1,271,507,885 ;786,296,459 ;3,108,609,492 ;37,823 ;3.5325 ;3.6259
01/2003;1,211,201,248 ;948,355,818 ;2,554,442,979 ;38,772 ;3.5250 ;3.4384
02/2003;1,271,127,783 ;804,305,125 ;2,833,539,804 ;38,530 ;3.5624 ;3.5908
03/2003;1,496,853,050 ;723,013,727 ;2,890,194,135 ;42,335 ;3.3523 ;3.4469
04/2003;1,785,201,636 ;697,796,624 ;3,097,084,269 ;41,500 ;2.8890 ;3.1187
05/2003;2,026,180,182 ;914,264,073 ;3,340,431,503 ;43,373 ;2.9648 ;2.9557
06/2003;1,833,388,114 ;879,402,599 ;3,048,179,483 ;47,956 ;2.8712 ;2.8832
07/2003;1,694,033,069 ;980,783,814 ;3,380,386,342 ;47,645 ;2.9647 ;2.8798
08/2003;1,929,375,933 ;1,014,357,923 ;3,360,611,136 ;47,793 ;2.9657 ;3.0025
09/2003;2,281,230,393 ;1,033,818,785 ;3,848,074,778 ;52,675 ;2.9226 ;2.9228
10/2003;2,387,892,283 ;1,058,087,800 ;4,025,682,917 ;54,093 ;2.8554 ;2.8615
11/2003;1,616,832,752 ;816,573,658 ;3,468,203,622 ;54,427 ;2.9486 ;2.9138
12/2003;1,652,964,187 ;1,074,189,115 ;3,916,871,162 ;49,296 ;2.8884 ;2.9253
01/2004;1,740,539,129 ;985,731,738 ;2,978,527,530 ;53,261 ;2.9401 ;2.8518
02/2004;1,618,078,336 ;881,333,210 ;3,148,654,403 ;52,960 ;2.9130 ;2.9303
03/2004;2,452,782,643 ;1,070,027,189 ;4,284,992,907 ;51,612 ;2.9078 ;2.9055
04/2004;1,898,813,260 ;790,874,715 ;3,823,521,892 ;50,498 ;2.9439 ;2.9060
05/2004;2,577,222,857 ;1,009,688,695 ;4,261,516,012 ;50,540 ;3.1283 ;3.1004
06/2004;3,381,306,049 ;1,213,030,358 ;4,613,619,933 ;49,805 ;3.1067 ;3.1291
07/2004;2,778,036,865 ;1,348,030,516 ;4,765,905,521 ;49,666 ;3.0260 ;3.0368
08/2004;2,966,368,149 ;1,215,139,269 ;4,711,743,506 ;49,594 ;2.9330 ;3.0029
09/2004;2,654,271,767 ;1,285,027,979 ;4,840,345,963 ;49,496 ;2.8578 ;2.8911
10/2004;2,303,633,733 ;1,120,669,881 ;5,301,900,383 ;49,416 ;2.8557 ;2.8529
11/2004;2,102,279,477 ;1,267,465,686 ;4,683,532,684 ;50,133 ;2.7299 ;2.7860
12/2004;2,055,238,416 ;1,245,810,483 ;5,723,193,419 ;52,935 ;2.6536 ;2.7182
01/2005;1,770,694,951 ;1,166,489,055 ;4,353,000,539 ;54,022 ;2.6240 ;2.6930
02/2005;1,860,239,778 ;1,225,184,227 ;4,551,099,373 ;59,017 ;2.5942 ;2.5978
03/2005;2,280,389,067 ;1,411,417,796 ;5,404,675,563 ;61,960 ;2.6654 ;2.7047
04/2005;2,833,865,712 ;1,238,867,597 ;4,980,453,237 ;61,591 ;2.5305 ;2.5792
05/2005;3,006,334,510 ;1,323,392,589 ;5,317,648,078 ;60,709 ;2.4030 ;2.4528
06/2005;3,069,683,886 ;1,450,683,576 ;5,511,544,015 ;59,885 ;2.3496 ;2.4135
07/2005;3,846,177,116 ;1,412,664,777 ;5,617,195,324 ;54,688 ;2.3897 ;2.3735
08/2005;3,839,732,323 ;1,234,738,235 ;5,980,600,371 ;55,076 ;2.3629 ;2.3606
09/2005;3,258,764,396 ;1,245,798,165 ;5,900,085,073 ;57,008 ;2.2214 ;2.2944
10/2005;2,857,233,384 ;1,272,450,187 ;5,563,719,198 ;60,245 ;2.2535 ;2.2565
11/2005;3,162,990,086 ;1,478,258,606 ;5,916,774,823 ;64,277 ;2.2062 ;2.2108
12/2005;2,945,462,956 ;1,502,585,867 ;6,256,011,349 ;53,799 ;2.3399 ;2.2855
01/2006;2,741,580,593 ;1,275,415,041 ;5,032,873,374 ;56,924 ;2.2152 ;2.2739
02/2006;2,089,394,866 ;1,238,636,341 ;5,212,216,533 ;57,415 ;2.1347 ;2.1619
03/2006;3,159,264,246 ;1,541,890,139 ;6,442,524,068 ;59,824 ;2.1716 ;2.1520
04/2006;2,828,176,876 ;1,258,787,908 ;5,462,626,558 ;56,552 ;2.0884 ;2.1293
05/2006;2,922,455,395 ;1,273,125,359 ;5,864,135,123 ;63,381 ;2.2997 ;2.1781
06/2006;3,308,984,653 ;1,758,591,628 ;6,189,292,109 ;62,670 ;2.1635 ;2.2483
07/2006;4,655,373,680 ;1,887,581,928 ;6,811,903,183 ;66,819 ;2.1754 ;2.1893
08/2006;4,254,738,207 ;1,985,302,035 ;7,130,592,015 ;71,478 ;2.1380 ;2.1559
09/2006;4,003,769,348 ;1,741,951,550 ;6,589,206,762 ;73,393 ;2.1734 ;2.1687
10/2006;3,715,206,200 ;1,864,200,182 ;6,888,335,814 ;78,171 ;2.1422 ;2.1483
11/2006;3,413,388,625 ;1,804,488,332 ;6,427,336,352 ;83,114 ;2.1660 ;2.1579
12/2006;3,192,794,943 ;1,892,687,341 ;6,967,270,592 ;85,839 ;2.1372 ;2.1499
01/2007;3,194,486,170 ;1,738,625,934 ;5,800,889,653 ;91,086 ;2.1239 ;2.1385
02/2007;2,904,834,757 ;1,507,514,898 ;5,503,752,727 ;101,070 ;2.1174 ;2.0963
03/2007;3,731,706,718 ;1,632,658,293 ;7,291,006,820 ;109,531 ;2.0496 ;2.0887
04/2007;4,178,447,747 ;1,595,186,328 ;6,417,618,572 ;121,830 ;2.0331 ;2.0320
05/2007;4,374,212,012 ;1,870,138,391 ;7,145,154,825 ;136,419 ;1.9281 ;1.9816
06/2007;3,995,434,823 ;1,841,643,542 ;7,014,859,673 ;147,101 ;1.9254 ;1.9319
07/2007;4,877,459,144 ;1,903,968,491 ;7,077,937,666 ;155,910 ;1.8768 ;1.8828
08/2007;5,125,723,383 ;2,049,829,705 ;7,590,316,123 ;161,097 ;1.9612 ;1.9660
09/2007;4,444,011,893 ;1,801,278,739 ;7,649,158,213 ;162,962 ;1.8381 ;1.8996
10/2007;5,616,782,920 ;2,128,595,858 ;7,703,077,427 ;167,867 ;1.7432 ;1.8010
11/2007;4,275,043,440 ;1,938,008,109 ;7,528,100,527 ;177,060 ;1.7829 ;1.7699
12/2007;4,877,491,513 ;1,792,422,873 ;7,221,022,143 ;180,334 ;1.7705 ;1.7860
01/2008;3,992,542,773 ;2,015,694,464 ;6,864,214,634 ;187,507 ;1.7595 ;1.7743
02/2008;3,791,708,108 ;1,925,449,156 ;6,688,566,817 ;192,902 ;1.6825 ;1.7277
03/2008;3,664,273,877 ;1,645,121,998 ;6,987,933,345 ;195,232 ;1.7483 ;1.7076
04/2008;4,610,412,160 ;1,818,583,321 ;7,287,256,635 ;195,767 ;1.6864 ;1.6889
05/2008;8,358,912,750 ;2,603,126,274 ;7,858,767,975 ;197,906 ;1.6286 ;1.6605
06/2008;7,585,843,414 ;2,190,418,383 ;8,317,230,177 ;200,827 ;1.5911 ;1.6189
07/2008;8,317,789,770 ;2,966,801,863 ;8,652,365,290 ;203,562 ;1.5658 ;1.5914
08/2008;8,183,189,443 ;2,788,142,928 ;8,286,218,794 ;205,116 ;1.6336 ;1.6123
09/2008;7,426,652,788 ;2,746,270,365 ;9,290,315,371 ;206,494 ;1.9135 ;1.7996
10/2008;7,180,107,030 ;2,777,266,400 ;7,975,998,238 ;197,229 ;2.1145 ;2.1729
11/2008;5,174,602,867 ;2,048,167,021 ;7,210,673,151 ;194,668 ;2.3323 ;2.2663
12/2008;4,741,624,971 ;1,548,118,877 ;7,263,072,398 ;193,783 ;2.3362 ;2.3944
01/2009;3,558,542,689 ;1,659,868,679 ;4,325,881,604 ;188,102 ;2.3154 ;2.3074
02/2009;3,489,181,535 ;1,303,976,933 ;4,628,859,714 ;186,880 ;2.3776 ;2.3127
03/2009;4,601,160,849 ;1,343,038,016 ;5,599,789,466 ;190,388 ;2.3144 ;2.3138
04/2009;5,594,067,276 ;1,433,670,151 ;5,041,298,743 ;190,546 ;2.1775 ;2.2059
05/2009;5,369,692,948 ;1,428,890,547 ;4,966,129,384 ;195,264 ;1.9722 ;2.0609
06/2009;6,775,868,177 ;1,671,439,236 ;5,737,685,970 ;201,467 ;1.9508 ;1.9576
07/2009;6,398,490,666 ;1,735,830,756 ;5,744,725,421 ;207,363 ;1.8718 ;1.9328
08/2009;6,089,500,818 ;1,862,741,308 ;5,585,019,036 ;215,744 ;1.8856 ;1.8452
09/2009;5,502,411,041 ;1,881,696,930 ;6,161,765,340 ;221,629 ;1.7773 ;1.8198
10/2009;5,454,002,141 ;2,142,575,852 ;6,221,708,675 ;231,123 ;1.7432 ;1.7384
11/2009;4,394,394,872 ;2,041,975,168 ;5,897,713,033 ;236,660 ;1.7497 ;1.7262
12/2009;4,730,137,128 ;1,993,488,769 ;7,438,484,042 ;238,520 ;1.7404 ;1.7503
01/2010;4,072,559,852 ;1,716,509,929 ;5,193,858,114 ;240,484 ;1.8740 ;1.7798
02/2010;4,752,101,334 ;1,794,324,183 ;5,319,037,782 ;241,082 ;1.8102 ;1.8416
03/2010;6,635,512,816 ;2,070,785,666 ;6,645,842,512 ;243,762 ;1.7802 ;1.7858
04/2010;7,015,893,315 ;1,918,672,971 ;5,939,557,691 ;247,292 ;1.7298 ;1.7566
05/2010;8,569,992,905 ;2,330,000,644 ;6,487,996,648 ;249,846 ;1.8159 ;1.8132
06/2010;7,625,827,432 ;2,539,128,352 ;6,529,779,025 ;253,114 ;1.8007 ;1.8065
07/2010;7,952,980,495 ;2,566,805,046 ;6,825,190,092 ;257,299 ;1.7564 ;1.7696
08/2010;9,168,736,466 ;2,475,815,154 ;7,134,852,848 ;261,320 ;1.7552 ;1.7596
09/2010;8,904,418,562 ;2,447,550,612 ;7,148,356,301 ;275,206 ;1.6934 ;1.7187
10/2010;8,206,689,713 ;2,690,771,834 ;7,178,942,551 ;284,930 ;1.7006 ;1.6835
11/2010;7,430,883,965 ;2,970,191,360 ;6,980,951,522 ;285,461 ;1.7153 ;1.7133
12/2010;9,598,523,899 ;2,677,288,263 ;8,133,011,331 ;288,575 ;1.6654 ;1.6934
01/2011;6,683,222,783 ;2,332,198,916 ;5,920,191,816 ;297,696 ;1.6726 ;1.6749
02/2011;7,359,393,106 ;2,274,966,652 ;6,647,655,166 ;307,516 ;1.6604 ;1.6680
03/2011;8,758,757,691 ;2,709,027,392 ;7,426,860,608 ;317,146 ;1.6279 ;1.6591
04/2011;10,306,853,266 ;2,587,998,171 ;6,778,103,989 ;328,062 ;1.5725 ;1.5864
05/2011;12,099,152,423 ;2,970,635,122 ;7,604,059,156 ;333,017 ;1.5791 ;1.6135
06/2011;10,946,484,288 ;3,296,762,325 ;8,984,751,568 ;335,775 ;1.5603 ;1.5870
07/2011;10,675,657,018 ;3,321,583,629 ;7,788,800,971 ;346,144 ;1.5555 ;1.5639
08/2011;12,761,694,441 ;3,935,308,655 ;8,945,256,966 ;353,397 ;1.5864 ;1.5970
09/2011;11,351,676,167 ;3,449,272,946 ;8,030,462,218 ;349,708 ;1.8536 ;1.7498
10/2011;10,921,982,388 ;3,011,369,649 ;7,752,475,943 ;352,928 ;1.6878 ;1.7726
11/2011;10,056,898,106 ;3,389,697,624 ;7,860,532,128 ;352,073 ;1.8102 ;1.7905
12/2011;10,492,452,466 ;2,745,293,498 ;8,494,594,788 ;352,012 ;1.8751 ;1.8369
01/2012;6,939,924,807 ;2,502,172,475 ;6,139,421,820 ;355,075 ;1.7385 ;1.7897
02/2012;7,434,520,136 ;2,700,692,612 ;7,437,046,711 ;356,330 ;1.7086 ;1.7184
03/2012;10,137,195,704 ;2,400,510,677 ;7,845,886,939 ;365,216 ;1.8215 ;1.7953
04/2012;10,066,316,923 ;2,201,046,790 ;6,843,640,662 ;374,272 ;1.8912 ;1.8548
05/2012;11,841,789,247 ;2,988,839,343 ;7,813,724,343 ;372,409 ;2.0217 ;1.9860
06/2012;9,364,495,925 ;2,440,179,439 ;7,079,898,211 ;373,910 ;2.0207 ;2.0492
07/2012;9,992,016,384 ;3,044,413,257 ;7,519,922,333 ;376,154 ;2.0494 ;2.0287
08/2012;10,783,311,916 ;3,006,140,506 ;8,171,582,770 ;377,221 ;2.0366 ;2.0294
09/2012;9,457,665,586 ;2,634,836,063 ;7,461,289,387 ;378,726 ;2.0300 ;2.0281
10/2012;9,234,068,625 ;3,460,787,811 ;8,586,360,310 ;377,753 ;2.0308 ;2.0298
11/2012;8,853,548,436 ;2,914,880,742 ;8,255,673,599 ;378,560 ;2.1068 ;2.0678
12/2012;9,273,956,086 ;2,740,081,900 ;7,335,453,893 ;373,147 ;2.0429 ;2.0778
01/2013;6,542,313,368 ;2,667,977,590 ;6,258,339,553 ;373,417 ;1.9877 ;2.0311
02/2013;7,050,645,985 ;2,126,665,182 ;6,031,144,881 ;373,742 ;1.9749 ;1.9733
03/2013;8,876,819,512 ;2,556,362,465 ;7,457,738,429 ;376,934 ;2.0132 ;1.9828
04/2013;10,470,707,425 ;2,456,672,224 ;7,242,116,282 ;378,665 ;2.0011 ;2.0022
05/2013;11,502,337,723 ;2,468,004,746 ;7,393,572,809 ;374,417 ;2.1314 ;2.0348
06/2013;9,917,283,951 ;2,384,785,822 ;8,353,002,361 ;369,402 ;2.2150 ;2.1730
07/2013;9,982,574,158 ;2,402,155,282 ;7,925,193,445 ;371,966 ;2.2897 ;2.2522
08/2013;10,616,027,059 ;2,732,693,416 ;7,547,996,778 ;367,002 ;2.3719 ;2.3422
09/2013;10,491,896,547 ;2,672,882,647 ;7,207,176,404 ;368,654 ;2.2294 ;2.2705
10/2013;9,626,124,018 ;2,831,658,682 ;9,828,672,883 ;364,505 ;2.2020 ;2.1886
11/2013;9,125,673,751 ;2,482,880,915 ;8,775,912,428 ;362,410 ;2.3243 ;2.2954
12/2013;8,796,539,236 ;2,740,738,338 ;8,885,440,734 ;358,808 ;2.3420 ;2.3455
01/2014;6,891,088,636 ;2,512,635,945 ;6,093,029,700 ;360,936 ;2.4257 ;2.3822
02/2014;7,169,022,912 ;2,156,202,769 ;6,082,991,238 ;362,691 ;2.3327 ;2.3837
03/2014;9,236,135,235 ;1,954,266,612 ;5,998,503,721 ;363,914 ;2.2624 ;2.3261
04/2014;10,607,342,024 ;2,144,493,291 ;6,467,907,526 ;366,717 ;2.2354 ;2.2328
05/2014;11,385,496,318 ;2,193,700,717 ;6,673,082,159 ;368,752 ;2.2384 ;2.2209
06/2014;10,861,393,747 ;2,339,187,318 ;6,737,185,292 ;373,516 ;2.2019 ;2.2355
07/2014;11,629,532,073 ;2,834,338,116 ;7,978,072,391 ;376,792 ;2.2668 ;2.2246
08/2014;9,801,290,992 ;2,562,133,443 ;7,478,231,690 ;379,157 ;2.2390 ;2.2680
09/2014;9,336,672,635 ;2,717,648,620 ;6,945,935,235 ;375,513 ;2.4504 ;2.3329
10/2014;8,139,928,687 ;2,801,596,487 ;6,844,582,936 ;375,833 ;2.4436 ;2.4483
11/2014;6,843,761,412 ;2,330,359,731 ;5,991,140,851 ;375,426 ;2.5595 ;2.5484
12/2014;7,578,806,558 ;2,514,013,778 ;6,877,524,891 ;363,551 ;2.6556 ;2.6394
01/2015;5,832,436,933 ;2,473,203,495 ;4,965,199,402 ;361,767 ;2.6617 ;2.6342
02/2015;4,991,233,152 ;1,896,561,666 ;4,862,117,528 ;362,547 ;2.8777 ;2.8165
03/2015;7,522,895,411 ;2,460,831,961 ;6,530,929,635 ;362,744 ;3.2074 ;3.1395
04/2015;7,545,566,098 ;1,716,790,274 ;5,500,918,231 ;364,473 ;2.9930 ;3.0432
05/2015;8,586,676,286 ;1,990,674,253 ;5,806,245,922 ;366,647 ;3.1781 ;3.0617
06/2015;9,531,016,067 ;2,248,850,333 ;7,364,206,189 ;368,668 ;3.1019 ;3.1117
07/2015;9,021,105,361 ;2,386,512,755 ;6,695,584,997 ;368,252 ;3.3934 ;3.2231
08/2015;7,318,100,931 ;2,169,931,000 ;5,619,113,392 ;368,159 ;3.6461 ;3.5143
09/2015;7,155,684,409 ;2,276,914,398 ;6,311,679,820 ;361,370 ;3.9722 ;3.9065
10/2015;7,269,336,803 ;2,353,152,134 ;6,032,106,762 ;361,230 ;3.8582 ;3.8801
11/2015;5,859,917,807 ;2,015,305,562 ;5,555,109,123 ;357,016 ;3.8499 ;3.7765
12/2015;6,466,393,412 ;2,469,668,263 ;7,484,833,949 ;356,464 ;3.9042 ;3.8711
01/2016;4,747,876,114 ;1,851,705,667 ;4,335,754,176 ;357,507 ;4.0422 ;4.0524
02/2016;5,242,576,908 ;2,283,094,988 ;5,540,347,280 ;359,368 ;3.9790 ;3.9737
03/2016;7,386,046,647 ;2,112,921,353 ;6,168,521,237 ;357,698 ;3.5583 ;3.7039
04/2016;7,738,510,779 ;1,836,768,403 ;5,431,532,998 ;362,201 ;3.4502 ;3.5658
05/2016;8,298,046,724 ;2,278,022,135 ;6,641,558,838 ;363,447 ;3.5945 ;3.5393
06/2016;7,817,498,386 ;2,443,744,255 ;6,093,607,281 ;364,152 ;3.2092 ;3.4245
07/2016;7,028,035,434 ;2,399,088,817 ;6,560,922,522 ;369,340 ;3.2384 ;3.2756
08/2016;7,225,352,706 ;2,700,810,110 ;6,617,985,056 ;369,541 ;3.2397 ;3.2097
09/2016;6,560,207,965 ;2,727,877,913 ;6,134,425,806 ;370,417 ;3.2456 ;3.2564
10/2016;5,669,263,888 ;2,231,351,649 ;5,514,033,567 ;367,528 ;3.1805 ;3.1858
11/2016;5,539,600,716 ;2,444,018,620 ;7,898,293,606 ;365,556 ;3.3961 ;3.3420
12/2016;5,905,726,080 ;2,653,119,118 ;6,981,626,770 ;365,016 ;3.2585 ;3.3523
01/2017;6,786,031,099 ;2,597,154,646 ;5,120,843,859 ;367,708 ;3.1264 ;3.1966
02/2017;7,364,538,452 ;2,205,356,552 ;5,545,685,950 ;368,981 ;3.0987 ;3.1042
03/2017;10,011,376,860 ;2,373,244,679 ;7,231,994,387 ;370,111 ;3.1678 ;3.1279
04/2017;9,000,587,535 ;2,108,347,449 ;6,141,339,285 ;374,945 ;3.1978 ;3.1362
05/2017;9,702,484,961 ;2,777,893,729 ;6,871,168,698 ;376,491 ;3.2431 ;3.2095
06/2017;9,587,645,414 ;2,989,726,100 ;6,747,577,536 ;377,175 ;3.3076 ;3.2954
07/2017;8,355,609,078 ;2,604,801,819 ;7,384,888,622 ;381,029 ;3.1301 ;3.2061
08/2017;8,974,116,100 ;2,791,827,960 ;7,264,504,374 ;381,843 ;3.1465 ;3.1509
09/2017;8,537,620,504 ;2,883,492,181 ;6,891,001,353 ;381,244 ;3.1674 ;3.1348
10/2017;8,465,732,691 ;2,956,881,395 ;6,997,493,827 ;380,351 ;3.2763 ;3.1912
11/2017;7,004,156,808 ;2,520,665,926 ;6,774,246,399 ;381,056 ;3.2610 ;3.2594
12/2017;7,273,421,749 ;2,624,747,098 ;7,282,746,978 ;373,972 ;3.3074 ;3.2919
01/2018;7,551,824,658 ;2,629,157,941 ;6,375,047,992 ;375,701 ;3.1618 ;3.2106
02/2018;6,829,698,944 ;2,255,557,359 ;7,918,130,318 ;377,035 ;3.2443 ;3.2415
03/2018;9,925,021,719 ;2,535,352,396 ;7,267,447,074 ;379,577 ;3.3232 ;3.2792
04/2018;10,013,178,890 ;2,392,110,266 ;6,845,126,471 ;379,979 ;3.4805 ;3.4075
05/2018;11,061,864,423 ;2,400,121,879 ;5,415,285,246 ;382,549 ;3.7364 ;3.6361
06/2018;9,556,387,647 ;2,911,050,185 ;7,170,673,397 ;379,500 ;3.8552 ;3.7732
07/2018;12,699,160,451 ;2,403,371,083 ;7,198,373,566 ;379,444 ;3.7543 ;3.8288
08/2018;10,578,194,026 ;2,114,233,754 ;8,684,490,681 ;381,393 ;4.1347 ;3.9298
09/2018;9,989,547,611 ;2,776,006,060 ;6,250,639,630 ;380,738 ;4.0033 ;4.1165
10/2018;11,319,452,861 ;2,867,576,080 ;7,584,561,745 ;380,290 ;3.7171 ;3.7584
11/2018;9,934,642,842 ;2,568,270,367 ;8,428,180,237 ;379,722 ;3.8627 ;3.7867
12/2018;9,733,960,672 ;2,625,281,795 ;6,984,979,361 ;374,715 ;3.8742 ;3.8851
01/2019;8,160,657,941 ;2,890,575,541 ;7,046,405,049 ;376,984 ;3.6513 ;3.7417
02/2019;8,097,913,640 ;1,957,379,350 ;5,857,734,672 ;378,448 ;3.7379 ;3.7236
03/2019;9,609,134,585 ;2,082,301,249 ;5,984,842,301 ;384,165 ;3.8961 ;3.8465
04/2019;10,385,117,435 ;2,398,246,796 ;6,666,189,345 ;383,799 ;3.9447 ;3.8962
05/2019;10,942,479,001 ;2,870,366,595 ;6,873,979,937 ;386,162 ;3.9401 ;4.0015
06/2019;9,683,186,490 ;2,443,789,903 ;5,987,008,660 ;388,092 ;3.8316 ;3.8588
07/2019;11,053,829,670 ;2,396,822,295 ;6,603,597,841 ;385,730 ;3.7643 ;3.7793
08/2019;10,312,930,074 ;2,302,968,422 ;6,135,025,530 ;386,478 ;4.1379 ;4.0200
09/2019;-;-;-;376,434 ;4.1638 ;4.1215
10/2019;-;-;-;369,836 ;4.0035 ;4.0870
11/2019;-;-;-;366,376 ;4.2234 ;4.1553
12/2019;-;-;-;356,884 ;4.0301 ;4.1096
01/2020;-;-;-;359,394 ;4.2689 ;4.1495
02/2020;-;-;-;362,460 ;4.4981 ;4.3410
03/2020;-;-;-;343,165 ;5.1981 ;4.8839
04/2020;-;-;-;339,317 ;5.4264 ;5.3256
05/2020;-;-;-;345,706 ;5.4257 ;5.6434
06/2020;-;-;-;348,781 ;5.4754 ;5.1966
07/2020;-;-;-;354,664 ;5.2027 ;5.2802
08/2020;-;-;-;356,092 ;5.4707 ;5.4612
09/2020;-;-;-;356,606 ;5.6401 ;5.3995
10/2020;-;-;-;354,546 ;5.7712 ;5.6258
11/2020;-;-;-;356,004 ;5.3311 ;5.4178
12/2020;-;-;-;355,620 ;5.1961 ;5.1456
01/2021;-;-;-;355,416 ;5.4753 ;5.3562
02/2021;-;-;-;356,070 ;5.5296 ;5.4165
03/2021;-;-;-;347,413 ;5.6967 ;5.6461
04/2021;-;-;-;350,996 ;5.4030 ;5.5621
05/2021;-;-;-;353,448 ;5.2316 ;5.2911
06/2021;-;-;-;352,486 ;5.0016 ;5.0319
07/2021;-;-;-;355,671 ;5.1210 ;5.1567
08/2021;-;-;-;370,395 ;5.1427 ;5.2517
09/2021;-;-;-;368,886 ;5.4388 ;5.2797
10/2021;-;-;-;367,927 ;5.6424 ;5.5400
11/2021;-;-;-;367,772 ;5.6193 ;5.5569
12/2021;-;-;-;362,204 ;5.5799 ;5.6514
01/2022;-;-;-;358,398 ;5.3568 ;5.5341
02/2022;-;-;-;357,740 ;5.1388 ;5.1966
03/2022;-;-;-;353,169 ;4.7372 ;4.9684
Source;MDIC/Secex;MDIC/Secex;MDIC/Secex;BCB-DSTAT;Sisbacen PTAX800;BCB-DSTAT
