名目季節調整系列,,,,,,,,,,,,,,,<参考>,,,,,,,,,,,(単位:10億円),,,,,,
"Nominal, Seasonally Adjusted Series",,,,,,,,,,,,,,,<cf>,,,,,,,,,,,(Billion Yen),,,,,,
,国内総生産(支出側),民間最終消費支出,,,民間住宅,民間企業設備,民間在庫変動,政府最終消費支出,公的固定資本形成,公的在庫変動,財貨・サービス,,,,海外からの所得,,,国民総所得,,国内需要,民間需要,公的需要,,総固定資本形成,,最終需要,,,,,,
,,,家計最終消費支出,,,,,,,,純輸出,輸出,輸入,,純受取,受取,支払,,,,,,,,,,,,,,,
,,,,除く持ち家の帰属家賃,,,,,,,,,,,,,,,,,,,,,,,,,,,,
,GDP(Expenditure Approach),PrivateConsumption,Consumption ofHouseholds,ExcludingImputed Rent,PrivateResidentialInvestment,Private Non-Resi.Investment,Changein PrivateInventories,GovernmentConsumption,PublicInvestment,Changein PublicInventories,Goods & Services,,,,Income from /to the Rest of the World,,,GNI,,DomesticDemand,PrivateDemand,PublicDemand,,Gross Fixed CapitalFormation,,Final Sales of Domestic Product,,,,,,
,,,,,,,,,,,Net Exports,Exports,Imports,,Net,Receipt,Payment,,,,,,,,,,,,,,,
1994/ 1- 3.,"510,113.2 ","266,592.3 ","262,028.9 ","227,585.5 ","28,673.8 ","80,433.4 ","3,822.2 ","73,546.9 ","46,407.7 ",-417.7 ,"11,054.6 ","44,988.0 ","33,933.4 ",,"4,544.7 ","15,806.6 ","11,261.9 ","514,657.9 ",,"499,058.6 ","379,521.6 ","119,536.9 ",,"155,514.9 ",,"506,708.7 ",,,,,,
4- 6.,"508,973.8 ","269,112.1 ","264,475.6 ","229,660.4 ","29,969.8 ","79,979.9 ","-3,045.2 ","75,112.5 ","47,379.8 ",489.0 ,"9,975.9 ","45,500.1 ","35,524.1 ",,"4,175.1 ","15,676.5 ","11,501.4 ","513,148.8 ",,"498,997.9 ","376,016.5 ","122,981.3 ",,"157,329.5 ",,"511,530.1 ",,,,,,
7- 9.,"513,046.1 ","270,724.6 ","266,058.3 ","230,835.7 ","32,363.1 ","79,430.6 ",-138.1 ,"75,898.3 ","45,544.1 ",656.8 ,"8,566.6 ","45,053.8 ","36,487.2 ",,"4,116.8 ","15,944.2 ","11,827.4 ","517,162.9 ",,"504,479.4 ","382,380.2 ","122,099.3 ",,"157,337.8 ",,"512,527.3 ",,,,,,
10-12.,"511,528.7 ","271,199.9 ","266,480.7 ","230,776.7 ","30,940.0 ","80,298.5 ","-1,605.1 ","76,696.6 ","44,707.9 ",706.3 ,"8,584.6 ","45,109.8 ","36,525.2 ",,"4,142.6 ","16,496.7 ","12,354.1 ","515,671.3 ",,"502,944.1 ","380,833.4 ","122,110.7 ",,"155,946.4 ",,"512,427.6 ",,,,,,
1995/ 1- 3.,"514,908.4 ","272,728.7 ","267,940.8 ","231,869.0 ","29,884.3 ","82,049.8 ","2,064.8 ","77,678.5 ","42,842.0 ",-147.4 ,"7,807.7 ","45,054.0 ","37,246.3 ",,"4,358.7 ","16,959.6 ","12,601.0 ","519,267.0 ",,"507,100.6 ","386,727.6 ","120,373.0 ",,"154,776.0 ",,"512,991.0 ",,,,,,
4- 6.,"518,736.5 ","274,151.1 ","269,287.8 ","232,876.2 ","28,982.9 ","84,418.3 ",956.1 ,"78,137.1 ","44,468.2 ",220.5 ,"7,402.3 ","44,073.6 ","36,671.3 ",,"3,485.9 ","15,933.9 ","12,448.0 ","522,222.4 ",,"511,334.2 ","388,508.5 ","122,825.7 ",,"157,869.4 ",,"517,559.9 ",,,,,,
7- 9.,"525,429.1 ","275,836.1 ","270,902.0 ","234,090.1 ","28,386.2 ","85,770.3 ","2,112.5 ","79,100.3 ","47,791.3 ",178.7 ,"6,253.6 ","46,803.4 ","40,549.8 ",,"4,904.5 ","19,943.2 ","15,038.8 ","530,333.6 ",,"519,175.5 ","392,105.2 ","127,070.4 ",,"161,947.8 ",,"523,137.9 ",,,,,,
10-12.,"526,975.5 ","277,842.3 ","272,864.7 ","235,685.4 ","28,943.2 ","86,906.1 ","1,000.2 ","79,652.6 ","47,961.6 ",221.8 ,"4,447.8 ","47,881.9 ","43,434.1 ",,"5,221.1 ","20,627.3 ","15,406.2 ","532,196.6 ",,"522,527.7 ","394,691.8 ","127,836.0 ",,"163,810.9 ",,"525,753.6 ",,,,,,
1996/ 1- 3.,"529,181.6 ","277,070.8 ","272,073.6 ","234,517.9 ","30,312.7 ","86,233.0 ","1,340.1 ","79,774.0 ","50,359.3 ",486.0 ,"3,605.8 ","48,837.3 ","45,231.5 ",,"6,099.5 ","12,771.7 ","6,672.2 ","535,281.2 ",,"525,575.8 ","394,956.6 ","130,619.3 ",,"166,905.1 ",,"527,355.6 ",,,,,,
4- 6.,"535,988.5 ","281,027.9 ","275,996.6 ","237,994.5 ","31,707.5 ","88,655.2 ","3,053.1 ","80,799.8 ","49,492.2 ",151.1 ,"1,101.8 ","48,942.4 ","47,840.6 ",,"6,809.7 ","12,951.9 ","6,142.1 ","542,798.3 ",,"534,886.7 ","404,443.6 ","130,443.1 ",,"169,854.9 ",,"532,784.4 ",,,,,,
7- 9.,"536,155.5 ","281,209.9 ","276,139.2 ","237,707.3 ","33,106.7 ","89,608.7 ","1,575.6 ","81,707.9 ","47,381.2 ",188.0 ,"1,377.5 ","49,657.9 ","48,280.5 ",,"6,391.9 ","12,332.3 ","5,940.4 ","542,547.4 ",,"534,778.1 ","405,500.9 ","129,277.1 ",,"170,096.6 ",,"534,391.9 ",,,,,,
10-12.,"541,098.0 ","284,226.9 ","279,144.3 ","240,265.6 ","33,987.9 ","89,691.8 ","2,493.2 ","82,119.4 ","46,426.3 ",231.0 ,"1,921.4 ","52,018.8 ","50,097.5 ",,"6,604.4 ","12,525.8 ","5,921.4 ","547,702.4 ",,"539,176.6 ","410,399.9 ","128,776.7 ",,"170,106.0 ",,"538,373.7 ",,,,,,
1997/ 1- 3.,"542,182.2 ","288,458.0 ","283,390.5 ","244,088.7 ","33,068.1 ","90,453.9 ",-620.8 ,"82,705.8 ","45,700.7 ",141.8 ,"2,274.7 ","55,132.8 ","52,858.1 ",,"7,280.5 ","13,428.4 ","6,147.9 ","549,462.7 ",,"539,907.5 ","411,359.2 ","128,548.3 ",,"169,222.7 ",,"542,661.1 ",,,,,,
4- 6.,"544,002.9 ","285,049.3 ","280,060.4 ","240,323.6 ","30,419.0 ","90,647.4 ","2,591.2 ","83,289.7 ","46,296.1 ",98.8 ,"5,611.4 ","56,890.6 ","51,279.3 ",,"7,423.1 ","13,477.8 ","6,054.7 ","551,426.0 ",,"538,391.6 ","408,706.9 ","129,684.6 ",,"167,362.5 ",,"541,312.9 ",,,,,,
7- 9.,"544,060.3 ","285,635.9 ","280,705.4 ","240,590.3 ","28,376.5 ","90,792.0 ","4,693.3 ","82,943.3 ","46,399.4 ",138.3 ,"5,081.7 ","55,287.3 ","50,205.6 ",,"6,353.2 ","12,573.9 ","6,220.6 ","550,413.5 ",,"538,978.6 ","409,497.6 ","129,481.0 ",,"165,567.8 ",,"539,228.8 ",,,,,,
10-12.,"544,946.4 ","284,746.2 ","279,723.0 ","239,269.8 ","27,020.6 ","92,824.3 ","3,920.1 ","83,676.5 ","43,977.2 ",406.5 ,"8,375.0 ","58,428.3 ","50,053.2 ",,"7,602.8 ","14,352.7 ","6,749.9 ","552,549.2 ",,"536,571.4 ","408,511.2 ","128,060.2 ",,"163,822.1 ",,"540,619.8 ",,,,,,
1998/ 1- 3.,"537,975.4 ","283,951.3 ","278,690.1 ","237,843.2 ","26,189.9 ","91,037.9 ","3,306.6 ","83,618.1 ","41,284.0 ",234.6 ,"8,353.1 ","56,882.2 ","48,529.2 ",,"7,239.4 ","13,583.6 ","6,344.2 ","545,214.8 ",,"529,622.4 ","404,485.7 ","125,136.6 ",,"158,511.8 ",,"534,434.2 ",,,,,,
4- 6.,"534,773.8 ","283,383.1 ","277,852.9 ","236,841.9 ","25,537.5 ","89,916.1 ","1,712.6 ","83,445.7 ","40,731.0 ",135.1 ,"9,912.7 ","56,686.5 ","46,773.8 ",,"6,110.0 ","12,700.3 ","6,590.3 ","540,883.8 ",,"524,861.1 ","400,549.3 ","124,311.8 ",,"156,184.6 ",,"532,926.1 ",,,,,,
7- 9.,"533,927.0 ","284,839.0 ","279,092.5 ","237,781.0 ","24,909.8 ","89,028.5 ",-473.1 ,"83,649.7 ","42,429.4 ",-67.6 ,"9,611.2 ","57,148.4 ","47,537.2 ",,"6,788.3 ","12,692.7 ","5,904.4 ","540,715.2 ",,"524,315.8 ","398,304.3 ","126,011.5 ",,"156,367.8 ",,"534,467.7 ",,,,,,
10-12.,"539,279.1 ","285,483.8 ","279,592.5 ","238,184.9 ","24,211.4 ","86,017.3 ","2,430.8 ","85,439.3 ","46,466.6 ",-544.3 ,"9,774.3 ","52,150.0 ","42,375.7 ",,"6,246.5 ","10,900.5 ","4,654.0 ","545,525.6 ",,"529,504.8 ","398,143.2 ","131,361.6 ",,"156,695.2 ",,"537,392.7 ",,,,,,
1999/ 1- 3.,"529,051.6 ","285,167.8 ","279,212.3 ","237,650.5 ","23,854.5 ","83,194.4 ","-3,543.9 ","85,294.5 ","46,345.7 ",-75.8 ,"8,814.4 ","50,677.6 ","41,863.2 ",,"5,563.2 ","10,617.8 ","5,054.6 ","534,614.8 ",,"520,237.2 ","388,672.8 ","131,564.4 ",,"153,394.7 ",,"532,671.4 ",,,,,,
4- 6.,"529,017.0 ","285,051.8 ","278,950.0 ","237,194.7 ","25,397.9 ","83,338.5 ","-3,852.9 ","85,849.0 ","45,352.2 ",-5.3 ,"7,885.8 ","51,698.8 ","43,813.0 ",,"6,703.9 ","10,904.6 ","4,200.7 ","535,720.9 ",,"521,131.2 ","389,935.3 ","131,195.9 ",,"154,088.6 ",,"532,875.2 ",,,,,,
7- 9.,"528,589.7 ","286,727.3 ","280,450.8 ","238,450.3 ","25,682.1 ","82,693.4 ","-3,378.6 ","85,564.9 ","43,952.6 ",1.8 ,"7,346.4 ","52,189.4 ","44,843.0 ",,"6,718.5 ","10,583.3 ","3,864.7 ","535,308.2 ",,"521,243.3 ","391,724.1 ","129,519.3 ",,"152,328.0 ",,"531,966.6 ",,,,,,
10-12.,"527,849.5 ","286,596.5 ","280,359.8 ","238,139.2 ","24,526.2 ","83,358.3 ","-3,515.4 ","85,918.0 ","43,678.7 ",-337.2 ,"7,624.4 ","52,769.2 ","45,144.9 ",,"7,090.6 ","10,833.5 ","3,742.9 ","534,940.1 ",,"520,225.2 ","390,965.7 ","129,259.5 ",,"151,563.2 ",,"531,702.1 ",,,,,,
2000/ 1- 3.,"535,247.1 ","287,897.9 ","281,935.0 ","239,488.7 ","24,882.7 ","86,691.9 ","-1,606.9 ","87,357.6 ","41,479.4 ",152.0 ,"8,392.5 ","54,638.7 ","46,246.2 ",,"6,783.2 ","11,237.1 ","4,453.9 ","542,030.2 ",,"526,854.6 ","397,865.6 ","128,989.0 ",,"153,054.0 ",,"536,702.0 ",,,,,,
4- 6.,"535,378.6 ","286,369.1 ","280,764.5 ","238,084.2 ","25,384.3 ","84,798.8 ","1,202.1 ","88,273.7 ","41,061.0 ",39.3 ,"8,250.4 ","55,494.3 ","47,243.9 ",,"8,190.2 ","12,039.0 ","3,848.8 ","543,568.9 ",,"527,128.2 ","397,754.2 ","129,374.0 ",,"151,244.1 ",,"534,137.2 ",,,,,,
7- 9.,"534,420.8 ","286,327.4 ","280,979.4 ","238,108.0 ","24,993.0 ","87,439.4 ","-1,154.2 ","89,286.3 ","40,310.0 ",-35.2 ,"7,254.3 ","56,544.6 ","49,290.4 ",,"8,087.3 ","12,066.6 ","3,979.2 ","542,508.2 ",,"527,166.6 ","397,605.5 ","129,561.1 ",,"152,742.3 ",,"535,610.2 ",,,,,,
10-12.,"537,842.3 ","288,794.9 ","283,491.2 ","240,379.5 ","25,376.5 ","89,570.0 ",160.6 ,"89,542.7 ","38,835.9 ",-68.4 ,"5,630.2 ","57,596.4 ","51,966.2 ",,"8,095.8 ","12,485.1 ","4,389.3 ","545,938.1 ",,"532,212.0 ","403,901.8 ","128,310.2 ",,"153,782.3 ",,"537,750.1 ",,,,,,
2001/ 1- 3.,"542,521.8 ","290,532.5 ","285,073.1 ","241,842.0 ","25,325.6 ","89,305.8 ","1,979.7 ","91,120.6 ","40,559.6 ",24.4 ,"3,673.6 ","56,140.5 ","52,466.9 ",,"8,397.9 ","12,863.5 ","4,465.6 ","550,919.7 ",,"538,848.2 ","407,143.6 ","131,704.6 ",,"155,191.0 ",,"540,517.7 ",,,,,,
4- 6.,"534,273.0 ","290,658.1 ","284,991.4 ","241,434.3 ","23,880.5 ","86,292.0 ","2,236.0 ","91,173.3 ","38,104.1 ",-174.5 ,"2,103.5 ","53,952.6 ","51,849.1 ",,"8,153.4 ","12,381.1 ","4,227.7 ","542,426.4 ",,"532,169.5 ","403,066.6 ","129,102.9 ",,"148,276.6 ",,"532,211.5 ",,,,,,
7- 9.,"526,985.0 ","289,452.3 ","283,666.8 ","239,909.2 ","23,567.6 ","84,252.2 ","-2,097.9 ","91,675.4 ","37,782.4 ",-211.0 ,"2,564.0 ","52,389.5 ","49,825.5 ",,"8,010.8 ","12,007.7 ","3,996.9 ","534,995.8 ",,"524,421.1 ","395,174.3 ","129,246.8 ",,"145,602.2 ",,"529,293.9 ",,,,,,
10-12.,"523,952.2 ","287,370.3 ","281,586.8 ","237,633.0 ","23,602.4 ","80,422.9 ",-996.1 ,"92,347.0 ","36,748.0 ",-30.7 ,"4,488.2 ","51,977.7 ","47,489.5 ",,"8,484.5 ","11,978.7 ","3,494.2 ","532,436.7 ",,"519,464.0 ","390,399.6 ","129,064.4 ",,"140,773.4 ",,"524,978.9 ",,,,,,
2002/ 1- 3.,"525,425.6 ","288,335.1 ","282,680.8 ","238,594.4 ","23,313.4 ","79,517.7 ","-3,282.3 ","94,541.0 ","37,082.5 ",-91.3 ,"6,009.5 ","54,787.1 ","48,777.6 ",,"8,290.2 ","11,466.9 ","3,176.7 ","533,715.8 ",,"519,416.1 ","387,883.9 ","131,532.1 ",,"139,913.6 ",,"528,799.2 ",,,,,,
4- 6.,"524,244.1 ","289,692.8 ","284,238.8 ","240,127.8 ","23,274.8 ","77,841.0 ","-2,482.1 ","92,491.1 ","35,923.9 ",-25.9 ,"7,528.6 ","57,277.9 ","49,749.3 ",,"7,452.8 ","10,778.7 ","3,325.9 ","531,696.9 ",,"516,715.5 ","388,326.4 ","128,389.1 ",,"137,039.7 ",,"526,752.1 ",,,,,,
7- 9.,"524,175.3 ","289,338.0 ","284,028.6 ","239,780.7 ","23,235.3 ","78,635.4 ","-1,520.4 ","93,021.2 ","35,675.2 ",-50.0 ,"5,840.7 ","55,946.8 ","50,106.2 ",,"7,590.7 ","11,058.0 ","3,467.4 ","531,766.0 ",,"518,334.7 ","389,688.2 ","128,646.4 ",,"137,545.8 ",,"525,745.7 ",,,,,,
10-12.,"524,445.9 ","287,935.4 ","282,621.0 ","238,253.0 ","22,895.0 ","78,430.7 ",318.8 ,"92,770.1 ","35,100.4 ",-156.8 ,"7,152.3 ","59,592.7 ","52,440.5 ",,"7,208.4 ","10,583.9 ","3,375.5 ","531,654.3 ",,"517,293.6 ","389,579.9 ","127,713.7 ",,"136,426.1 ",,"524,284.0 ",,,,,,
2003/ 1- 3.,"521,325.9 ","288,463.0 ","282,993.2 ","238,479.7 ","22,768.6 ","78,088.4 ",-353.1 ,"92,642.3 ","33,995.4 ",-67.7 ,"5,789.0 ","58,664.2 ","52,875.2 ",,"7,803.4 ","10,987.5 ","3,184.1 ","529,129.2 ",,"515,536.9 ","388,966.9 ","126,570.0 ",,"134,852.4 ",,"521,746.7 ",,,,,,
4- 6.,"524,521.3 ","286,796.5 ","281,138.6 ","236,436.2 ","22,840.0 ","78,712.7 ",-783.9 ,"94,409.0 ","33,996.7 ",71.2 ,"8,479.1 ","58,916.5 ","50,437.4 ",,"8,031.6 ","10,999.5 ","2,968.0 ","532,552.9 ",,"516,042.2 ","387,565.3 ","128,476.9 ",,"135,549.4 ",,"525,234.0 ",,,,,,
7- 9.,"524,384.5 ","286,296.3 ","280,519.1 ","235,620.5 ","23,400.1 ","77,186.4 ","1,673.1 ","93,875.5 ","33,107.2 ",-86.0 ,"8,931.9 ","60,549.7 ","51,617.9 ",,"9,530.1 ","12,390.6 ","2,860.5 ","533,914.6 ",,"515,452.6 ","388,555.9 ","126,896.7 ",,"133,693.7 ",,"522,797.4 ",,,,,,
10-12.,"526,406.0 ","289,345.3 ","283,529.9 ","238,519.0 ","23,009.7 ","79,970.6 ",-879.2 ,"92,644.3 ","32,322.3 ",-315.8 ,"10,308.9 ","61,933.8 ","51,624.9 ",,"8,474.2 ","11,202.0 ","2,727.8 ","534,880.2 ",,"516,097.1 ","391,446.4 ","124,650.8 ",,"135,302.6 ",,"527,601.1 ",,,,,,
2004/ 1- 3.,"529,475.8 ","289,470.6 ","283,704.0 ","238,391.6 ","23,334.7 ","79,463.7 ","2,771.1 ","93,253.2 ","30,910.7 ",-326.4 ,"10,598.3 ","64,859.1 ","54,260.8 ",,"9,488.4 ","12,197.3 ","2,708.9 ","538,964.2 ",,"518,877.5 ","395,040.1 ","123,837.4 ",,"133,709.1 ",,"527,031.2 ",,,,,,
4- 6.,"527,637.0 ","289,006.9 ","283,312.7 ","237,795.7 ","23,766.6 ","79,091.3 ",768.6 ,"93,501.3 ","30,708.5 ",97.4 ,"10,696.3 ","67,352.4 ","56,656.1 ",,"10,201.9 ","13,111.9 ","2,910.0 ","537,838.9 ",,"516,940.7 ","392,633.4 ","124,307.3 ",,"133,566.4 ",,"526,771.1 ",,,,,,
7- 9.,"530,516.0 ","290,794.8 ","285,135.7 ","239,427.9 ","23,861.2 ","79,950.4 ","1,875.1 ","93,854.7 ","30,198.6 ",88.9 ,"9,892.3 ","68,726.1 ","58,833.7 ",,"10,478.0 ","13,614.8 ","3,136.8 ","540,994.0 ",,"520,623.7 ","396,481.5 ","124,142.2 ",,"134,010.3 ",,"528,552.0 ",,,,,,
10-12.,"529,898.4 ","289,435.1 ","283,760.4 ","237,835.2 ","23,913.9 ","81,412.0 ","1,503.4 ","94,387.0 ","29,920.8 ",186.8 ,"9,139.4 ","69,558.4 ","60,419.0 ",,"10,923.2 ","14,238.0 ","3,314.8 ","540,821.6 ",,"520,759.0 ","396,264.4 ","124,494.7 ",,"135,246.7 ",,"528,208.2 ",,,,,,
2005/ 1- 3.,"529,841.3 ","290,069.7 ","284,340.2 ","238,205.5 ","23,517.8 ","83,434.1 ","1,338.2 ","94,139.6 ","29,289.6 ",160.8 ,"7,891.5 ","68,307.3 ","60,415.8 ",,"10,423.9 ","14,358.2 ","3,934.3 ","540,265.2 ",,"521,949.8 ","398,359.8 ","123,590.0 ",,"136,241.5 ",,"528,342.3 ",,,,,,
4- 6.,"531,342.2 ","290,951.5 ","285,144.4 ","238,798.9 ","23,393.9 ","86,358.1 ","1,111.8 ","94,414.3 ","27,513.9 ",-2.5 ,"7,601.2 ","71,564.5 ","63,963.3 ",,"11,660.9 ","15,806.4 ","4,145.5 ","543,003.1 ",,"523,741.0 ","401,815.3 ","121,925.7 ",,"137,265.9 ",,"530,232.9 ",,,,,,
7- 9.,"534,659.4 ","293,095.4 ","287,222.5 ","240,645.8 ","23,860.4 ","88,052.4 ",712.3 ,"94,459.1 ","28,069.1 ",24.6 ,"6,386.2 ","74,520.5 ","68,134.3 ",,"12,356.7 ","16,545.1 ","4,188.3 ","547,016.2 ",,"528,273.3 ","405,720.5 ","122,552.8 ",,"139,981.9 ",,"533,922.6 ",,,,,,
10-12.,"534,676.3 ","293,230.2 ","287,315.3 ","240,446.5 ","24,221.7 ","86,856.1 ",108.4 ,"94,744.4 ","27,565.8 ",39.0 ,"7,910.6 ","79,543.4 ","71,632.8 ",,"13,262.8 ","18,002.3 ","4,739.5 ","547,939.2 ",,"526,765.7 ","404,416.5 ","122,349.2 ",,"138,643.7 ",,"534,529.0 ",,,,,,
2006/ 1- 3.,"534,469.9 ","295,013.9 ","289,084.9 ","242,037.0 ","24,039.5 ","86,659.0 ",-200.3 ,"94,268.9 ","28,466.9 ",27.6 ,"6,194.3 ","81,052.8 ","74,858.5 ",,"14,010.9 ","19,170.8 ","5,159.9 ","548,480.8 ",,"528,275.6 ","405,512.2 ","122,763.4 ",,"139,165.5 ",,"534,642.6 ",,,,,,
4- 6.,"534,068.1 ","294,197.8 ","288,229.0 ","240,987.0 ","24,097.6 ","88,077.3 ",-218.0 ,"94,285.7 ","27,407.6 ",-38.6 ,"6,258.5 ","82,044.2 ","75,785.7 ",,"13,879.4 ","19,413.6 ","5,534.2 ","547,947.5 ",,"527,809.6 ","406,154.9 ","121,654.7 ",,"139,582.6 ",,"534,324.7 ",,,,,,
7- 9.,"532,344.1 ","292,490.8 ","286,472.2 ","239,101.6 ","24,256.6 ","88,166.6 ",602.6 ,"94,094.6 ","26,049.3 ",23.4 ,"6,660.1 ","85,026.1 ","78,365.9 ",,"14,500.2 ","20,181.1 ","5,681.0 ","546,844.3 ",,"525,684.0 ","405,516.7 ","120,167.3 ",,"138,472.5 ",,"531,718.1 ",,,,,,
10-12.,"539,758.6 ","296,203.5 ","290,182.8 ","242,630.6 ","24,341.6 ","89,801.9 ",670.2 ,"93,938.1 ","26,415.8 ",-32.2 ,"8,419.7 ","86,786.2 ","78,366.6 ",,"15,328.0 ","21,638.3 ","6,310.3 ","555,086.6 ",,"531,338.9 ","411,017.2 ","120,321.7 ",,"140,559.3 ",,"539,120.6 ",,,,,,
2007/ 1- 3.,"541,875.2 ","295,591.9 ","289,617.0 ","241,828.0 ","24,123.6 ","89,956.9 ","2,403.1 ","94,045.3 ","26,350.3 ",-55.7 ,"9,459.9 ","89,790.1 ","80,330.3 ",,"16,363.6 ","23,076.9 ","6,713.4 ","558,238.8 ",,"532,415.4 ","412,075.4 ","120,340.0 ",,"140,430.8 ",,"539,527.9 ",,,,,,
4- 6.,"542,190.1 ","297,201.2 ","291,276.6 ","243,300.4 ","23,838.2 ","89,122.9 ","1,044.4 ","95,366.2 ","25,803.9 ",137.9 ,"9,675.4 ","93,427.3 ","83,752.0 ",,"17,109.7 ","23,374.7 ","6,265.0 ","559,299.8 ",,"532,514.7 ","411,206.7 ","121,308.1 ",,"138,765.0 ",,"541,007.8 ",,,,,,
7- 9.,"536,601.6 ","294,209.1 ","288,321.1 ","240,134.8 ","21,906.9 ","87,921.8 ","1,398.9 ","94,810.1 ","25,503.7 ",42.8 ,"10,808.3 ","94,346.1 ","83,537.8 ",,"15,352.5 ","23,395.1 ","8,042.6 ","551,954.1 ",,"525,793.3 ","405,436.7 ","120,356.6 ",,"135,332.4 ",,"535,159.9 ",,,,,,
10-12.,"536,574.3 ","295,860.5 ","290,001.1 ","241,630.5 ","19,581.2 ","87,928.7 ","2,939.7 ","96,011.2 ","26,188.6 ",63.5 ,"8,000.9 ","95,390.7 ","87,389.7 ",,"17,169.3 ","24,275.9 ","7,106.6 ","553,743.6 ",,"528,573.4 ","406,310.1 ","122,263.3 ",,"133,698.5 ",,"533,571.2 ",,,,,,
2008/ 1- 3.,"537,666.9 ","298,240.2 ","292,399.4 ","243,789.1 ","20,308.7 ","88,863.1 ","1,657.5 ","96,011.1 ","25,731.6 ",170.8 ,"6,683.9 ","95,176.1 ","88,492.3 ",,"16,630.5 ","22,794.2 ","6,163.7 ","554,297.4 ",,"530,983.1 ","409,069.6 ","121,913.5 ",,"134,903.4 ",,"535,838.6 ",,,,,,
4- 6.,"533,816.8 ","294,934.3 ","289,132.6 ","240,360.2 ","21,441.6 ","87,913.9 ","4,704.4 ","95,009.1 ","25,117.4 ",-39.3 ,"4,735.3 ","95,475.8 ","90,740.5 ",,"13,147.4 ","19,175.1 ","6,027.7 ","546,964.3 ",,"529,081.5 ","408,994.2 ","120,087.3 ",,"134,472.9 ",,"529,151.6 ",,,,,,
7- 9.,"523,308.2 ","295,468.5 ","289,703.3 ","240,685.2 ","22,170.5 ","86,788.2 ",-866.3 ,"94,323.6 ","25,373.7 ",-87.7 ,137.7 ,"98,386.4 ","98,248.8 ",,"13,997.8 ","19,587.0 ","5,589.2 ","537,306.0 ",,"523,170.5 ","403,560.9 ","119,609.6 ",,"134,332.4 ",,"524,262.2 ",,,,,,
10-12.,"516,725.6 ","288,515.1 ","282,751.6 ","233,714.9 ","21,848.2 ","83,141.1 ","6,697.7 ","95,321.8 ","25,079.4 ",100.2 ,"-3,977.8 ","75,672.3 ","79,650.1 ",,"12,487.7 ","17,740.0 ","5,252.3 ","529,213.3 ",,"520,703.4 ","400,202.0 ","120,501.4 ",,"130,068.7 ",,"509,927.7 ",,,,,,
2009/ 1- 3.,"492,181.5 ","284,190.0 ","278,400.0 ","229,338.0 ","19,738.3 ","77,026.8 ","-4,745.9 ","94,712.2 ","25,474.4 ",-59.1 ,"-4,155.1 ","53,395.0 ","57,550.2 ",,"11,625.5 ","16,106.9 ","4,481.4 ","503,807.0 ",,"496,336.6 ","376,209.1 ","120,127.5 ",,"122,239.4 ",,"496,986.5 ",,,,,,
4- 6.,"498,004.0 ","285,284.7 ","279,476.5 ","230,346.0 ","17,566.0 ","73,936.0 ","-4,476.5 ","95,395.0 ","26,982.6 ",23.2 ,"3,293.1 ","59,092.2 ","55,799.1 ",,"13,061.4 ","17,029.8 ","3,968.4 ","511,065.4 ",,"494,710.8 ","372,310.1 ","122,400.7 ",,"118,484.5 ",,"502,457.3 ",,,,,,
7- 9.,"493,639.4 ","285,287.2 ","279,473.6 ","230,304.3 ","16,217.9 ","71,460.6 ","-5,959.0 ","96,367.6 ","26,353.5 ",49.5 ,"3,862.1 ","64,716.6 ","60,854.6 ",,"12,446.2 ","16,301.3 ","3,855.1 ","506,085.6 ",,"489,777.3 ","367,006.8 ","122,770.6 ",,"114,032.0 ",,"499,548.9 ",,,,,,
10-12.,"496,326.8 ","285,945.2 ","280,105.5 ","230,904.9 ","15,692.2 ","70,658.4 ","-4,791.5 ","96,451.9 ","26,686.3 ",38.0 ,"5,646.2 ","68,594.6 ","62,948.3 ",,"12,379.1 ","15,954.7 ","3,575.5 ","508,705.9 ",,"490,680.6 ","367,504.4 ","123,176.2 ",,"113,036.9 ",,"501,080.3 ",,,,,,
2010/ 1- 3.,"501,456.2 ","286,489.4 ","280,601.8 ","231,376.4 ","16,559.7 ","71,250.9 ","-3,323.6 ","96,047.9 ","26,939.1 ",104.5 ,"7,388.2 ","73,152.9 ","65,764.8 ",,"13,350.2 ","17,294.4 ","3,944.2 ","514,806.4 ",,"494,068.0 ","370,976.4 ","123,091.6 ",,"114,749.7 ",,"504,675.2 ",,,,,,
4- 6.,"505,118.7 ","287,897.8 ","281,998.4 ","232,740.6 ","16,643.9 ","71,915.3 ","-1,246.0 ","97,298.5 ","25,503.4 ",-22.8 ,"7,128.6 ","76,595.2 ","69,466.6 ",,"13,014.8 ","17,269.3 ","4,254.5 ","518,133.5 ",,"497,990.1 ","375,211.0 ","122,779.2 ",,"114,062.6 ",,"506,387.4 ",,,,,,
7- 9.,"510,938.9 ","289,921.2 ","284,020.9 ","234,698.3 ","16,844.4 ","72,420.4 ","1,987.6 ","97,640.9 ","25,226.0 ",-132.8 ,"7,031.1 ","76,289.1 ","69,258.0 ",,"13,738.8 ","17,803.7 ","4,065.0 ","524,677.7 ",,"503,907.8 ","381,173.7 ","122,734.1 ",,"114,490.9 ",,"509,084.2 ",,,,,,
10-12.,"505,161.5 ","285,658.9 ","279,671.5 ","230,293.0 ","17,397.3 ","72,030.2 ","2,361.1 ","97,492.6 ","24,628.2 ",-47.8 ,"5,641.1 ","75,963.7 ","70,322.6 ",,"13,989.0 ","18,266.0 ","4,277.0 ","519,150.5 ",,"499,520.4 ","377,447.4 ","122,073.0 ",,"114,055.7 ",,"502,848.3 ",,,,,,
2011/ 1- 3.,"498,615.8 ","281,144.0 ","274,985.3 ","225,625.7 ","17,998.0 ","73,481.8 ","1,102.9 ","98,580.5 ","24,286.5 ",-23.5 ,"2,045.6 ","75,687.9 ","73,642.2 ",,"14,675.9 ","18,912.0 ","4,236.2 ","513,291.7 ",,"496,570.2 ","373,726.7 ","122,843.5 ",,"115,766.2 ",,"497,536.4 ",,,,,,
4- 6.,"490,847.6 ","282,549.4 ","276,198.7 ","226,977.1 ","17,657.5 ","71,932.3 ",683.9 ,"98,869.7 ","24,947.1 ",16.8 ,"-5,809.3 ","70,037.3 ","75,846.6 ",,"14,623.3 ","18,677.6 ","4,054.3 ","505,470.8 ",,"496,656.9 ","372,823.2 ","123,833.7 ",,"114,537.0 ",,"490,146.8 ",,,,,,
7- 9.,"501,056.1 ","286,516.2 ","280,008.4 ","230,745.5 ","18,403.9 ","73,818.0 ","1,455.8 ","99,126.3 ","24,287.8 ",84.1 ,"-2,635.8 ","76,079.0 ","78,714.9 ",,"14,557.6 ","18,628.1 ","4,070.5 ","515,613.7 ",,"503,692.0 ","380,193.8 ","123,498.1 ",,"116,509.6 ",,"499,516.2 ",,,,,,
10-12.,"500,109.6 ","288,350.1 ","281,729.0 ","232,435.5 ","18,055.1 ","76,606.5 ",698.9 ,"99,293.1 ","23,422.2 ",13.9 ,"-6,330.3 ","72,441.6 ","78,771.9 ",,"13,749.1 ","17,835.6 ","4,086.5 ","513,858.7 ",,"506,439.8 ","383,710.7 ","122,729.2 ",,"118,083.9 ",,"499,396.8 ",,,,,,
2012/ 1- 3.,"507,583.7 ","289,907.7 ","283,219.8 ","233,860.5 ","17,755.8 ","76,742.6 ","3,490.9 ","100,414.8 ","24,800.4 ",11.2 ,"-5,539.7 ","74,554.8 ","80,094.5 ",,"13,713.9 ","17,881.8 ","4,167.9 ","521,297.6 ",,"513,123.4 ","387,897.0 ","125,226.4 ",,"119,298.8 ",,"504,081.5 ",,,,,,
4- 6.,"500,304.6 ","289,089.1 ","282,311.9 ","232,906.1 ","18,125.7 ","76,478.5 ",306.6 ,"99,223.1 ","25,077.6 ",70.9 ,"-8,066.9 ","73,612.4 ","81,679.3 ",,"13,619.4 ","18,181.5 ","4,562.1 ","513,924.0 ",,"508,371.5 ","383,999.9 ","124,371.6 ",,"119,681.9 ",,"499,927.1 ",,,,,,
7- 9.,"497,557.1 ","286,864.4 ","279,977.6 ","230,557.4 ","18,420.6 ","75,579.2 ","1,186.7 ","99,814.5 ","24,514.7 ",85.5 ,"-8,908.4 ","70,985.3 ","79,893.8 ",,"13,963.6 ","17,987.8 ","4,024.2 ","511,520.8 ",,"506,465.6 ","382,050.9 ","124,414.6 ",,"118,514.5 ",,"496,285.0 ",,,,,,
10-12.,"497,140.6 ","288,950.1 ","282,013.8 ","232,535.2 ","18,919.5 ","75,460.9 ",-367.6 ,"100,314.2 ","24,081.1 ",16.6 ,"-10,234.2 ","69,430.2 ","79,664.4 ",,"14,216.0 ","18,833.3 ","4,617.3 ","511,356.6 ",,"507,374.8 ","382,962.9 ","124,411.9 ",,"118,461.5 ",,"497,491.6 ",,,,,,
2013/ 1- 3.,"502,956.1 ","293,075.3 ","286,152.6 ","236,619.2 ","19,206.5 ","75,659.1 ",210.9 ,"100,458.4 ","24,588.4 ",-102.6 ,"-10,140.1 ","76,395.5 ","86,535.6 ",,"15,543.8 ","20,587.8 ","5,044.1 ","518,499.9 ",,"513,096.2 ","388,151.9 ","124,944.3 ",,"119,454.1 ",,"502,847.8 ",,,,,,
4- 6.,"507,595.8 ","295,029.7 ","288,071.0 ","238,490.3 ","19,550.3 ","78,409.3 ","-2,301.1 ","101,139.8 ","25,585.7 ",57.5 ,"-9,875.3 ","80,957.7 ","90,833.0 ",,"19,228.6 ","25,047.1 ","5,818.5 ","526,824.4 ",,"517,471.1 ","390,688.2 ","126,782.9 ",,"123,545.3 ",,"509,839.4 ",,,,,,
7- 9.,"512,886.4 ","297,210.3 ","290,193.0 ","240,557.1 ","20,453.8 ","79,729.5 ",-710.5 ,"101,340.7 ","27,104.4 ",-58.3 ,"-12,183.5 ","82,066.9 ","94,250.4 ",,"17,426.3 ","24,046.8 ","6,620.5 ","530,312.7 ",,"525,069.9 ","396,683.1 ","128,386.8 ",,"127,287.7 ",,"513,655.2 ",,,,,,
10-12.,"512,431.8 ","298,108.9 ","291,156.2 ","241,515.0 ","21,364.3 ","80,576.3 ",111.1 ,"101,197.6 ","27,685.7 ",94.9 ,"-16,707.0 ","81,618.4 ","98,325.4 ",,"17,678.8 ","23,927.9 ","6,249.1 ","530,110.7 ",,"529,138.9 ","400,160.7 ","128,978.2 ",,"129,626.4 ",,"512,225.8 ",,,,,,
2014/ 1- 3.,"516,628.4 ","304,564.1 ","297,801.4 ","248,167.8 ","21,655.9 ","82,838.3 ","-2,597.1 ","102,073.5 ","27,261.3 ",111.8 ,"-19,279.4 ","86,824.2 ","106,103.6 ",,"17,703.3 ","24,937.3 ","7,234.0 ","534,331.7 ",,"535,907.9 ","406,461.2 ","129,446.6 ",,"131,755.5 ",,"519,113.7 ",,,,,,
4- 6.,"517,857.8 ","294,999.3 ","288,532.6 ","238,971.1 ","20,429.0 ","81,533.6 ","2,881.0 ","103,142.4 ","26,968.5 ",115.4 ,"-12,211.3 ","87,770.5 ","99,981.9 ",,"17,857.2 ","25,456.6 ","7,599.3 ","535,715.1 ",,"530,069.2 ","399,842.9 ","130,226.3 ",,"128,931.0 ",,"514,861.4 ",,,,,,
7- 9.,"518,310.0 ","297,798.4 ","291,570.7 ","242,054.4 ","19,384.0 ","82,281.7 ",-357.6 ,"104,006.8 ","27,781.5 ",194.2 ,"-12,779.0 ","90,936.1 ","103,715.0 ",,"19,753.8 ","27,553.8 ","7,800.0 ","538,063.7 ",,"531,088.9 ","399,106.5 ","131,982.4 ",,"129,447.2 ",,"518,473.4 ",,,,,,
10-12.,"522,198.4 ","298,131.2 ","291,889.6 ","242,423.2 ","19,415.6 ","83,080.1 ","-1,309.9 ","104,375.5 ","27,782.7 ",21.5 ,"-9,298.3 ","95,716.1 ","105,014.4 ",,"22,319.4 ","30,703.8 ","8,384.4 ","544,517.8 ",,"531,496.7 ","399,317.0 ","132,179.7 ",,"130,278.4 ",,"523,486.8 ",,,,,,
2015/ 1- 3.,"534,564.4 ","299,188.5 ","292,684.6 ","243,269.3 ","19,923.7 ","87,492.2 ",-176.2 ,"105,095.6 ","26,744.1 ",90.6 ,"-3,794.1 ","95,256.0 ","99,050.1 ",,"20,212.5 ","28,608.4 ","8,395.9 ","554,776.8 ",,"538,358.5 ","406,428.2 ","131,930.3 ",,"134,160.0 ",,"534,650.0 ",,,,,,
4- 6.,"538,073.7 ","300,655.2 ","293,861.9 ","244,467.9 ","20,337.2 ","86,491.3 ","2,600.4 ","104,903.2 ","26,552.8 ",-50.9 ,"-3,415.5 ","93,484.9 ","96,900.5 ",,"21,384.8 ","29,905.0 ","8,520.2 ","559,458.5 ",,"541,489.3 ","410,084.1 ","131,405.1 ",,"133,381.4 ",,"535,524.3 ",,,,,,
7- 9.,"540,020.0 ","301,442.3 ","294,459.5 ","245,108.7 ","20,511.3 ","87,768.3 ",832.5 ,"105,509.7 ","26,554.4 ",-69.2 ,"-2,529.3 ","95,607.4 ","98,136.7 ",,"21,068.5 ","30,232.8 ","9,164.3 ","561,088.5 ",,"542,549.3 ","410,554.4 ","131,994.9 ",,"134,834.0 ",,"539,256.7 ",,,,,,
10-12.,"539,614.8 ","299,064.9 ","291,952.1 ","242,647.7 ","20,442.7 ","87,281.3 ","1,027.7 ","106,735.2 ","27,075.6 ",-42.9 ,"-1,969.6 ","90,955.5 ","92,925.1 ",,"21,994.6 ","31,417.7 ","9,423.1 ","561,609.5 ",,"541,584.5 ","407,816.5 ","133,767.9 ",,"134,799.6 ",,"538,630.0 ",,,,,,
2016/ 1- 3.,"545,098.5 ","298,185.9 ","291,005.0 ","241,772.8 ","20,310.3 ","86,416.3 ","1,145.2 ","108,009.3 ","27,748.0 ",-41.1 ,"3,324.6 ","87,883.5 ","84,558.9 ",,"20,216.2 ","29,429.0 ","9,212.7 ","565,314.8 ",,"541,773.9 ","406,057.7 ","135,716.2 ",,"134,474.6 ",,"543,994.5 ",,,,,,
4- 6.,"543,215.0 ","296,559.8 ","289,284.0 ","240,122.4 ","20,886.7 ","86,289.9 ","2,425.0 ","106,405.4 ","26,859.7 ",-188.8 ,"3,977.3 ","85,560.0 ","81,582.7 ",,"18,922.3 ","28,640.2 ","9,717.8 ","562,137.3 ",,"539,237.7 ","406,161.4 ","133,076.3 ",,"134,036.3 ",,"540,978.8 ",,,,,,
7- 9.,"543,607.0 ","297,125.8 ","289,733.1 ","240,663.1 ","21,242.6 ","86,249.9 ",356.2 ,"106,785.1 ","26,936.7 ",-284.0 ,"5,194.7 ","85,839.1 ","80,644.3 ",,"18,193.2 ","28,217.2 ","10,024.0 ","561,800.2 ",,"538,412.3 ","404,974.5 ","133,437.8 ",,"134,429.1 ",,"543,534.8 ",,,,,,
10-12.,"545,217.8 ","299,103.5 ","291,650.7 ","242,646.4 ","21,478.1 ","87,345.0 ","-1,454.5 ","106,914.7 ","27,066.8 ",-310.5 ,"5,074.6 ","90,071.5 ","84,996.8 ",,"18,474.3 ","28,532.4 ","10,058.1 ","563,692.0 ",,"540,143.1 ","406,472.2 ","133,671.0 ",,"135,889.9 ",,"546,982.7 ",,,,,,
2017/ 1- 3.,"547,168.8 ","300,657.8 ","293,210.5 ","244,248.0 ","21,398.4 ","88,066.1 ",-615.2 ,"107,141.9 ","27,502.9 ",-322.7 ,"3,339.5 ","95,234.4 ","91,894.8 ",,"20,924.5 ","31,426.3 ","10,501.9 ","568,093.3 ",,"543,829.3 ","409,507.2 ","134,322.1 ",,"136,967.5 ",,"548,106.7 ",,,,,,
4- 6.,"550,192.3 ","302,412.9 ","294,922.1 ","246,014.3 ","21,710.8 ","88,839.3 ",-392.1 ,"107,045.5 ","27,922.9 ",119.8 ,"2,533.2 ","94,763.2 ","92,230.0 ",,"19,626.9 ","30,259.0 ","10,632.1 ","569,819.2 ",,"547,659.1 ","412,570.9 ","135,088.2 ",,"138,473.0 ",,"550,464.6 ",,,,,,
7- 9.,"556,928.0 ","301,308.6 ","293,741.4 ","244,867.7 ","21,662.5 ","89,360.7 ","2,620.1 ","107,616.6 ","27,530.3 ",87.3 ,"6,741.9 ","98,367.2 ","91,625.3 ",,"21,029.5 ","31,436.6 ","10,407.0 ","577,957.6 ",,"550,186.1 ","414,951.9 ","135,234.2 ",,"138,553.6 ",,"554,220.6 ",,,,,,
10-12.,"558,181.4 ","303,929.5 ","296,435.8 ","247,616.1 ","21,071.8 ","90,754.8 ","3,009.5 ","107,638.4 ","27,573.5 ",100.6 ,"4,103.3 ","100,586.9 ","96,483.6 ",,"20,480.2 ","31,574.8 ","11,094.6 ","578,661.6 ",,"554,078.1 ","418,765.6 ","135,312.5 ",,"139,400.1 ",,"555,071.3 ",,,,,,
2018/ 1- 3.,"557,822.6 ","304,690.7 ","297,423.3 ","248,647.4 ","20,610.7 ","91,326.4 ","1,615.2 ","108,714.0 ","27,866.7 ",67.6 ,"2,931.3 ","101,170.6 ","98,239.3 ",,"20,063.3 ","32,209.5 ","12,146.2 ","577,885.9 ",,"554,891.2 ","418,243.0 ","136,648.2 ",,"139,803.8 ",,"556,139.7 ",,,,,,
4- 6.,"557,565.9 ","304,215.3 ","297,287.4 ","248,551.3 ","20,181.6 ","92,395.6 ","1,130.6 ","108,904.9 ","28,859.3 ",-32.4 ,"1,911.0 ","102,156.7 ","100,245.7 ",,"21,711.4 ","33,538.5 ","11,827.0 ","579,277.3 ",,"555,654.9 ","417,923.1 ","137,731.8 ",,"141,436.5 ",,"556,467.7 ",,,,,,
7- 9.,"554,029.2 ","305,052.0 ","298,402.6 ","249,690.8 ","20,255.0 ","89,282.0 ","2,524.7 ","108,811.1 ","28,411.6 ",-23.8 ,-283.5 ,"101,921.2 ","102,204.7 ",,"21,342.5 ","33,434.3 ","12,091.8 ","575,371.7 ",,"554,312.7 ","417,113.7 ","137,198.9 ",,"137,948.7 ",,"551,528.4 ",,,,,,
10-12.,"555,421.8 ","305,960.0 ","299,316.2 ","250,669.0 ","20,578.8 ","92,999.2 ","2,947.6 ","109,063.1 ","27,915.6 ",-71.1 ,"-3,971.4 ","102,412.9 ","106,384.3 ",,"22,143.9 ","34,621.2 ","12,477.3 ","577,565.7 ",,"559,393.2 ","422,485.5 ","136,907.7 ",,"141,493.6 ",,"552,545.3 ",,,,,,
2019/ 1- 3.,"559,266.0 ","305,185.7 ","298,275.8 ","249,638.3 ","21,104.2 ","92,385.9 ","2,897.5 ","109,719.3 ","28,529.0 ",-144.0 ,-411.5 ,"98,407.7 ","98,819.3 ",,"21,816.2 ","34,041.7 ","12,225.5 ","581,082.2 ",,"559,677.5 ","421,573.2 ","138,104.3 ",,"142,019.0 ",,"556,512.5 ",,,,,,
4- 6.,"561,464.2 ","307,077.9 ","299,917.2 ","251,302.9 ","21,526.2 ","92,751.5 ","2,994.7 ","111,099.2 ","28,727.7 ",-12.8 ,"-2,700.3 ","98,146.0 ","100,846.2 ",,"22,155.8 ","34,566.6 ","12,410.8 ","583,620.0 ",,"564,164.4 ","424,350.4 ","139,814.1 ",,"143,005.4 ",,"558,482.3 ",,,,,,
7- 9.,"562,946.3 ","308,970.3 ","301,671.3 ","253,083.8 ","21,628.0 ","93,490.7 ","1,635.3 ","111,502.8 ","29,110.4 ",-75.9 ,"-3,315.5 ","96,701.7 ","100,017.3 ",,"21,998.6 ","34,988.2 ","12,989.6 ","584,944.8 ",,"566,261.8 ","425,724.4 ","140,537.3 ",,"144,229.2 ",,"561,386.8 ",,,,,,
10-12.,"555,845.6 ","301,761.3 ","294,270.2 ","245,688.3 ","21,580.4 ","89,422.2 ","1,238.3 ","112,462.7 ","29,493.3 ",27.7 ,-140.3 ,"96,529.3 ","96,669.6 ",,"21,429.3 ","34,069.4 ","12,640.0 ","577,274.9 ",,"555,985.9 ","414,002.2 ","141,983.7 ",,"140,495.9 ",,"554,579.6 ",,,,,,
2020/ 1- 3.,"552,903.2 ","299,208.3 ","291,474.5 ","242,895.7 ","20,779.7 ","90,716.1 ","2,531.7 ","111,786.0 ","29,519.5 ",39.0 ,"-1,677.1 ","91,813.0 ","93,490.1 ",,"22,534.3 ","34,173.5 ","11,639.2 ","575,437.5 ",,"554,580.3 ","413,235.8 ","141,344.4 ",,"141,015.3 ",,"550,332.5 ",,,,,,
4- 6.,"510,843.0 ","273,724.9 ","265,703.5 ","217,124.7 ","20,659.8 ","84,486.9 ","1,311.7 ","111,775.0 ","30,214.4 ",3.2 ,"-11,332.8 ","73,158.4 ","84,491.2 ",,"19,972.5 ","30,686.6 ","10,714.1 ","530,815.5 ",,"522,175.8 ","380,183.3 ","141,992.5 ",,"135,361.1 ",,"509,528.1 ",,,,,,
7- 9.,"538,579.9 ","287,672.0 ","279,381.8 ","230,833.1 ","19,623.6 ","82,901.6 ","1,554.2 ","115,151.8 ","30,534.2 ",19.5 ,"1,123.0 ","80,503.7 ","79,380.7 ",,"19,831.2 ","30,886.8 ","11,055.6 ","558,411.1 ",,"537,456.9 ","391,751.4 ","145,705.4 ",,"133,059.4 ",,"537,006.3 ",,,,,,
10-12.,"551,223.4 ","292,814.5 ","284,371.6 ","235,857.6 ","19,574.7 ","86,069.5 ",-844.1 ,"116,522.4 ","30,801.6 ",-17.1 ,"6,302.1 ","89,530.0 ","83,227.9 ",,"22,159.8 ","31,995.3 ","9,835.5 ","573,383.2 ",,"544,921.4 ","397,614.6 ","147,306.8 ",,"136,445.7 ",,"552,084.7 ",,,,,,
2021/ 1- 3.,"545,158.6 ","290,290.7 ","281,814.7 ","233,272.5 ","19,972.3 ","85,856.8 ","1,229.0 ","115,357.8 ","30,721.6 ",41.2 ,"1,689.2 ","93,571.4 ","91,882.2 ",,"22,450.7 ","33,451.1 ","11,000.4 ","567,609.3 ",,"543,469.4 ","397,348.8 ","146,120.6 ",,"136,550.7 ",,"543,888.4 ",,,,,,
4- 6.,"544,417.2 ","290,749.5 ","282,247.5 ","233,698.5 ","20,761.4 ","88,376.7 ",-974.5 ,"117,279.3 ","30,520.9 ",2.9 ,"-2,298.9 ","99,513.6 ","101,812.5 ",,"22,716.3 ","33,673.3 ","10,957.0 ","567,133.6 ",,"546,716.1 ","398,913.1 ","147,803.0 ",,"139,659.0 ",,"545,388.9 ",,,,,,
＊年率で表示している。,,,,,,,,,,,,,,,,,,,,,,,,,,,,,,,,
,,,,,,,,,,,,,,,,,,,,,,,,,,,,,,,,
