é¿éøãGêﬂí≤êÆånóÒ,,,,,,,,,,,,,,,,,,,,,,,,(íPà :2015óÔîNòAçΩâøäiÅA10â≠â~)
"Real, Seasonally Adjusted Series",,,,,,,,,,,,,,,,,,,,,,,,(Billions of Chained (2015) Yen)
,â∆åvç≈èIè¡îÔéxèoÅiçƒåfÅj,,,,,,,,,å`ë‘ï ëçå≈íËéëñ{å`ê¨,,,,,ëçéëñ{å`ê¨,,,ç‡â›ÅEÉTÅ[ÉrÉX,,,,,,
,,ãèèZé“â∆åvÇÃäCäOÇ≈ÇÃíºê⁄çwì¸,ÅiçTèúÅjîÒãèèZé“â∆åvÇÃçëì‡Ç≈ÇÃíºê⁄çwì¸,çëì‡â∆åvç≈èIè¡îÔéxèo,,,,,,èZëÓ,ÇªÇÃëºÇÃåöï®ÅEç\ízï®,óAëóópã@äB,ÇªÇÃëºÇÃã@äBê›îıìô,ímìIç‡éYê∂éYï®,,Ç§Çøç›å…ïœìÆ,,èÉóAèoÅiçƒåfÅj,óAèoÅiçƒåfÅj,,,óAì¸ÅiçƒåfÅj,,
,,,,,ëœãvç‡,îºëœãvç‡,îÒëœãvç‡,ÉTÅ[ÉrÉX,,,,,,,,,,,,ç‡â›,ÉTÅ[ÉrÉXÅiä‹ÇﬁîÒãèèZé“â∆åvÇÃçëì‡Ç≈ÇÃíºê⁄çwì¸Åj,,ç‡â›,ÉTÅ[ÉrÉXÅiä‹ÇﬁãèèZé“â∆åvÇÃäCäOÇ≈ÇÃíºê⁄çwì¸Åj
,"Consumptionof Households(id, at ÅòÇh)",DirectPurchasesAbroad byResidentHouseholds,(Less) DirectPurchases inthe DomesticMarket byNon-ResidentHouseholds ,Domestic FinalConsumptionExpenditure ofHouseholds,DurableGoods,Semi-DurableGoods,Non-DurableGoods,Services,,Gross Fixed Capital Formation by Type,,,,,Gross CapitalFormation,Of WhichChange inInventories,,Goods & Services,,,,,,
,,,,,,,,,,ResidentialInvestment,Other Buildingsand Structures,TransportEquipment,OtherMachinery andEquipment etc.,IntellectualPropertyProducts,,,,"Net Exports(id, at ÅòÇh)","Exports(id, at ÅòÇh)",,,"Imports(id, at ÅòÇh)",,
,,,,,,,,,,,,,,,,,,,,Goods,ServicesÅiIncluding DirectPurchases in theDomestic Marketby Non-ResidentHouseholds),,Goods,ServicesÅiIncluding DirectPurchasesAbroad byResidentHouseholds)
1994/ 1- 3.,"243,622.8 ","5,873.1 ",275.2 ,"239,766.6 ","6,855.6 ","20,869.5 ","81,193.6 ","142,037.2 ",,"31,296.6 ","65,936.1 ","6,723.5 ","23,697.8 ","18,487.2 ","143,887.0 ","3,825.1 ",,"-7,719.5 ","37,756.3 ","31,797.3 ","6,032.9 ","45,475.8 ","30,861.4 ","13,835.1 "
4- 6.,"244,885.7 ","5,873.2 ",275.7 ,"241,020.9 ","7,098.4 ","21,455.5 ","81,302.5 ","141,906.9 ",,"32,492.6 ","65,792.3 ","6,671.5 ","24,349.9 ","18,484.0 ","139,563.9 ","-2,395.9 ",,"-8,363.6 ","37,964.2 ","31,906.8 ","6,147.1 ","46,327.8 ","31,619.6 ","13,923.3 "
7- 9.,"246,652.1 ","5,802.2 ",230.7 ,"242,762.9 ","7,411.5 ","20,974.9 ","82,323.7 ","142,408.3 ",,"35,050.3 ","62,230.5 ","6,892.9 ","24,606.9 ","18,810.5 ","142,837.6 ",395.3 ,,"-9,066.7 ","38,658.7 ","32,801.2 ","5,873.7 ","47,725.3 ","32,870.2 ","14,061.3 "
10-12.,"246,735.6 ","5,718.5 ",224.5 ,"242,874.0 ","7,589.7 ","20,901.0 ","81,877.2 ","142,460.5 ",,"33,666.1 ","61,444.2 ","6,854.9 ","25,366.6 ","18,890.5 ","140,834.9 ",-903.0 ,,"-9,378.2 ","38,820.9 ","33,046.3 ","5,764.5 ","48,199.1 ","33,854.4 ","13,575.8 "
1995/ 1- 3.,"248,825.5 ","6,043.0 ",191.3 ,"244,787.8 ","7,996.2 ","21,426.6 ","83,163.2 ","141,526.0 ",,"32,598.3 ","61,845.1 ","7,053.4 ","25,434.9 ","18,572.3 ","143,012.7 ","2,258.7 ",,"-10,499.5 ","39,312.0 ","33,577.8 ","5,695.6 ","49,811.5 ","34,627.8 ","14,371.1 "
4- 6.,"250,803.6 ","6,643.1 ",180.2 ,"246,499.1 ","8,431.4 ","21,501.4 ","83,320.7 ","141,800.5 ",,"32,021.9 ","61,915.0 ","7,419.8 ","27,746.4 ","19,238.4 ","145,679.5 ","1,298.6 ",,"-11,408.0 ","39,898.0 ","34,207.8 ","5,620.4 ","51,306.0 ","36,386.1 ","14,118.8 "
7- 9.,"252,124.0 ","6,768.9 ",221.5 ,"247,796.7 ","8,379.8 ","21,818.7 ","84,153.5 ","142,265.8 ",,"31,350.3 ","66,275.3 ","6,965.8 ","28,145.8 ","19,398.7 ","150,549.3 ","2,277.8 ",,"-13,893.1 ","40,274.0 ","33,889.7 ","6,469.2 ","54,167.1 ","38,269.6 ","15,044.5 "
10-12.,"253,857.7 ","6,789.5 ",250.6 ,"249,536.3 ","8,469.3 ","21,907.5 ","84,620.1 ","143,352.3 ",,"31,995.2 ","66,138.6 ","6,796.4 ","29,055.0 ","19,889.8 ","151,624.7 ","1,243.9 ",,"-16,596.1 ","40,158.3 ","33,597.5 ","6,695.5 ","56,754.3 ","40,139.5 ","15,723.3 "
1996/ 1- 3.,"253,165.9 ","6,830.8 ",291.5 ,"248,871.1 ","8,595.4 ","20,990.1 ","82,756.9 ","144,902.4 ",,"33,410.6 ","67,958.2 ","6,699.9 ","29,575.1 ","20,179.3 ","155,689.5 ","2,161.2 ",,"-17,003.7 ","40,800.9 ","33,975.1 ","7,010.9 ","57,804.6 ","40,683.8 ","16,202.4 "
4- 6.,"256,287.5 ","6,236.5 ",312.5 ,"252,219.8 ","8,821.2 ","20,768.3 ","84,340.0 ","146,654.0 ",,"34,851.4 ","66,508.5 ","6,852.5 ","31,333.2 ","20,652.2 ","160,060.0 ","3,177.7 ",,"-18,807.1 ","40,752.1 ","33,800.8 ","7,175.5 ","59,559.2 ","42,570.9 ","16,076.8 "
7- 9.,"256,488.3 ","6,287.8 ",326.9 ,"252,413.4 ","9,103.6 ","20,822.0 ","82,785.2 ","147,371.3 ",,"36,127.5 ","63,274.9 ","7,090.9 ","32,235.8 ","20,865.3 ","158,810.0 ","1,683.8 ",,"-17,523.2 ","41,971.9 ","34,854.0 ","7,339.5 ","59,495.1 ","42,280.1 ","16,291.6 "
10-12.,"259,050.2 ","6,299.4 ",343.7 ,"254,968.3 ","9,364.6 ","20,456.4 ","84,265.7 ","148,426.4 ",,"36,727.9 ","61,747.9 ","7,238.8 ","32,588.9 ","21,348.2 ","159,319.3 ","2,713.1 ",,"-16,495.6 ","43,759.5 ","36,457.3 ","7,501.1 ","60,255.1 ","42,647.9 ","16,662.9 "
1997/ 1- 3.,"262,977.4 ","6,045.9 ",393.3 ,"259,038.0 ","9,831.6 ","21,625.8 ","84,821.3 ","149,757.4 ",,"35,774.6 ","60,149.9 ","7,106.1 ","32,980.7 ","21,641.3 ","155,641.9 ",-239.0 ,,"-15,674.9 ","45,099.6 ","37,493.0 ","7,833.8 ","60,774.5 ","43,115.6 ","16,711.6 "
4- 6.,"256,080.1 ","5,727.0 ",363.6 ,"252,305.9 ","9,054.7 ","20,231.2 ","81,184.7 ","149,422.8 ",,"32,590.5 ","61,358.4 ","6,925.8 ","32,829.6 ","21,529.9 ","155,734.2 ","2,571.4 ",,"-12,734.0 ","47,011.9 ","39,322.8 ","7,851.2 ","59,745.9 ","42,627.9 ","16,199.0 "
7- 9.,"256,492.7 ","5,542.6 ",368.1 ,"252,813.8 ","8,762.2 ","19,955.5 ","82,068.8 ","150,272.9 ",,"30,682.4 ","62,433.3 ","6,338.2 ","32,689.7 ","22,070.1 ","157,029.1 ","4,735.9 ",,"-13,215.8 ","46,383.2 ","38,932.1 ","7,568.7 ","59,599.0 ","42,550.4 ","16,133.2 "
10-12.,"255,864.3 ","5,020.9 ",379.6 ,"252,452.4 ","8,625.7 ","18,966.9 ","81,912.8 ","151,422.5 ",,"29,436.7 ","62,324.9 ","6,418.8 ","32,359.4 ","22,226.5 ","155,187.6 ","4,193.2 ",,"-10,848.9 ","47,396.0 ","39,540.0 ","8,049.4 ","58,245.0 ","41,445.8 ","15,897.6 "
1998/ 1- 3.,"255,274.4 ","4,764.4 ",353.9 ,"251,990.3 ","8,288.0 ","20,050.5 ","83,072.2 ","149,656.9 ",,"28,608.3 ","60,816.5 ","5,644.8 ","31,300.0 ","22,597.4 ","150,451.5 ","3,757.7 ",,"-11,533.2 ","46,178.7 ","38,558.2 ","7,798.7 ","57,711.8 ","40,971.4 ","15,843.1 "
4- 6.,"254,764.2 ","4,596.9 ",366.7 ,"251,590.2 ","8,182.2 ","19,549.7 ","82,467.5 ","150,551.7 ",,"28,055.6 ","60,395.3 ","5,172.7 ","30,575.9 ","23,570.1 ","146,934.3 ","1,766.0 ",,"-9,905.4 ","45,262.3 ","37,985.7 ","7,393.6 ","55,167.6 ","38,596.2 ","15,689.6 "
7- 9.,"256,402.4 ","4,531.2 ",397.5 ,"253,286.3 ","8,389.6 ","19,305.8 ","83,827.1 ","150,850.7 ",,"27,447.2 ","61,660.3 ","5,533.6 ","30,504.0 ","23,128.6 ","145,425.4 ",-479.2 ,,"-9,825.8 ","45,432.7 ","37,974.9 ","7,622.7 ","55,258.5 ","39,148.9 ","15,247.3 "
10-12.,"255,861.9 ","4,924.0 ",311.2 ,"252,459.4 ","8,560.3 ","18,857.0 ","82,937.2 ","150,783.4 ",,"26,942.5 ","64,732.1 ","5,282.5 ","29,567.3 ","23,209.8 ","149,134.4 ","1,929.4 ",,"-9,331.3 ","44,608.0 ","37,716.2 ","6,924.9 ","53,939.3 ","38,131.8 ","14,962.7 "
1999/ 1- 3.,"256,795.9 ","5,265.7 ",295.5 ,"253,167.5 ","8,665.0 ","18,031.8 ","83,552.9 ","151,599.7 ",,"26,614.8 ","60,960.4 ","6,083.4 ","30,069.5 ","23,159.0 ","141,523.9 ","-3,629.7 ",,"-10,892.5 ","44,708.1 ","37,897.9 ","6,817.7 ","55,600.6 ","39,691.1 ","15,077.2 "
4- 6.,"256,910.1 ","5,072.1 ",317.2 ,"253,409.2 ","8,700.5 ","18,079.5 ","83,895.3 ","151,422.0 ",,"28,329.0 ","61,486.0 ","5,477.3 ","29,850.9 ","23,350.8 ","142,715.4 ","-3,829.2 ",,"-11,523.2 ","45,111.1 ","38,159.9 ","6,983.0 ","56,634.3 ","40,767.4 ","15,053.4 "
7- 9.,"258,536.2 ","5,749.6 ",276.2 ,"254,594.3 ","8,924.9 ","17,924.2 ","83,482.9 ","152,616.9 ",,"28,462.1 ","59,510.0 ","5,506.7 ","30,033.8 ","23,317.7 ","141,484.7 ","-3,492.8 ",,"-11,019.2 ","47,049.2 ","40,356.9 ","6,571.1 ","58,068.4 ","41,799.9 ","15,435.3 "
10-12.,"259,289.6 ","5,443.5 ",259.1 ,"255,510.2 ","9,054.1 ","17,082.0 ","84,444.2 ","153,288.3 ",,"27,260.9 ","59,141.4 ","5,686.5 ","30,741.6 ","23,773.1 ","140,725.2 ","-3,941.6 ",,"-11,686.0 ","48,123.1 ","41,043.0 ","7,024.6 ","59,809.2 ","43,354.1 ","15,628.2 "
2000/ 1- 3.,"261,075.8 ","5,191.2 ",255.8 ,"257,422.4 ","9,497.4 ","17,851.6 ","83,475.0 ","154,221.9 ",,"27,506.2 ","57,698.4 ","6,160.7 ","31,371.6 ","23,924.3 ","143,960.7 ","-1,464.4 ",,"-9,120.2 ","50,708.5 ","43,399.7 ","7,221.8 ","59,828.6 ","44,320.9 ","14,780.2 "
4- 6.,"260,987.8 ","5,166.5 ",254.0 ,"257,347.3 ","9,556.0 ","17,645.3 ","83,421.5 ","154,260.0 ",,"28,171.6 ","58,889.7 ","6,034.8 ","29,905.8 ","23,699.2 ","145,788.8 ","1,368.8 ",,"-9,887.1 ","52,332.8 ","44,941.0 ","7,272.2 ","62,219.9 ","46,900.5 ","14,645.9 "
7- 9.,"261,727.0 ","5,155.3 ",269.3 ,"258,100.7 ","10,003.5 ","17,256.3 ","83,731.4 ","154,079.4 ",,"27,525.7 ","58,814.4 ","6,157.5 ","31,090.5 ","24,598.9 ","145,075.4 ","-1,083.0 ",,"-10,673.3 ","53,199.5 ","45,452.8 ","7,672.7 ","63,872.8 ","48,246.6 ","14,943.2 "
10-12.,"265,037.3 ","5,059.2 ",289.8 ,"261,459.1 ","10,686.3 ","17,495.1 ","83,992.3 ","155,438.5 ",,"28,049.7 ","58,372.3 ","6,379.0 ","32,060.9 ","24,516.9 ","148,094.1 ",205.2 ,,"-13,226.8 ","52,968.8 ","45,127.8 ","7,791.7 ","66,195.6 ","50,560.4 ","14,980.8 "
2001/ 1- 3.,"266,470.8 ","4,807.4 ",289.1 ,"263,003.1 ","11,198.8 ","17,702.1 ","85,230.3 ","154,576.2 ",,"28,146.9 ","59,383.6 ","6,304.5 ","32,481.0 ","25,154.9 ","152,213.2 ","2,172.8 ",,"-15,263.2 ","51,054.3 ","43,344.8 ","7,683.3 ","66,317.5 ","50,331.7 ","15,294.6 "
4- 6.,"268,468.7 ","4,589.7 ",288.5 ,"265,102.6 ","11,560.4 ","17,684.9 ","84,584.5 ","156,505.7 ",,"26,589.4 ","54,678.9 ","6,873.3 ","31,762.4 ","25,313.5 ","146,173.4 ","2,140.0 ",,"-15,717.4 ","49,154.0 ","41,460.8 ","7,708.7 ","64,871.4 ","48,658.1 ","15,483.3 "
7- 9.,"268,204.6 ","4,505.2 ",258.5 ,"264,867.8 ","11,025.2 ","17,491.5 ","85,745.7 ","156,727.2 ",,"26,417.9 ","55,164.4 ","6,393.8 ","30,348.2 ","25,951.6 ","140,252.6 ","-2,403.1 ",,"-14,883.3 ","48,073.7 ","40,401.9 ","7,708.3 ","62,956.9 ","47,036.6 ","15,198.0 "
10-12.,"267,735.8 ","2,981.6 ",276.1 ,"265,214.9 ","11,326.5 ","17,442.2 ","85,087.3 ","157,001.2 ",,"26,534.7 ","53,427.6 ","5,951.1 ","28,936.3 ","25,459.3 ","137,406.2 ","-1,143.1 ",,"-13,939.7 ","47,152.2 ","39,524.3 ","7,678.8 ","61,092.0 ","46,834.6 ","13,672.2 "
2002/ 1- 3.,"269,390.5 ","3,767.3 ",302.4 ,"266,470.4 ","11,625.1 ","16,982.0 ","85,485.8 ","157,759.5 ",,"26,260.6 ","53,487.7 ","6,220.8 ","27,944.0 ","25,934.0 ","134,670.3 ","-3,583.9 ",,"-12,308.3 ","49,302.6 ","41,601.5 ","7,714.6 ","61,610.9 ","46,393.9 ","14,528.7 "
4- 6.,"271,807.3 ","4,436.9 ",285.0 ,"268,500.7 ","11,602.4 ","16,439.1 ","87,010.3 ","159,123.0 ",,"26,320.5 ","51,390.3 ","6,086.0 ","27,647.1 ","26,124.2 ","133,689.0 ","-2,474.3 ",,"-10,534.1 ","52,916.8 ","44,476.9 ","8,478.1 ","63,451.0 ","47,204.3 ","15,471.0 "
7- 9.,"272,159.4 ","4,547.4 ",274.2 ,"268,790.7 ","12,012.3 ","16,553.5 ","86,663.8 ","158,716.6 ",,"26,225.9 ","50,951.8 ","6,555.6 ","28,445.6 ","26,461.2 ","135,604.9 ","-1,589.9 ",,"-12,267.8 ","53,286.1 ","45,093.3 ","8,188.3 ","65,553.9 ","49,346.6 ","15,486.2 "
10-12.,"271,448.3 ","4,440.7 ",289.8 ,"268,158.7 ","12,075.1 ","16,393.0 ","86,157.2 ","158,536.1 ",,"25,895.2 ","50,913.7 ","6,930.7 ","28,041.4 ","26,343.7 ","136,643.0 ",328.3 ,,"-11,388.7 ","55,127.7 ","46,777.9 ","8,328.0 ","66,516.4 ","49,964.1 ","15,808.3 "
2003/ 1- 3.,"272,431.4 ","4,828.1 ",676.5 ,"269,243.1 ","12,270.4 ","15,805.9 ","85,863.1 ","160,089.5 ",,"25,715.3 ","49,928.0 ","6,441.7 ","28,238.2 ","26,374.5 ","134,864.3 ",-542.5 ,,"-11,133.7 ","55,864.5 ","46,541.4 ","9,403.4 ","66,998.3 ","50,386.7 ","15,868.3 "
4- 6.,"271,747.9 ","2,966.3 ",504.8 ,"269,556.3 ","13,412.4 ","15,812.4 ","85,687.4 ","158,253.0 ",,"25,806.9 ","49,484.2 ","7,360.8 ","28,924.5 ","26,493.9 ","136,291.9 ",-580.0 ,,"-8,772.2 ","55,995.9 ","47,264.6 ","8,741.7 ","64,768.1 ","51,984.8 ","12,507.4 "
7- 9.,"271,524.7 ","4,179.0 ",760.4 ,"268,808.3 ","13,029.9 ","15,861.0 ","84,671.5 ","159,105.2 ",,"26,264.2 ","47,836.1 ","7,052.6 ","28,584.8 ","26,622.9 ","136,724.1 ","1,722.1 ",,"-8,353.5 ","57,995.9 ","48,885.4 ","9,131.4 ","66,349.4 ","51,891.4 ","13,988.2 "
10-12.,"275,194.7 ","4,947.8 ",748.7 ,"271,975.2 ","13,646.8 ","15,666.8 ","86,416.1 ","159,793.0 ",,"25,939.7 ","47,828.3 ","7,113.9 ","30,245.0 ","27,095.8 ","136,188.2 ","-1,089.7 ",,"-6,894.9 ","60,960.3 ","51,804.1 ","9,131.8 ","67,855.2 ","52,473.6 ","14,818.0 "
2004/ 1- 3.,"275,149.6 ","4,969.6 ",792.1 ,"271,957.5 ","13,872.4 ","15,409.5 ","86,458.6 ","159,585.1 ",,"26,190.4 ","46,511.5 ","7,054.9 ","30,010.8 ","26,870.8 ","138,301.8 ","2,566.2 ",,"-5,973.6 ","63,963.3 ","54,137.5 ","9,825.0 ","69,936.9 ","54,453.6 ","14,959.0 "
4- 6.,"275,585.4 ","5,211.3 ",840.0 ,"272,283.8 ","13,856.2 ","15,236.4 ","85,402.3 ","161,042.2 ",,"26,695.0 ","45,494.6 ","7,147.3 ","30,232.4 ","27,028.3 ","137,081.1 ","1,289.8 ",,"-5,053.9 ","66,068.4 ","55,839.4 ","10,238.1 ","71,122.3 ","54,868.9 ","15,637.9 "
7- 9.,"277,738.1 ","5,255.1 ",872.6 ,"274,432.4 ","14,184.1 ","14,985.2 ","87,096.9 ","161,393.1 ",,"26,756.1 ","45,855.0 ","7,312.9 ","30,637.0 ","26,732.5 ","138,434.2 ","2,184.5 ",,"-6,045.2 ","66,640.0 ","56,014.7 ","10,665.0 ","72,685.2 ","56,352.1 ","15,748.2 "
10-12.,"276,169.4 ","5,358.9 ",831.3 ,"272,762.9 ","14,018.3 ","14,923.7 ","85,362.4 ","161,577.5 ",,"26,798.7 ","45,270.7 ","6,940.8 ","32,010.8 ","27,342.2 ","139,754.8 ","2,041.5 ",,"-7,337.3 ","67,514.9 ","56,478.4 ","11,102.3 ","74,852.2 ","58,325.8 ","15,972.2 "
2005/ 1- 3.,"277,795.3 ","5,085.2 ",876.8 ,"274,598.5 ","14,226.1 ","15,253.5 ","84,953.6 ","163,102.4 ",,"26,361.3 ","44,914.7 ","7,467.3 ","32,853.5 ","27,641.1 ","140,156.5 ","1,357.5 ",,"-7,516.3 ","66,832.5 ","56,742.8 ","10,081.7 ","74,348.8 ","58,065.8 ","15,756.0 "
4- 6.,"279,578.6 ","4,827.7 ",928.3 ,"276,588.7 ","14,911.7 ","15,170.9 ","85,199.5 ","163,771.7 ",,"26,087.7 ","44,651.0 ","7,737.4 ","33,988.4 ","27,760.1 ","140,981.0 ","1,285.5 ",,"-5,972.3 ","69,716.9 ","59,061.0 ","10,656.5 ","75,689.2 ","59,932.8 ","15,349.8 "
7- 9.,"282,244.2 ","4,687.8 ",996.4 ,"279,402.0 ","15,272.2 ","15,352.1 ","85,955.4 ","165,138.8 ",,"26,578.0 ","45,464.6 ","7,831.2 ","35,010.5 ","28,269.7 ","143,377.1 ",790.2 ,,"-5,939.7 ","71,907.6 ","60,973.5 ","10,928.5 ","77,847.3 ","61,562.8 ","15,850.7 "
10-12.,"282,252.1 ","4,368.4 ","1,044.6 ","279,662.8 ","14,967.1 ","15,586.8 ","86,019.9 ","165,648.4 ",,"26,844.1 ","44,306.4 ","7,520.8 ","34,214.6 ","27,974.3 ","141,280.0 ",458.8 ,,"-3,516.5 ","74,396.7 ","62,864.5 ","11,544.4 ","77,913.2 ","61,933.1 ","15,590.3 "
2006/ 1- 3.,"283,231.1 ","3,208.5 ",679.7 ,"281,099.8 ","15,333.2 ","15,695.5 ","85,829.4 ","166,542.7 ",,"26,596.1 ","44,122.8 ","7,701.6 ","34,637.1 ","28,054.0 ","140,750.9 ",-194.7 ,,"-3,186.1 ","76,104.8 ","64,471.3 ","11,634.4 ","79,290.9 ","63,664.4 ","15,289.4 "
4- 6.,"282,898.1 ","3,412.8 ",731.6 ,"280,682.3 ","15,344.0 ","15,880.3 ","84,386.1 ","167,196.3 ",,"26,470.9 ","43,903.9 ","7,556.2 ","35,307.8 ","28,312.1 ","141,107.6 ",-109.7 ,,"-2,961.0 ","77,394.2 ","66,012.1 ","11,349.8 ","80,355.3 ","64,289.8 ","15,693.1 "
7- 9.,"280,641.5 ","3,185.9 ",728.9 ,"278,588.1 ","14,535.8 ","15,967.8 ","83,066.7 ","167,513.3 ",,"26,522.8 ","42,739.7 ","7,556.0 ","35,270.2 ","28,347.2 ","140,725.6 ",800.8 ,,"-1,463.3 ","78,832.7 ","67,217.4 ","11,583.5 ","80,296.0 ","64,143.2 ","15,768.1 "
10-12.,"284,959.3 ","3,106.6 ",778.5 ,"283,002.2 ","16,032.6 ","16,289.6 ","83,494.7 ","168,808.9 ",,"26,440.8 ","42,421.3 ","7,683.0 ","36,558.4 ","28,677.8 ","142,542.8 ",633.8 ,,-526.0 ,"79,739.5 ","67,787.1 ","11,934.2 ","80,265.5 ","63,977.0 ","15,890.6 "
2007/ 1- 3.,"285,214.3 ","3,060.2 ",811.8 ,"283,325.9 ","15,932.1 ","15,819.9 ","82,663.7 ","170,518.1 ",,"26,049.5 ","41,242.8 ","7,554.9 ","37,260.8 ","28,977.2 ","143,956.2 ","2,256.3 ",,652.4 ,"81,650.5 ","69,469.8 ","12,156.5 ","80,998.1 ","64,507.7 ","16,092.0 "
4- 6.,"286,891.2 ","3,048.2 ",790.7 ,"284,991.6 ","16,176.5 ","16,217.7 ","83,267.8 ","170,911.0 ",,"25,604.2 ","40,956.9 ","7,364.1 ","36,777.8 ","28,987.3 ","140,786.6 ","1,149.1 ",,"1,361.1 ","83,647.4 ","70,870.7 ","12,773.8 ","82,286.3 ","64,938.4 ","16,910.3 "
7- 9.,"284,080.1 ","2,961.9 ",853.5 ,"282,309.2 ","15,107.7 ","15,802.2 ","83,173.5 ","170,376.4 ",,"23,542.1 ","40,181.3 ","7,002.8 ","36,515.1 ","28,953.5 ","137,931.9 ","1,694.7 ",,"4,235.1 ","85,731.8 ","72,964.4 ","12,743.0 ","81,496.7 ","64,386.1 ","16,683.8 "
10-12.,"284,547.8 ","2,972.6 ",884.5 ,"282,797.1 ","16,051.8 ","15,800.0 ","83,261.0 ","169,340.8 ",,"20,973.4 ","39,766.3 ","7,536.4 ","36,780.8 ","28,788.0 ","137,343.0 ","3,013.9 ",,"5,569.2 ","88,164.2 ","75,301.8 ","12,822.1 ","82,595.0 ","65,867.9 ","16,332.9 "
2008/ 1- 3.,"285,863.5 ","3,069.0 ",892.8 ,"284,038.7 ","16,788.9 ","15,849.7 ","83,545.8 ","169,211.0 ",,"21,591.6 ","38,814.3 ","7,486.3 ","37,089.3 ","28,965.7 ","136,658.7 ","1,746.9 ",,"6,619.3 ","90,365.4 ","77,604.3 ","12,701.6 ","83,746.1 ","66,458.1 ","16,864.4 "
4- 6.,"282,589.3 ","2,926.5 ",875.4 ,"280,868.7 ","17,087.3 ","15,680.7 ","82,578.4 ","166,640.1 ",,"22,467.5 ","37,431.7 ","7,323.3 ","36,893.6 ","29,088.3 ","137,772.7 ","4,247.6 ",,"7,225.7 ","88,613.1 ","75,532.4 ","13,055.0 ","81,387.4 ","65,382.3 ","15,645.5 "
7- 9.,"281,760.5 ","2,641.0 ",847.8 ,"280,253.9 ","17,141.9 ","15,625.3 ","82,173.4 ","166,360.1 ",,"22,998.5 ","37,171.6 ","7,100.5 ","36,079.5 ","28,844.9 ","132,035.9 ",-333.1 ,,"7,129.7 ","88,709.0 ","75,773.3 ","12,893.9 ","81,579.2 ","65,636.2 ","15,590.5 "
10-12.,"277,299.8 ","3,187.8 ",795.5 ,"275,296.5 ","16,113.7 ","15,052.0 ","79,156.1 ","166,160.9 ",,"22,788.8 ","37,431.9 ","6,222.6 ","34,068.6 ","28,686.6 ","136,710.9 ","7,037.0 ",,"-5,672.2 ","77,459.3 ","64,744.9 ","12,749.0 ","83,131.5 ","65,994.1 ","16,722.6 "
2009/ 1- 3.,"275,827.1 ","2,840.1 ",784.8 ,"274,089.0 ","15,369.9 ","15,504.1 ","79,921.1 ","164,798.1 ",,"20,867.0 ","36,259.1 ","5,533.6 ","31,438.4 ","28,402.4 ","119,403.5 ","-3,511.0 ",,"-12,034.8 ","57,711.5 ","46,356.9 ","11,401.4 ","69,746.3 ","54,250.3 ","15,171.7 "
4- 6.,"278,268.8 ","2,516.2 ",741.7 ,"276,740.0 ","16,386.7 ","15,059.9 ","81,042.1 ","165,467.3 ",,"18,928.8 ","40,165.1 ","5,393.7 ","28,567.8 ","27,733.4 ","116,241.3 ","-4,261.1 ",,"-3,658.1 ","62,977.6 ","51,546.2 ","11,454.7 ","66,635.7 ","51,603.2 ","14,736.4 "
7- 9.,"280,278.7 ","2,680.6 ",827.2 ,"278,705.8 ","17,704.5 ","14,829.7 ","81,357.4 ","165,598.2 ",,"17,645.3 ","36,905.6 ","5,718.6 ","29,378.4 ","26,925.5 ","110,404.1 ","-6,238.0 ",,"-1,081.0 ","69,098.1 ","57,620.6 ","11,474.3 ","70,179.1 ","55,529.8 ","14,333.3 "
10-12.,"282,018.4 ","2,692.1 ",926.9 ,"280,530.2 ","18,773.1 ","14,651.4 ","81,939.6 ","165,644.6 ",,"17,106.0 ","36,192.2 ","6,349.4 ","29,121.1 ","27,466.5 ","111,060.4 ","-4,850.7 ",,"2,196.5 ","73,995.5 ","62,490.7 ","11,479.3 ","71,798.9 ","56,992.0 ","14,503.2 "
2010/ 1- 3.,"283,034.5 ","2,777.5 ",986.9 ,"281,541.2 ","19,849.3 ","14,476.2 ","82,211.8 ","165,265.6 ",,"18,053.7 ","35,624.1 ","6,607.8 ","29,765.8 ","26,982.2 ","113,998.2 ","-3,426.3 ",,"4,525.9 ","78,394.4 ","66,481.5 ","11,870.0 ","73,868.6 ","58,691.1 ","14,897.3 "
4- 6.,"285,146.5 ","3,044.8 ","1,007.5 ","283,483.5 ","20,188.5 ","14,499.7 ","83,344.6 ","165,754.5 ",,"18,059.2 ","34,999.0 ","6,724.9 ","29,935.2 ","27,002.5 ","116,051.7 ",-909.9 ,,"4,654.0 ","82,177.0 ","70,004.4 ","12,112.0 ","77,522.9 ","61,935.9 ","15,342.2 "
7- 9.,"289,481.7 ","3,108.4 ","1,072.6 ","287,828.5 ","21,530.0 ","14,505.8 ","85,899.4 ","166,074.8 ",,"18,283.3 ","35,922.1 ","6,145.0 ","30,206.6 ","27,039.5 ","119,905.3 ","2,143.9 ",,"5,483.9 ","84,481.9 ","71,627.4 ","12,801.7 ","78,998.0 ","63,377.8 ","15,402.8 "
10-12.,"284,412.7 ","3,011.1 ",985.7 ,"282,752.4 ","21,326.0 ","14,438.8 ","81,103.6 ","165,755.0 ",,"18,879.6 ","36,008.1 ","5,813.2 ","29,904.5 ","27,155.4 ","120,196.3 ","2,503.2 ",,"5,245.3 ","84,770.3 ","72,058.6 ","12,651.9 ","79,525.1 ","63,962.0 ","15,356.3 "
2011/ 1- 3.,"279,473.0 ","2,926.2 ",881.2 ,"277,779.5 ","19,430.2 ","14,200.6 ","81,183.4 ","163,169.1 ",,"19,578.8 ","37,740.2 ","5,211.6 ","30,071.1 ","26,644.8 ","120,575.2 ",980.3 ,,"3,454.5 ","84,020.8 ","71,067.5 ","12,906.1 ","80,566.3 ","64,641.3 ","15,698.2 "
4- 6.,"281,361.0 ","2,595.9 ",462.7 ,"279,483.3 ","20,472.9 ","14,556.3 ","80,436.4 ","164,037.7 ",,"19,089.1 ","36,172.1 ","5,391.1 ","31,054.9 ","26,677.1 ","119,143.3 ",582.0 ,,"-2,465.2 ","77,682.7 ","65,768.5 ","11,869.8 ","80,147.9 ","65,424.6 ","14,507.3 "
7- 9.,"285,686.0 ","2,827.9 ",688.6 ,"283,861.3 ","20,866.3 ","14,816.2 ","81,968.0 ","166,275.9 ",,"19,854.4 ","35,254.2 ","6,222.2 ","31,989.6 ","26,786.3 ","122,234.3 ","1,885.3 ",,"2,209.6 ","84,995.6 ","72,879.6 ","12,041.2 ","82,786.0 ","67,199.8 ","15,345.3 "
10-12.,"287,218.8 ","2,921.2 ",838.1 ,"285,472.8 ","21,778.7 ","14,808.7 ","81,250.4 ","167,537.5 ",,"19,514.2 ","35,557.6 ","6,931.0 ","33,021.8 ","27,032.6 ","122,860.3 ",689.8 ,,"-1,510.2 ","82,713.9 ","70,652.4 ","11,996.3 ","84,224.1 ","68,547.4 ","15,426.5 "
2012/ 1- 3.,"288,391.2 ","2,999.3 ",936.7 ,"286,686.7 ","21,861.2 ","14,488.4 ","82,665.9 ","167,660.5 ",,"19,284.5 ","36,317.9 ","7,355.9 ","33,056.6 ","27,146.8 ","126,937.8 ","3,411.4 ",,-426.0 ,"85,267.0 ","72,596.4 ","12,612.3 ","85,693.0 ","69,574.5 ","15,871.0 "
4- 6.,"288,796.4 ","3,142.5 ",986.2 ,"287,043.5 ","22,634.3 ","14,708.5 ","82,219.1 ","167,452.9 ",,"19,737.2 ","35,956.3 ","7,729.2 ","33,179.3 ","27,248.2 ","124,413.5 ",382.7 ,,"-3,099.6 ","84,502.7 ","72,756.9 ","11,652.4 ","87,602.3 ","70,723.9 ","16,654.6 "
7- 9.,"288,523.2 ","2,972.3 ",999.6 ,"286,897.3 ","22,499.9 ","14,654.0 ","81,855.6 ","167,847.4 ",,"20,105.3 ","35,388.9 ","7,070.6 ","33,092.8 ","27,442.8 ","124,799.4 ","1,479.8 ",,"-5,837.8 ","81,502.6 ","69,970.6 ","11,448.5 ","87,340.4 ","70,248.4 ","16,890.3 "
10-12.,"289,726.4 ","2,712.6 ",936.3 ,"288,209.0 ","20,703.6 ","14,911.4 ","83,945.8 ","168,751.7 ",,"20,565.4 ","35,744.8 ","6,734.2 ","32,635.2 ","27,282.3 ","122,754.8 ",-248.5 ,,"-6,400.0 ","78,712.7 ","66,804.5 ","11,857.9 ","85,112.7 ","68,270.5 ","16,663.8 "
2013/ 1- 3.,"294,196.0 ","2,446.1 ","1,082.6 ","292,991.0 ","22,623.3 ","16,038.2 ","84,235.8 ","170,162.6 ",,"20,797.6 ","36,506.8 ","6,661.6 ","32,084.7 ","27,539.4 ","123,769.0 ",185.7 ,,"-4,337.4 ","81,200.6 ","68,323.8 ","12,838.9 ","85,538.0 ","68,583.8 ","16,784.0 "
4- 6.,"296,427.9 ","2,166.6 ","1,216.0 ","295,538.5 ","23,041.2 ","16,864.0 ","84,542.4 ","171,148.5 ",,"21,081.5 ","38,511.4 ","6,866.3 ","32,525.0 ","28,208.1 ","124,931.5 ","-2,320.8 ",,"-4,389.0 ","83,926.7 ","70,625.6 ","13,259.9 ","88,315.8 ","71,472.7 ","16,597.8 "
7- 9.,"297,978.6 ","2,083.7 ","1,319.7 ","297,246.8 ","23,666.4 ","16,960.4 ","84,219.3 ","172,417.4 ",,"21,944.6 ","39,789.3 ","7,350.1 ","33,292.9 ","28,300.7 ","130,143.5 ",-572.0 ,,"-6,178.9 ","83,862.8 ","70,585.5 ","13,235.0 ","90,041.8 ","72,914.2 ","16,874.2 "
10-12.,"297,522.8 ","2,065.8 ","1,430.6 ","296,918.5 ","24,092.2 ","16,866.3 ","83,523.0 ","172,432.1 ",,"22,735.9 ","39,720.7 ","7,644.8 ","34,068.9 ","28,393.2 ","132,718.1 ",160.8 ,,"-9,114.4 ","83,565.4 ","70,413.5 ","13,107.9 ","92,679.8 ","75,038.0 ","17,381.5 "
2014/ 1- 3.,"303,795.9 ","1,986.1 ","1,455.8 ","303,289.0 ","26,788.0 ","17,582.3 ","85,313.0 ","173,690.4 ",,"23,064.9 ","38,395.4 ","7,896.1 ","36,529.2 ","28,526.4 ","132,064.6 ","-2,190.6 ",,"-9,905.9 ","88,637.5 ","73,134.3 ","15,487.4 ","98,543.4 ","79,106.3 ","19,243.3 "
4- 6.,"288,837.4 ","1,902.4 ","1,646.0 ","288,608.3 ","22,542.3 ","16,287.6 ","79,547.5 ","170,185.9 ",,"21,207.1 ","37,765.3 ","7,692.7 ","34,059.5 ","28,680.3 ","132,492.7 ","2,539.2 ",,"-4,647.3 ","89,797.9 ","73,417.2 ","16,378.1 ","94,445.2 ","74,918.5 ","19,453.9 "
7- 9.,"291,686.3 ","1,824.6 ","1,734.4 ","291,615.3 ","21,956.5 ","16,811.6 ","81,170.2 ","171,651.8 ",,"20,193.4 ","38,520.5 ","7,336.9 ","34,623.1 ","29,201.3 ","130,147.5 ",89.2 ,,"-4,886.4 ","91,192.3 ","74,596.0 ","16,592.5 ","96,078.7 ","75,960.0 ","20,077.2 "
10-12.,"292,226.6 ","1,708.8 ","2,133.0 ","292,652.0 ","22,533.9 ","17,265.3 ","81,165.9 ","171,686.0 ",,"20,240.3 ","39,298.5 ","7,491.5 ","34,268.2 ","29,519.1 ","129,513.5 ","-1,284.3 ",,"-2,446.3 ","93,960.6 ","76,598.3 ","17,362.1 ","96,407.0 ","76,653.4 ","19,658.5 "
2015/ 1- 3.,"293,487.5 ","1,657.4 ","2,405.3 ","294,235.8 ","22,166.6 ","17,511.1 ","82,633.6 ","171,922.7 ",,"20,761.3 ","39,121.1 ","7,904.8 ","36,572.2 ","30,142.6 ","134,486.6 ",132.6 ,,"-1,817.7 ","95,306.6 ","77,963.4 ","17,339.9 ","97,124.3 ","76,425.9 ","20,702.7 "
4- 6.,"293,460.9 ","1,618.9 ","2,633.6 ","294,475.2 ","21,848.9 ","17,463.9 ","81,535.5 ","173,626.1 ",,"21,128.7 ","38,356.5 ","7,710.9 ","36,023.4 ","29,788.4 ","135,562.1 ","2,244.9 ",,"-3,007.0 ","92,053.9 ","73,843.2 ","18,211.2 ","95,060.9 ","74,636.7 ","20,447.7 "
7- 9.,"294,093.3 ","1,594.8 ","2,889.0 ","295,385.2 ","22,323.2 ","17,829.6 ","81,454.6 ","173,787.4 ",,"21,254.3 ","39,616.4 ","7,833.5 ","36,042.5 ","29,882.1 ","135,449.8 ",893.4 ,,"-3,429.9 ","94,353.4 ","75,089.9 ","19,264.9 ","97,783.3 ","77,512.2 ","20,201.4 "
10-12.,"292,004.1 ","1,671.2 ","2,964.9 ","293,300.3 ","20,473.2 ","17,223.5 ","81,221.2 ","174,375.3 ",,"21,272.0 ","39,801.9 ","7,675.4 ","36,089.7 ","30,205.6 ","136,069.3 ",982.1 ,,"-3,528.9 ","93,597.4 ","74,186.2 ","19,412.8 ","97,126.2 ","75,992.9 ","21,175.2 "
2016/ 1- 3.,"292,177.6 ","1,756.2 ","3,116.5 ","293,538.3 ","21,556.8 ","16,545.3 ","81,294.0 ","174,138.1 ",,"21,262.9 ","40,917.0 ","7,607.8 ","35,494.7 ","30,193.7 ","136,567.9 ","1,194.8 ",,"-1,713.8 ","94,169.7 ","74,410.6 ","19,760.4 ","95,883.6 ","75,906.8 ","20,005.4 "
4- 6.,"290,201.5 ","1,893.5 ","2,815.6 ","291,123.3 ","21,596.2 ","15,826.1 ","80,905.6 ","172,794.3 ",,"21,846.5 ","40,759.7 ","7,588.2 ","35,197.4 ","29,732.1 ","137,743.4 ","2,506.2 ",,"-1,328.9 ","93,506.7 ","74,210.8 ","19,296.5 ","94,835.6 ","74,294.4 ","20,553.7 "
7- 9.,"291,108.7 ","1,993.0 ","3,275.0 ","292,390.7 ","22,412.0 ","15,626.4 ","81,141.9 ","173,212.2 ",,"22,183.1 ","41,350.0 ","7,724.2 ","35,211.3 ","29,425.0 ","135,962.4 ",71.4 ,,92.4 ,"95,381.4 ","75,737.5 ","19,644.3 ","95,289.0 ","74,503.8 ","20,777.3 "
10-12.,"291,911.7 ","1,966.8 ","3,034.9 ","292,981.1 ","22,013.2 ","15,580.1 ","81,860.7 ","173,531.7 ",,"22,287.0 ","41,768.4 ","7,833.8 ","35,749.5 ","29,301.5 ","135,222.4 ","-1,730.8 ",,"1,651.4 ","98,099.4 ","77,794.4 ","20,305.2 ","96,447.9 ","74,586.0 ","21,829.5 "
2017/ 1- 3.,"293,613.7 ","1,931.4 ","3,263.1 ","294,944.6 ","22,955.0 ","16,250.5 ","81,194.0 ","174,544.0 ",,"22,050.2 ","40,994.4 ","8,157.6 ","36,795.9 ","29,215.1 ","136,605.2 ",-699.7 ,,"2,451.1 ","100,072.2 ","79,856.7 ","20,222.3 ","97,621.1 ","76,190.0 ","21,435.0 "
4- 6.,"295,172.2 ","1,837.0 ","3,304.6 ","296,630.0 ","23,167.4 ","16,162.7 ","81,942.2 ","175,362.5 ",,"22,184.7 ","41,873.5 ","7,775.0 ","36,747.6 ","29,670.0 ","138,119.9 ",-299.0 ,,"1,076.3 ","100,007.1 ","79,332.3 ","20,675.5 ","98,930.8 ","77,689.7 ","21,268.9 "
7- 9.,"293,807.5 ","1,799.1 ","3,688.5 ","295,686.5 ","22,705.0 ","16,336.4 ","81,809.9 ","174,834.7 ",,"21,943.6 ","41,840.9 ","7,877.5 ","36,900.0 ","29,456.0 ","140,818.4 ","2,810.1 ",,"3,977.5 ","101,991.6 ","80,862.5 ","21,130.0 ","98,014.0 ","76,626.3 ","21,371.2 "
10-12.,"295,182.7 ","1,773.1 ","3,792.4 ","297,189.4 ","23,368.7 ","16,417.7 ","82,133.0 ","175,271.3 ",,"21,309.5 ","42,286.3 ","8,138.5 ","37,931.3 ","29,486.9 ","141,897.6 ","3,183.1 ",,"3,779.8 ","104,352.2 ","82,439.3 ","21,911.2 ","100,572.4 ","79,085.0 ","21,507.4 "
2018/ 1- 3.,"295,246.6 ","1,848.9 ","4,049.7 ","297,441.3 ","23,028.9 ","16,354.8 ","82,252.2 ","175,796.7 ",,"20,783.8 ","42,777.3 ","7,916.3 ","37,809.6 ","29,401.8 ","140,767.3 ","1,878.3 ",,"4,147.3 ","105,426.6 ","83,971.4 ","21,454.4 ","101,279.3 ","79,679.6 ","21,624.2 "
4- 6.,"296,055.2 ","1,883.3 ","4,162.0 ","298,330.5 ","23,235.3 ","16,548.6 ","81,617.8 ","176,930.4 ",,"20,275.8 ","42,726.3 ","8,214.4 ","38,984.8 ","29,450.9 ","140,510.3 ",928.7 ,,"4,146.5 ","106,288.2 ","85,087.5 ","21,200.8 ","102,141.6 ","79,662.7 ","22,477.7 "
7- 9.,"295,873.5 ","1,904.8 ","4,060.3 ","298,026.7 ","23,314.5 ","16,593.4 ","81,773.7 ","176,351.3 ",,"20,233.6 ","41,598.0 ","7,618.2 ","37,016.1 ","29,215.5 ","138,395.8 ","2,559.9 ",,"2,907.4 ","103,981.0 ","82,815.3 ","21,167.7 ","101,073.6 ","79,909.4 ","21,199.7 "
10-12.,"296,221.4 ","1,993.6 ","4,505.0 ","298,737.0 ","23,924.3 ","17,198.2 ","79,798.6 ","177,856.0 ",,"20,509.0 ","41,082.9 ","8,571.4 ","40,091.0 ","29,980.6 ","142,080.9 ","2,788.5 ",,490.0 ,"105,998.8 ","84,652.1 ","21,349.4 ","105,508.8 ","83,765.7 ","21,786.8 "
2019/ 1- 3.,"295,636.1 ","2,049.1 ","4,303.9 ","297,895.0 ","23,391.7 ","16,436.9 ","80,723.1 ","177,360.2 ",,"21,043.4 ","42,026.0 ","8,125.1 ","38,668.0 ","29,489.4 ","142,524.3 ","2,867.2 ",,"1,681.4 ","103,782.3 ","81,855.7 ","21,920.8 ","102,100.8 ","78,668.4 ","23,448.9 "
4- 6.,"296,740.7 ","2,105.4 ","4,579.0 ","299,222.4 ","24,526.6 ","16,453.3 ","80,998.9 ","177,303.8 ",,"21,322.4 ","41,900.7 ","8,547.3 ","38,599.1 ","29,773.5 ","143,088.9 ","2,903.0 ",,-33.8 ,"104,172.5 ","81,599.6 ","22,561.8 ","104,206.4 ","80,527.8 ","23,691.8 "
7- 9.,"298,243.1 ","2,105.1 ","4,348.1 ","300,491.7 ","25,231.4 ","16,873.8 ","80,839.9 ","177,642.3 ",,"21,333.1 ","42,135.4 ","8,519.9 ","39,167.0 ","30,020.2 ","143,146.5 ","1,727.5 ",,"-1,838.1 ","103,640.6 ","81,519.8 ","22,111.2 ","105,478.8 ","81,268.9 ","24,221.2 "
10-12.,"288,566.9 ","2,104.0 ","4,632.3 ","291,107.5 ","21,422.0 ","15,808.6 ","78,494.7 ","175,396.6 ",,"20,937.7 ","42,057.6 ","7,997.3 ","37,324.7 ","29,557.8 ","138,451.0 ","1,437.1 ",,"1,410.1 ","103,980.5 ","81,438.1 ","22,527.6 ","102,570.5 ","79,651.0 ","22,938.9 "
2020/ 1- 3.,"285,898.1 ","1,411.2 ","2,554.7 ","286,986.1 ","21,699.1 ","15,442.5 ","79,169.7 ","170,643.7 ",,"20,177.0 ","42,456.6 ","7,794.0 ","36,409.9 ","29,725.3 ","139,694.1 ","2,479.9 ",,-415.6 ,"99,072.9 ","79,924.3 ","19,235.4 ","99,488.5 ","75,947.8 ","23,503.2 "
4- 6.,"261,356.1 ",304.1 ,479.9 ,"261,391.9 ","20,308.5 ","15,331.4 ","76,313.6 ","149,258.0 ",,"20,319.4 ","42,449.4 ","6,050.1 ","33,687.7 ","29,756.5 ","135,701.1 ","2,813.5 ",,"-17,149.3 ","81,686.0 ","64,838.8 ","16,869.7 ","98,835.3 ","77,144.2 ","21,743.6 "
7- 9.,"275,292.0 ",268.9 ,524.3 ,"275,396.8 ","21,594.1 ","15,159.1 ","78,080.3 ","160,473.5 ",,"19,183.7 ","42,664.2 ","6,595.8 ","32,193.5 ","28,813.4 ","132,008.8 ","1,789.1 ",,"-3,051.4 ","87,675.0 ","72,039.2 ","15,767.8 ","90,726.4 ","70,630.9 ","20,138.3 "
10-12.,"281,520.0 ",302.3 ,529.3 ,"281,595.1 ","23,500.4 ","15,145.2 ","77,604.0 ","165,366.9 ",,"19,172.4 ","42,815.4 ","7,392.4 ","36,563.1 ","29,104.7 ","133,046.7 ","-1,018.5 ",,"2,840.2 ","97,957.5 ","81,427.2 ","16,719.0 ","95,117.3 ","75,460.3 ","19,773.5 "
2021/ 1- 3.,"277,847.3 ",296.5 ,473.8 ,"277,874.2 ","23,188.4 ","14,777.3 ","78,715.7 ","161,144.9 ",,"19,327.5 ","41,478.9 ","6,765.9 ","35,870.6 ","28,645.3 ","134,122.3 ","1,404.0 ",,"1,394.5 ","100,272.3 ","83,539.5 ","16,937.0 ","98,877.8 ","77,792.9 ","21,128.3 "
4- 6.,"280,484.4 ",307.6 ,444.4 ,"280,469.8 ","23,403.0 ","15,057.9 ","78,322.0 ","163,673.5 ",,"19,697.3 ","41,234.0 ","6,350.7 ","36,866.2 ","30,081.4 ","134,226.3 ",-418.3 ,,-698.6 ,"103,100.7 ","85,814.6 ","17,491.2 ","103,799.3 ","81,150.1 ","22,633.1 "
ÅñîNó¶Ç≈ï\é¶ÇµÇƒÇ¢ÇÈÅB,,,,,,,,,,,,,,,,,,,,,,,,
