ñºñ⁄ãGêﬂí≤êÆånóÒ,,,,,,,,,,,,,,,,,,,,,,,,(íPà :10â≠â~)
"Nominal, Seasonally Adjusted Series",,,,,,,,,,,,,,,,,,,,,,,,(Billion Yen)
,â∆åvç≈èIè¡îÔéxèoÅiçƒåfÅj,,,,,,,,,å`ë‘ï ëçå≈íËéëñ{å`ê¨,,,,,ëçéëñ{å`ê¨,,,ç‡â›ÅEÉTÅ[ÉrÉX,,,,,,
,,ãèèZé“â∆åvÇÃäCäOÇ≈ÇÃíºê⁄çwì¸,ÅiçTèúÅjîÒãèèZé“â∆åvÇÃçëì‡Ç≈ÇÃíºê⁄çwì¸,çëì‡â∆åvç≈èIè¡îÔéxèo,,,,,,èZëÓ,ÇªÇÃëºÇÃåöï®ÅEç\ízï®,óAëóópã@äB,ÇªÇÃëºÇÃã@äBê›îıìô,ímìIç‡éYê∂éYï®,,Ç§Çøç›å…ïœìÆ,,èÉóAèoÅiçƒåfÅj,óAèoÅiçƒåfÅj,,,óAì¸ÅiçƒåfÅj,,
,,,,,ëœãvç‡,îºëœãvç‡,îÒëœãvç‡,ÉTÅ[ÉrÉX,,,,,,,,,,,,ç‡â›,ÉTÅ[ÉrÉXÅiä‹ÇﬁîÒãèèZé“â∆åvÇÃçëì‡Ç≈ÇÃíºê⁄çwì¸Åj,,ç‡â›,ÉTÅ[ÉrÉXÅiä‹ÇﬁãèèZé“â∆åvÇÃäCäOÇ≈ÇÃíºê⁄çwì¸Åj
,"Consumptionof Households(id, at ÅòÇh)",DirectPurchasesAbroad byResidentHouseholds,(Less) DirectPurchases inthe DomesticMarket byNon-ResidentHouseholds ,Domestic FinalConsumptionExpenditure ofHouseholds,DurableGoods,Semi-DurableGoods,Non-DurableGoods,Services,,Gross Fixed Capital Formation by Type,,,,,Gross CapitalFormation,Of WhichChange inInventories,,Goods & Services,,,,,,
,,,,,,,,,,ResidentialInvestment,Other Buildingsand Structures,TransportEquipment,OtherMachinery andEquipment etc.,IntellectualPropertyProducts,,,,"Net Exports(id, at ÅòÇh)","Exports(id, at ÅòÇh)",,,"Imports(id, at ÅòÇh)",,
,,,,,,,,,,,,,,,,,,,,Goods,ServicesÅiIncluding DirectPurchases in theDomestic Marketby Non-ResidentHouseholds),,Goods,ServicesÅiIncluding DirectPurchasesAbroad byResidentHouseholds)
1994/ 1- 3.,"262,028.9 ","2,600.2 ",269.7 ,"259,698.4 ","21,831.8 ","22,696.2 ","74,317.7 ","140,852.7 ",,"30,123.9 ","62,041.1 ","7,095.3 ","37,948.8 ","18,695.1 ","158,919.4 ","3,404.5 ",,"11,054.6 ","44,988.0 ","38,972.8 ","6,015.2 ","33,933.4 ","22,993.0 ","10,940.3 "
4- 6.,"264,475.6 ","2,650.0 ",269.2 ,"262,094.8 ","22,264.5 ","23,308.4 ","74,517.3 ","142,004.6 ",,"31,315.7 ","61,974.1 ","6,983.3 ","38,731.8 ","18,560.6 ","154,773.2 ","-2,556.3 ",,"9,975.9 ","45,500.1 ","39,475.8 ","6,024.3 ","35,524.1 ","24,178.5 ","11,345.6 "
7- 9.,"266,058.3 ","2,531.7 ",225.2 ,"263,751.8 ","23,029.6 ","22,674.4 ","75,054.0 ","142,993.7 ",,"33,759.5 ","58,772.4 ","7,182.0 ","38,817.8 ","18,772.2 ","157,856.6 ",518.7 ,,"8,566.6 ","45,053.8 ","39,351.2 ","5,702.6 ","36,487.2 ","25,278.1 ","11,209.1 "
10-12.,"266,480.7 ","2,442.1 ",220.5 ,"264,259.1 ","23,295.7 ","22,571.9 ","74,724.4 ","143,667.1 ",,"32,355.2 ","57,680.3 ","7,132.3 ","39,725.1 ","18,828.4 ","155,047.6 ",-898.8 ,,"8,584.6 ","45,109.8 ","39,515.4 ","5,594.4 ","36,525.2 ","25,722.1 ","10,803.2 "
1995/ 1- 3.,"267,940.8 ","2,497.0 ",187.5 ,"265,631.4 ","24,166.9 ","23,021.7 ","75,174.2 ","143,268.7 ",,"31,321.6 ","58,069.9 ","7,325.5 ","39,672.3 ","18,534.1 ","156,693.4 ","1,917.4 ",,"7,807.7 ","45,054.0 ","39,581.8 ","5,472.2 ","37,246.3 ","26,005.1 ","11,241.2 "
4- 6.,"269,287.8 ","2,546.8 ",175.7 ,"266,916.7 ","25,059.7 ","23,120.2 ","75,425.8 ","143,311.0 ",,"30,570.1 ","58,046.2 ","7,675.5 ","42,689.9 ","19,152.0 ","159,046.0 ","1,176.6 ",,"7,402.3 ","44,073.6 ","39,035.0 ","5,038.6 ","36,671.3 ","26,116.1 ","10,555.2 "
7- 9.,"270,902.0 ","2,896.1 ",215.8 ,"268,221.6 ","24,673.3 ","23,447.8 ","75,757.0 ","144,343.5 ",,"29,948.4 ","62,238.8 ","7,213.6 ","43,189.0 ","19,331.4 ","164,239.1 ","2,291.3 ",,"6,253.6 ","46,803.4 ","40,726.5 ","6,076.9 ","40,549.8 ","28,598.5 ","11,951.2 "
10-12.,"272,864.7 ","3,096.6 ",244.3 ,"270,012.3 ","24,617.8 ","23,598.3 ","75,703.3 ","146,093.0 ",,"30,468.8 ","61,944.9 ","7,060.4 ","44,173.1 ","19,836.9 ","165,032.9 ","1,222.0 ",,"4,447.8 ","47,881.9 ","41,511.7 ","6,370.3 ","43,434.1 ","30,571.9 ","12,862.2 "
1996/ 1- 3.,"272,073.6 ","3,225.2 ",284.2 ,"269,132.5 ","24,604.2 ","22,608.2 ","73,784.3 ","148,135.9 ",,"31,854.7 ","63,678.4 ","6,972.4 ","44,580.9 ","20,124.6 ","168,731.1 ","1,826.0 ",,"3,605.8 ","48,837.3 ","42,164.8 ","6,672.5 ","45,231.5 ","31,726.7 ","13,504.8 "
4- 6.,"275,996.6 ","3,150.2 ",304.4 ,"273,150.8 ","24,818.4 ","22,297.0 ","75,803.4 ","150,232.0 ",,"33,218.7 ","62,279.1 ","7,125.4 ","46,565.0 ","20,581.0 ","173,059.1 ","3,204.2 ",,"1,101.8 ","48,942.4 ","42,186.3 ","6,756.1 ","47,840.6 ","34,225.3 ","13,615.3 "
7- 9.,"276,139.2 ","3,205.2 ",318.7 ,"273,252.7 ","25,329.7 ","22,294.2 ","74,286.2 ","151,342.6 ",,"34,678.4 ","59,726.0 ","7,384.6 ","47,370.0 ","20,857.7 ","171,860.2 ","1,763.6 ",,"1,377.5 ","49,657.9 ","42,701.6 ","6,956.3 ","48,280.5 ","34,374.0 ","13,906.4 "
10-12.,"279,144.3 ","3,338.7 ",336.1 ,"276,141.7 ","25,863.2 ","21,877.0 ","75,692.4 ","152,709.1 ",,"35,586.5 ","58,451.5 ","7,486.0 ","47,485.4 ","21,407.1 ","172,830.2 ","2,724.3 ",,"1,921.4 ","52,018.8 ","44,878.5 ","7,140.4 ","50,097.5 ","35,585.8 ","14,511.6 "
1997/ 1- 3.,"283,390.5 ","3,402.8 ",384.5 ,"280,372.2 ","26,764.8 ","23,124.7 ","76,024.6 ","154,458.0 ",,"34,685.2 ","56,985.8 ","7,385.1 ","47,990.7 ","21,789.3 ","168,743.8 ",-479.0 ,,"2,274.7 ","55,132.8 ","47,515.2 ","7,617.6 ","52,858.1 ","37,806.0 ","15,052.1 "
4- 6.,"280,060.4 ","3,295.2 ",361.8 ,"277,127.0 ","24,942.4 ","22,013.5 ","74,589.8 ","155,581.3 ",,"32,062.7 ","58,602.1 ","7,266.1 ","47,654.9 ","21,860.1 ","170,052.5 ","2,690.0 ",,"5,611.4 ","56,890.6 ","49,380.6 ","7,510.0 ","51,279.3 ","36,861.9 ","14,417.4 "
7- 9.,"280,705.4 ","3,141.6 ",366.7 ,"277,930.6 ","23,962.9 ","21,796.3 ","75,252.8 ","156,918.6 ",,"29,974.2 ","59,260.8 ","6,611.1 ","47,284.3 ","22,423.2 ","170,399.4 ","4,831.5 ",,"5,081.7 ","55,287.3 ","48,079.7 ","7,207.6 ","50,205.6 ","35,897.9 ","14,307.7 "
10-12.,"279,723.0 ","3,057.3 ",379.3 ,"277,045.0 ","23,578.1 ","20,791.0 ","74,404.8 ","158,271.1 ",,"28,558.6 ","58,828.5 ","6,691.8 ","46,844.8 ","22,589.9 ","168,148.7 ","4,326.6 ",,"8,375.0 ","58,428.3 ","50,501.7 ","7,926.6 ","50,053.2 ","35,480.4 ","14,572.9 "
1998/ 1- 3.,"278,690.1 ","2,908.8 ",353.3 ,"276,134.6 ","22,359.0 ","21,910.6 ","75,269.6 ","156,595.4 ",,"27,549.7 ","56,852.3 ","5,882.5 ","45,069.7 ","22,980.6 ","162,052.9 ","3,541.2 ",,"8,353.1 ","56,882.2 ","49,298.0 ","7,584.2 ","48,529.2 ","34,068.8 ","14,460.3 "
4- 6.,"277,852.9 ","3,054.0 ",365.9 ,"275,164.8 ","21,833.4 ","21,388.6 ","75,158.4 ","156,784.4 ",,"26,871.5 ","56,399.1 ","5,396.6 ","43,919.6 ","24,015.8 ","158,032.3 ","1,847.7 ",,"9,912.7 ","56,686.5 ","49,138.8 ","7,547.7 ","46,773.8 ","32,267.7 ","14,506.0 "
7- 9.,"279,092.5 ","3,089.3 ",394.6 ,"276,397.9 ","22,214.4 ","21,108.3 ","75,817.7 ","157,257.5 ",,"26,267.5 ","57,280.5 ","5,760.2 ","43,696.7 ","23,592.6 ","155,827.1 ",-540.7 ,,"9,611.2 ","57,148.4 ","49,359.4 ","7,789.0 ","47,537.2 ","33,211.3 ","14,325.9 "
10-12.,"279,592.5 ","2,996.0 ",312.4 ,"276,908.9 ","22,576.5 ","20,591.1 ","76,283.8 ","157,457.5 ",,"25,637.3 ","59,997.8 ","5,416.2 ","41,915.9 ","23,647.2 ","158,581.7 ","1,886.5 ",,"9,774.3 ","52,150.0 ","45,579.1 ","6,570.9 ","42,375.7 ","29,341.9 ","13,033.8 "
1999/ 1- 3.,"279,212.3 ","3,051.0 ",294.7 ,"276,455.9 ","22,753.8 ","19,601.7 ","76,098.6 ","158,001.8 ",,"25,139.1 ","55,667.8 ","6,219.9 ","42,270.4 ","23,613.5 ","149,774.9 ","-3,619.7 ",,"8,814.4 ","50,677.6 ","44,320.8 ","6,356.8 ","41,863.2 ","29,236.4 ","12,626.7 "
4- 6.,"278,950.0 ","3,043.3 ",315.8 ,"276,222.5 ","22,687.9 ","19,593.0 ","76,236.9 ","157,704.7 ",,"26,747.7 ","56,270.9 ","5,609.0 ","41,656.7 ","23,751.2 ","150,230.4 ","-3,858.2 ",,"7,885.8 ","51,698.8 ","44,848.9 ","6,849.9 ","43,813.0 ","30,867.5 ","12,945.5 "
7- 9.,"280,450.8 ","3,256.2 ",274.2 ,"277,468.9 ","23,048.6 ","19,383.4 ","76,059.2 ","158,977.7 ",,"26,952.2 ","54,449.7 ","5,596.4 ","41,568.5 ","23,740.1 ","148,951.2 ","-3,376.9 ",,"7,346.4 ","52,189.4 ","45,830.2 ","6,359.2 ","44,843.0 ","31,871.3 ","12,971.7 "
10-12.,"280,359.8 ","2,937.9 ",257.2 ,"277,679.1 ","23,175.6 ","18,436.8 ","76,517.3 ","159,549.3 ",,"25,739.8 ","54,150.1 ","5,739.0 ","42,257.2 ","24,216.9 ","147,710.6 ","-3,852.6 ",,"7,624.4 ","52,769.2 ","46,185.1 ","6,584.1 ","45,144.9 ","32,439.8 ","12,705.1 "
2000/ 1- 3.,"281,935.0 ","2,819.3 ",253.0 ,"279,368.7 ","24,177.7 ","19,188.8 ","75,582.1 ","160,420.0 ",,"26,028.3 ","52,785.7 ","6,142.1 ","43,129.8 ","24,360.2 ","151,599.1 ","-1,454.9 ",,"8,392.5 ","54,638.7 ","47,842.9 ","6,795.8 ","46,246.2 ","33,985.5 ","12,260.7 "
4- 6.,"280,764.5 ","2,783.7 ",250.8 ,"278,231.6 ","23,741.1 ","18,906.9 ","75,238.2 ","160,345.3 ",,"26,511.3 ","54,044.7 ","6,021.8 ","40,705.0 ","24,183.7 ","152,485.4 ","1,241.4 ",,"8,250.4 ","55,494.3 ","48,661.4 ","6,832.9 ","47,243.9 ","35,114.0 ","12,129.8 "
7- 9.,"280,979.4 ","2,813.2 ",265.1 ,"278,431.3 ","24,286.6 ","18,426.8 ","75,539.8 ","160,178.1 ",,"26,051.3 ","53,985.3 ","6,105.1 ","41,738.9 ","25,148.8 ","151,552.9 ","-1,189.4 ",,"7,254.3 ","56,544.6 ","49,306.6 ","7,238.0 ","49,290.4 ","36,733.2 ","12,557.2 "
10-12.,"283,491.2 ","2,865.0 ",284.7 ,"280,910.9 ","25,298.0 ","18,651.6 ","75,797.3 ","161,163.9 ",,"26,415.6 ","53,424.0 ","6,295.0 ","42,557.5 ","25,005.4 ","153,874.5 ",92.2 ,,"5,630.2 ","57,596.4 ","50,169.6 ","7,426.8 ","51,966.2 ","39,109.2 ","12,857.0 "
2001/ 1- 3.,"285,073.1 ","2,853.6 ",284.4 ,"282,503.8 ","25,937.8 ","18,753.0 ","77,347.1 ","160,466.0 ",,"26,401.7 ","53,903.7 ","6,233.3 ","42,548.5 ","25,549.2 ","157,195.1 ","2,004.1 ",,"3,673.6 ","56,140.5 ","48,717.3 ","7,423.2 ","52,466.9 ","39,058.5 ","13,408.3 "
4- 6.,"284,991.4 ","2,798.5 ",282.1 ,"282,474.9 ","26,157.0 ","18,635.6 ","75,949.2 ","161,733.1 ",,"24,916.3 ","49,896.0 ","6,800.6 ","41,140.4 ","25,649.1 ","150,338.1 ","2,061.5 ",,"2,103.5 ","53,952.6 ","46,357.5 ","7,595.1 ","51,849.1 ","37,986.8 ","13,862.3 "
7- 9.,"283,666.8 ","2,774.7 ",251.9 ,"281,143.9 ","24,460.8 ","18,308.7 ","76,788.6 ","161,585.8 ",,"24,598.9 ","49,770.8 ","6,282.2 ","38,939.4 ","26,263.2 ","143,293.3 ","-2,308.9 ",,"2,564.0 ","52,389.5 ","44,818.8 ","7,570.6 ","49,825.5 ","36,386.3 ","13,439.2 "
10-12.,"281,586.8 ","1,914.0 ",267.7 ,"279,940.5 ","24,548.4 ","18,129.7 ","75,612.4 ","161,650.1 ",,"24,618.6 ","48,091.9 ","5,836.8 ","36,669.7 ","25,659.3 ","139,746.6 ","-1,026.8 ",,"4,488.2 ","51,977.7 ","44,382.9 ","7,594.7 ","47,489.5 ","35,305.4 ","12,184.1 "
2002/ 1- 3.,"282,680.8 ","2,500.5 ",292.3 ,"280,472.6 ","24,763.1 ","17,461.7 ","75,583.8 ","162,664.1 ",,"24,272.6 ","47,927.2 ","6,104.1 ","35,253.6 ","26,096.6 ","136,539.9 ","-3,373.6 ",,"6,009.5 ","54,787.1 ","47,042.9 ","7,744.1 ","48,777.6 ","35,550.2 ","13,227.4 "
4- 6.,"284,238.8 ","2,879.4 ",275.6 ,"281,635.0 ","24,357.2 ","16,781.3 ","77,169.4 ","163,327.1 ",,"24,218.6 ","46,042.2 ","6,003.5 ","34,498.1 ","26,226.3 ","134,531.7 ","-2,508.0 ",,"7,528.6 ","57,277.9 ","48,899.4 ","8,378.6 ","49,749.3 ","36,144.5 ","13,604.8 "
7- 9.,"284,028.6 ","2,907.6 ",264.7 ,"281,385.7 ","24,819.5 ","16,828.2 ","76,755.4 ","162,982.6 ",,"24,172.6 ","45,518.4 ","6,384.4 ","35,010.5 ","26,524.4 ","135,975.4 ","-1,570.4 ",,"5,840.7 ","55,946.8 ","48,094.7 ","7,852.2 ","50,106.2 ","36,851.5 ","13,254.7 "
10-12.,"282,621.0 ","2,947.3 ",279.3 ,"279,953.0 ","24,482.9 ","16,553.4 ","76,194.8 ","162,722.0 ",,"23,817.1 ","45,491.8 ","6,747.1 ","34,260.6 ","26,296.0 ","136,588.1 ",162.0 ,,"7,152.3 ","59,592.7 ","51,409.5 ","8,183.2 ","52,440.5 ","38,474.2 ","13,966.2 "
2003/ 1- 3.,"282,993.2 ","3,162.7 ",651.9 ,"280,482.4 ","24,319.2 ","15,933.3 ","75,966.1 ","164,263.8 ",,"23,642.4 ","44,653.2 ","6,225.7 ","33,867.1 ","26,305.8 ","134,431.6 ",-420.8 ,,"5,789.0 ","58,664.2 ","49,695.2 ","8,968.9 ","52,875.2 ","38,945.8 ","13,929.4 "
4- 6.,"281,138.6 ","1,996.0 ",486.8 ,"279,629.4 ","26,020.9 ","15,823.4 ","75,833.1 ","161,952.0 ",,"23,669.0 ","44,276.2 ","7,144.9 ","34,248.5 ","26,223.6 ","134,836.7 ",-712.7 ,,"8,479.1 ","58,916.5 ","50,446.8 ","8,469.7 ","50,437.4 ","39,125.0 ","11,312.4 "
7- 9.,"280,519.1 ","2,779.9 ",731.9 ,"278,471.1 ","24,918.4 ","15,838.9 ","74,772.2 ","162,941.6 ",,"24,205.6 ","42,868.8 ","6,784.1 ","33,585.9 ","26,284.1 ","135,280.8 ","1,587.1 ",,"8,931.9 ","60,549.7 ","51,704.1 ","8,845.6 ","51,617.9 ","39,023.5 ","12,594.4 "
10-12.,"283,529.9 ","3,160.5 ",718.9 ,"281,088.3 ","25,706.9 ","15,545.1 ","76,373.1 ","163,463.2 ",,"23,807.2 ","42,826.8 ","6,767.7 ","35,134.6 ","26,782.8 ","134,107.5 ","-1,195.1 ",,"10,308.9 ","61,933.8 ","53,250.6 ","8,683.2 ","51,624.9 ","38,313.6 ","13,311.4 "
2004/ 1- 3.,"283,704.0 ","3,163.2 ",762.3 ,"281,303.1 ","25,641.4 ","15,319.0 ","76,977.7 ","163,365.0 ",,"24,100.6 ","41,812.7 ","6,724.4 ","34,467.1 ","26,491.7 ","136,153.8 ","2,444.7 ",,"10,598.3 ","64,859.1 ","55,606.2 ","9,252.9 ","54,260.8 ","40,648.4 ","13,612.4 "
4- 6.,"283,312.7 ","3,399.6 ",807.1 ,"280,720.3 ","25,051.7 ","15,063.4 ","75,987.6 ","164,617.5 ",,"24,547.2 ","40,915.2 ","6,853.4 ","34,476.4 ","26,758.3 ","134,432.4 ",866.0 ,,"10,696.3 ","67,352.4 ","57,548.7 ","9,803.7 ","56,656.1 ","42,414.0 ","14,242.1 "
7- 9.,"285,135.7 ","3,512.9 ",838.8 ,"282,461.6 ","25,124.4 ","14,782.2 ","77,465.9 ","165,089.1 ",,"24,633.8 ","41,213.8 ","6,975.9 ","34,688.7 ","26,566.4 ","135,974.2 ","1,964.0 ",,"9,892.3 ","68,726.1 ","58,459.8 ","10,266.3 ","58,833.7 ","44,279.8 ","14,553.9 "
10-12.,"283,760.4 ","3,547.2 ",803.0 ,"281,016.2 ","24,436.2 ","14,756.7 ","76,760.6 ","165,062.8 ",,"24,694.2 ","40,988.5 ","6,578.0 ","35,923.1 ","27,038.6 ","136,936.9 ","1,690.2 ",,"9,139.4 ","69,558.4 ","58,911.3 ","10,647.0 ","60,419.0 ","45,628.5 ","14,790.5 "
2005/ 1- 3.,"284,340.2 ","3,417.0 ",843.9 ,"281,767.2 ","24,524.5 ","15,121.8 ","75,895.7 ","166,225.2 ",,"24,247.0 ","40,817.5 ","7,104.2 ","36,609.4 ","27,302.4 ","137,740.5 ","1,499.0 ",,"7,891.5 ","68,307.3 ","58,776.6 ","9,530.7 ","60,415.8 ","46,059.1 ","14,356.7 "
4- 6.,"285,144.4 ","3,274.0 ",891.2 ,"282,761.6 ","25,345.3 ","14,961.0 ","76,067.3 ","166,388.1 ",,"24,076.0 ","40,760.6 ","7,391.8 ","37,774.9 ","27,483.6 ","138,375.2 ","1,109.3 ",,"7,601.2 ","71,564.5 ","61,265.2 ","10,299.3 ","63,963.3 ","49,612.7 ","14,350.6 "
7- 9.,"287,222.5 ","3,329.4 ",953.0 ,"284,846.0 ","25,455.1 ","15,092.3 ","76,496.3 ","167,802.4 ",,"24,513.2 ","41,517.1 ","7,465.9 ","38,613.1 ","28,034.7 ","140,718.8 ",736.9 ,,"6,386.2 ","74,520.5 ","63,825.6 ","10,694.8 ","68,134.3 ","52,910.1 ","15,224.2 "
10-12.,"287,315.3 ","3,264.2 ",999.0 ,"285,050.1 ","24,457.1 ","15,361.9 ","76,985.0 ","168,246.1 ",,"24,875.9 ","40,766.9 ","7,187.5 ","37,844.1 ","27,854.9 ","138,791.1 ",147.3 ,,"7,910.6 ","79,543.4 ","67,804.4 ","11,739.1 ","71,632.8 ","56,089.0 ","15,543.8 "
2006/ 1- 3.,"289,084.9 ","2,454.1 ",653.2 ,"287,284.0 ","24,727.2 ","15,501.0 ","77,767.4 ","169,288.4 ",,"24,684.7 ","40,741.2 ","7,353.4 ","38,162.5 ","28,138.9 ","138,992.8 ",-172.7 ,,"6,194.3 ","81,052.8 ","69,235.4 ","11,817.4 ","74,858.5 ","59,533.3 ","15,325.2 "
4- 6.,"288,229.0 ","2,568.1 ",704.0 ,"286,364.9 ","24,316.1 ","15,666.8 ","76,344.3 ","170,037.7 ",,"24,699.7 ","40,725.9 ","7,211.2 ","38,713.7 ","28,414.7 ","139,326.0 ",-256.6 ,,"6,258.5 ","82,044.2 ","70,750.4 ","11,293.8 ","75,785.7 ","60,147.1 ","15,638.5 "
7- 9.,"286,472.2 ","2,490.3 ",702.3 ,"284,684.2 ","22,737.0 ","15,781.3 ","75,727.2 ","170,438.7 ",,"24,847.1 ","39,711.6 ","7,196.1 ","38,474.0 ","28,460.8 ","139,098.6 ",626.1 ,,"6,660.1 ","85,026.1 ","73,347.3 ","11,678.8 ","78,365.9 ","62,243.2 ","16,122.7 "
10-12.,"290,182.8 ","2,491.5 ",748.5 ,"288,439.8 ","24,548.6 ","16,075.6 ","75,981.0 ","171,834.6 ",,"24,943.1 ","39,559.8 ","7,317.4 ","39,978.9 ","28,743.7 ","141,197.3 ",638.0 ,,"8,419.7 ","86,786.2 ","74,547.3 ","12,239.0 ","78,366.6 ","61,845.4 ","16,521.1 "
2007/ 1- 3.,"289,617.0 ","2,554.7 ",779.9 ,"287,842.2 ","24,080.3 ","15,615.1 ","75,058.1 ","173,088.8 ",,"24,708.6 ","38,621.6 ","7,212.0 ","40,625.5 ","28,943.4 ","142,778.2 ","2,347.4 ",,"9,459.9 ","89,790.1 ","77,139.7 ","12,650.4 ","80,330.3 ","63,330.0 ","17,000.2 "
4- 6.,"291,276.6 ","2,579.8 ",760.3 ,"289,457.1 ","23,996.9 ","15,984.6 ","75,990.8 ","173,484.8 ",,"24,423.7 ","38,495.3 ","7,043.1 ","39,898.1 ","29,129.7 ","139,947.3 ","1,182.3 ",,"9,675.4 ","93,427.3 ","79,975.6 ","13,451.7 ","83,752.0 ","65,535.8 ","18,216.1 "
7- 9.,"288,321.1 ","2,512.5 ",820.5 ,"286,629.0 ","22,031.8 ","15,602.3 ","75,907.3 ","173,087.6 ",,"22,455.9 ","37,817.3 ","6,682.9 ","39,388.0 ","29,141.7 ","136,774.1 ","1,441.7 ",,"10,808.3 ","94,346.1 ","81,035.9 ","13,310.2 ","83,537.8 ","65,293.4 ","18,244.4 "
10-12.,"290,001.1 ","2,513.8 ",855.9 ,"288,343.2 ","23,278.5 ","15,598.7 ","77,287.0 ","172,179.1 ",,"20,109.0 ","37,801.1 ","7,153.9 ","39,503.9 ","29,259.4 ","136,701.6 ","3,003.1 ",,"8,000.9 ","95,390.7 ","81,883.0 ","13,507.6 ","87,389.7 ","69,187.8 ","18,202.0 "
2008/ 1- 3.,"292,399.4 ","2,497.6 ",867.5 ,"290,769.3 ","23,934.5 ","15,638.1 ","78,693.3 ","172,503.4 ",,"20,820.9 ","37,313.9 ","7,129.2 ","39,635.6 ","29,620.2 ","136,731.7 ","1,828.3 ",,"6,683.9 ","95,176.1 ","82,031.5 ","13,144.6 ","88,492.3 ","70,348.4 ","18,143.9 "
4- 6.,"289,132.6 ","2,369.9 ",855.0 ,"287,617.6 ","23,980.3 ","15,479.0 ","78,287.1 ","169,871.2 ",,"21,969.2 ","36,701.3 ","6,959.6 ","39,391.7 ","29,741.1 ","139,138.1 ","4,665.2 ",,"4,735.3 ","95,475.8 ","81,719.4 ","13,756.4 ","90,740.5 ","73,612.3 ","17,128.2 "
7- 9.,"289,703.3 ","2,209.0 ",835.8 ,"288,330.2 ","23,566.1 ","15,479.8 ","79,158.8 ","170,125.5 ",,"22,681.2 ","36,949.5 ","6,836.1 ","38,402.8 ","29,560.9 ","133,378.4 ",-954.1 ,,137.7 ,"98,386.4 ","84,321.4 ","14,065.0 ","98,248.8 ","80,453.0 ","17,795.8 "
10-12.,"282,751.6 ","2,217.0 ",779.7 ,"281,314.3 ","21,755.3 ","14,980.5 ","75,118.1 ","169,460.6 ",,"22,364.4 ","36,832.4 ","5,982.2 ","36,019.0 ","28,904.0 ","136,866.6 ","6,797.9 ",,"-3,977.8 ","75,672.3 ","63,106.0 ","12,566.3 ","79,650.1 ","63,158.8 ","16,491.3 "
2009/ 1- 3.,"278,400.0 ","1,903.5 ",761.6 ,"277,258.1 ","20,492.0 ","15,246.3 ","73,976.1 ","167,543.6 ",,"20,271.0 ","35,324.6 ","5,305.5 ","32,906.7 ","28,198.7 ","117,434.4 ","-4,805.0 ",,"-4,155.1 ","53,395.0 ","42,820.6 ","10,574.5 ","57,550.2 ","43,689.1 ","13,861.0 "
4- 6.,"279,476.5 ","1,756.0 ",716.5 ,"278,437.0 ","21,207.5 ","14,855.8 ","75,015.9 ","167,357.7 ",,"18,121.4 ","38,374.6 ","5,197.8 ","29,796.8 ","27,161.4 ","114,031.2 ","-4,453.4 ",,"3,293.1 ","59,092.2 ","48,793.2 ","10,299.1 ","55,799.1 ","42,193.9 ","13,605.2 "
7- 9.,"279,473.6 ","1,887.6 ",794.5 ,"278,380.4 ","22,242.4 ","14,556.0 ","74,556.7 ","167,025.4 ",,"16,754.1 ","35,012.1 ","5,508.0 ","30,228.1 ","26,342.0 ","108,122.5 ","-5,909.5 ",,"3,862.1 ","64,716.6 ","54,471.3 ","10,245.3 ","60,854.6 ","47,582.6 ","13,272.0 "
10-12.,"280,105.5 ","1,867.1 ",888.1 ,"279,126.6 ","23,108.1 ","14,319.9 ","75,023.6 ","166,674.9 ",,"16,213.2 ","34,389.1 ","6,110.6 ","29,882.6 ","26,974.1 ","108,283.4 ","-4,753.5 ",,"5,646.2 ","68,594.6 ","58,245.1 ","10,349.5 ","62,948.3 ","49,611.2 ","13,337.1 "
2010/ 1- 3.,"280,601.8 ","1,932.7 ",948.3 ,"279,617.4 ","23,660.4 ","14,058.3 ","75,439.3 ","166,459.4 ",,"17,144.7 ","34,038.1 ","6,379.7 ","30,446.4 ","26,616.8 ","111,530.7 ","-3,219.0 ",,"7,388.2 ","73,152.9 ","62,301.0 ","10,851.9 ","65,764.8 ","52,145.1 ","13,619.6 "
4- 6.,"281,998.4 ","2,065.9 ",964.7 ,"280,897.1 ","23,398.6 ","13,986.7 ","76,942.6 ","166,569.2 ",,"17,089.7 ","33,296.6 ","6,483.1 ","30,363.5 ","26,750.7 ","112,793.8 ","-1,268.8 ",,"7,128.6 ","76,595.2 ","65,542.0 ","11,053.1 ","69,466.6 ","55,447.3 ","14,019.3 "
7- 9.,"284,020.9 ","2,037.6 ","1,019.7 ","283,002.9 ","24,028.8 ","13,932.1 ","78,383.9 ","166,658.1 ",,"17,320.0 ","34,192.0 ","5,890.5 ","30,317.2 ","26,638.1 ","116,345.7 ","1,854.8 ",,"7,031.1 ","76,289.1 ","65,016.1 ","11,273.1 ","69,258.0 ","55,493.4 ","13,764.6 "
10-12.,"279,671.5 ","1,974.4 ",942.6 ,"278,639.8 ","22,627.7 ","13,893.2 ","75,799.8 ","166,319.0 ",,"17,891.5 ","34,347.2 ","5,558.1 ","29,712.8 ","26,758.8 ","116,369.0 ","2,313.2 ",,"5,641.1 ","75,963.7 ","64,934.6 ","11,029.1 ","70,322.6 ","56,611.6 ","13,710.9 "
2011/ 1- 3.,"274,985.3 ","1,922.4 ",841.2 ,"273,904.1 ","20,528.6 ","13,547.5 ","76,393.5 ","163,434.5 ",,"18,590.6 ","36,085.8 ","4,969.9 ","29,653.3 ","26,204.5 ","116,845.7 ","1,079.4 ",,"2,045.6 ","75,687.9 ","64,440.4 ","11,247.4 ","73,642.2 ","59,900.6 ","13,741.6 "
4- 6.,"276,198.7 ","1,733.7 ",441.0 ,"274,906.0 ","20,959.8 ","13,899.6 ","75,983.8 ","164,062.7 ",,"18,097.0 ","34,675.5 ","5,127.0 ","30,353.9 ","26,294.3 ","115,237.8 ",700.8 ,,"-5,809.3 ","70,037.3 ","59,751.7 ","10,285.6 ","75,846.6 ","62,916.9 ","12,929.6 "
7- 9.,"280,008.4 ","1,867.1 ",656.1 ,"278,797.3 ","21,353.8 ","14,115.9 ","77,162.3 ","166,165.4 ",,"18,829.0 ","33,915.7 ","5,905.8 ","31,294.8 ","26,476.5 ","118,049.5 ","1,539.9 ",,"-2,635.8 ","76,079.0 ","65,728.1 ","10,350.9 ","78,714.9 ","65,116.0 ","13,598.8 "
10-12.,"281,729.0 ","1,880.2 ",799.0 ,"280,647.7 ","22,127.4 ","14,107.6 ","77,265.8 ","167,146.9 ",,"18,477.8 ","34,152.4 ","6,557.0 ","32,165.6 ","26,769.3 ","118,796.7 ",712.8 ,,"-6,330.3 ","72,441.6 ","62,199.1 ","10,242.5 ","78,771.9 ","65,381.6 ","13,390.2 "
2012/ 1- 3.,"283,219.8 ","1,945.0 ",898.5 ,"282,173.3 ","22,175.1 ","13,795.7 ","79,105.2 ","167,097.3 ",,"18,244.9 ","34,925.7 ","6,987.6 ","32,144.8 ","26,902.6 ","122,801.0 ","3,502.2 ",,"-5,539.7 ","74,554.8 ","63,807.7 ","10,747.0 ","80,094.5 ","66,563.7 ","13,530.8 "
4- 6.,"282,311.9 ","2,048.6 ",941.2 ,"281,204.4 ","22,387.1 ","14,006.2 ","78,420.8 ","166,390.4 ",,"18,562.2 ","34,448.5 ","7,341.8 ","32,339.5 ","26,917.0 ","120,059.3 ",377.4 ,,"-8,066.9 ","73,612.4 ","63,708.4 ","9,903.9 ","81,679.3 ","67,498.4 ","14,180.9 "
7- 9.,"279,977.6 ","1,951.5 ",948.9 ,"278,975.1 ","21,880.3 ","13,924.8 ","76,800.3 ","166,369.7 ",,"18,851.0 ","33,835.5 ","6,726.0 ","32,040.1 ","26,965.5 ","119,786.7 ","1,272.2 ",,"-8,908.4 ","70,985.3 ","61,228.4 ","9,757.0 ","79,893.8 ","65,560.3 ","14,333.5 "
10-12.,"282,013.8 ","1,876.8 ",890.5 ,"281,027.6 ","19,974.0 ","14,190.7 ","79,835.4 ","167,027.5 ",,"19,364.2 ","34,290.9 ","6,430.8 ","31,603.6 ","26,809.4 ","118,110.5 ",-351.0 ,,"-10,234.2 ","69,430.2 ","59,170.4 ","10,259.7 ","79,664.4 ","65,217.2 ","14,447.2 "
2013/ 1- 3.,"286,152.6 ","1,910.4 ","1,031.8 ","285,274.1 ","21,574.1 ","15,202.2 ","80,337.2 ","168,160.5 ",,"19,701.9 ","35,173.8 ","6,425.7 ","31,186.2 ","27,033.4 ","119,562.4 ",108.3 ,,"-10,140.1 ","76,395.5 ","64,511.1 ","11,884.4 ","86,535.6 ","71,189.0 ","15,346.6 "
4- 6.,"288,071.0 ","1,805.0 ","1,158.1 ","287,424.1 ","22,088.5 ","16,068.8 ","80,449.7 ","168,817.1 ",,"20,116.7 ","37,197.9 ","6,691.2 ","31,763.9 ","27,733.6 ","121,301.6 ","-2,243.6 ",,"-9,875.3 ","80,957.7 ","68,327.3 ","12,630.3 ","90,833.0 ","75,275.5 ","15,557.5 "
7- 9.,"290,193.0 ","1,806.0 ","1,266.7 ","289,653.8 ","22,694.5 ","16,235.4 ","80,841.4 ","169,882.4 ",,"21,074.9 ","38,676.7 ","7,191.2 ","32,490.0 ","27,876.4 ","126,518.9 ",-768.8 ,,"-12,183.5 ","82,066.9 ","69,330.3 ","12,736.6 ","94,250.4 ","78,179.0 ","16,071.5 "
10-12.,"291,156.2 ","1,829.2 ","1,384.5 ","290,711.5 ","23,264.9 ","16,160.9 ","81,371.2 ","169,914.5 ",,"22,032.1 ","38,950.2 ","7,468.9 ","33,197.0 ","28,067.5 ","129,832.4 ",206.0 ,,"-16,707.0 ","81,618.4 ","69,018.5 ","12,599.9 ","98,325.4 ","81,531.8 ","16,793.6 "
2014/ 1- 3.,"297,801.4 ","1,784.0 ","1,413.3 ","297,430.6 ","26,128.7 ","16,847.1 ","83,152.3 ","171,302.5 ",,"22,379.2 ","37,793.2 ","7,724.2 ","35,629.9 ","28,305.5 ","129,270.3 ","-2,485.3 ",,"-19,279.4 ","86,824.2 ","71,824.0 ","15,000.2 ","106,103.6 ","87,522.3 ","18,581.3 "
4- 6.,"288,532.6 ","1,720.7 ","1,635.1 ","288,447.0 ","22,635.3 ","16,000.3 ","79,932.1 ","169,879.4 ",,"21,180.3 ","37,558.2 ","7,599.2 ","33,582.4 ","28,694.2 ","131,927.4 ","2,996.4 ",,"-12,211.3 ","87,770.5 ","71,798.3 ","15,972.2 ","99,981.9 ","81,118.3 ","18,863.6 "
7- 9.,"291,570.7 ","1,709.1 ","1,731.9 ","291,593.5 ","21,777.3 ","16,565.5 ","81,805.0 ","171,445.7 ",,"20,151.3 ","38,420.4 ","7,261.7 ","34,291.3 ","29,263.1 ","129,283.7 ",-163.5 ,,"-12,779.0 ","90,936.1 ","74,417.7 ","16,518.4 ","103,715.0 ","83,936.0 ","19,779.1 "
10-12.,"291,889.6 ","1,678.7 ","2,126.5 ","292,337.4 ","22,248.1 ","17,174.8 ","81,425.3 ","171,489.2 ",,"20,192.6 ","39,044.6 ","7,476.2 ","34,142.3 ","29,586.4 ","128,990.0 ","-1,288.4 ",,"-9,298.3 ","95,716.1 ","78,004.3 ","17,711.8 ","105,014.4 ","85,146.9 ","19,867.5 "
2015/ 1- 3.,"292,684.6 ","1,624.7 ","2,401.7 ","293,461.5 ","21,993.5 ","17,433.7 ","82,252.1 ","171,782.2 ",,"20,743.3 ","39,026.9 ","7,877.5 ","36,468.9 ","30,156.6 ","134,074.4 ",-85.7 ,,"-3,794.1 ","95,256.0 ","77,719.9 ","17,536.1 ","99,050.1 ","78,499.4 ","20,550.8 "
4- 6.,"293,861.9 ","1,629.2 ","2,636.0 ","294,868.6 ","21,785.9 ","17,439.1 ","82,028.6 ","173,615.0 ",,"21,103.9 ","38,361.9 ","7,703.7 ","36,148.0 ","29,822.4 ","135,930.8 ","2,549.5 ",,"-3,415.5 ","93,484.9 ","75,222.3 ","18,262.6 ","96,900.5 ","76,404.1 ","20,496.3 "
7- 9.,"294,459.5 ","1,632.0 ","2,890.2 ","295,717.6 ","22,405.8 ","17,851.8 ","81,593.9 ","173,866.1 ",,"21,296.2 ","39,730.7 ","7,861.1 ","36,150.1 ","29,896.2 ","135,597.3 ",763.3 ,,"-2,529.3 ","95,607.4 ","76,113.0 ","19,494.3 ","98,136.7 ","77,628.2 ","20,508.5 "
10-12.,"291,952.1 ","1,646.7 ","2,963.3 ","293,268.7 ","20,604.0 ","17,311.4 ","80,940.2 ","174,413.1 ",,"21,267.7 ","39,778.6 ","7,683.6 ","35,958.7 ","30,140.1 ","135,784.4 ",984.8 ,,"-1,969.6 ","90,955.5 ","72,061.6 ","18,893.9 ","92,925.1 ","71,998.6 ","20,926.4 "
2016/ 1- 3.,"291,005.0 ","1,637.9 ","3,112.4 ","292,479.5 ","21,579.3 ","16,704.3 ","80,200.4 ","173,995.4 ",,"21,161.6 ","40,686.3 ","7,536.5 ","35,130.5 ","30,081.1 ","135,578.6 ","1,104.1 ",,"3,324.6 ","87,883.5 ","69,145.1 ","18,738.4 ","84,558.9 ","65,507.3 ","19,051.6 "
4- 6.,"289,284.0 ","1,689.4 ","2,809.3 ","290,404.0 ","21,521.8 ","16,026.7 ","80,236.6 ","172,618.9 ",,"21,691.1 ","40,320.4 ","7,462.1 ","34,765.6 ","29,621.9 ","136,272.5 ","2,236.2 ",,"3,977.3 ","85,560.0 ","67,748.9 ","17,811.2 ","81,582.7 ","62,400.2 ","19,182.5 "
7- 9.,"289,733.1 ","1,717.3 ","3,262.4 ","291,278.2 ","22,110.9 ","15,822.7 ","80,524.2 ","172,820.4 ",,"22,027.4 ","41,029.2 ","7,561.6 ","34,464.7 ","29,408.0 ","134,501.3 ",72.2 ,,"5,194.7 ","85,839.1 ","67,878.5 ","17,960.6 ","80,644.3 ","61,587.3 ","19,057.1 "
10-12.,"291,650.7 ","1,736.7 ","3,045.0 ","292,959.0 ","21,632.0 ","15,807.0 ","82,120.4 ","173,399.6 ",,"22,257.0 ","41,683.5 ","7,677.2 ","34,920.4 ","29,402.6 ","134,124.9 ","-1,765.0 ",,"5,074.6 ","90,071.5 ","71,377.1 ","18,694.4 ","84,996.8 ","64,547.8 ","20,449.1 "
2017/ 1- 3.,"293,210.5 ","1,791.9 ","3,268.1 ","294,686.7 ","22,364.2 ","16,528.3 ","81,495.1 ","174,299.1 ",,"22,190.3 ","41,212.9 ","8,011.3 ","36,133.3 ","29,366.4 ","136,029.6 ",-937.9 ,,"3,339.5 ","95,234.4 ","76,025.1 ","19,209.2 ","91,894.8 ","71,375.1 ","20,519.7 "
4- 6.,"294,922.1 ","1,693.5 ","3,318.0 ","296,546.6 ","22,637.5 ","16,386.8 ","82,332.2 ","175,190.1 ",,"22,372.5 ","42,099.1 ","7,651.0 ","36,198.5 ","29,933.9 ","138,200.6 ",-272.3 ,,"2,533.2 ","94,763.2 ","75,007.9 ","19,755.4 ","92,230.0 ","71,777.9 ","20,452.1 "
7- 9.,"293,741.4 ","1,732.4 ","3,704.9 ","295,713.9 ","22,248.3 ","16,564.2 ","82,364.9 ","174,536.5 ",,"22,292.1 ","42,353.0 ","7,750.0 ","36,396.3 ","29,760.1 ","141,261.0 ","2,707.4 ",,"6,741.9 ","98,367.2 ","78,052.9 ","20,314.4 ","91,625.3 ","70,732.1 ","20,893.3 "
10-12.,"296,435.8 ","1,718.5 ","3,831.4 ","298,548.7 ","22,976.6 ","16,586.9 ","83,696.2 ","175,289.0 ",,"21,688.7 ","42,831.2 ","7,982.9 ","37,348.5 ","29,913.3 ","142,510.2 ","3,110.1 ",,"4,103.3 ","100,586.9 ","79,637.8 ","20,949.0 ","96,483.6 ","75,328.2 ","21,155.4 "
2018/ 1- 3.,"297,423.3 ","1,789.9 ","4,116.6 ","299,750.0 ","22,530.4 ","16,648.0 ","84,644.1 ","175,927.5 ",,"21,232.2 ","43,583.8 ","7,746.4 ","37,073.9 ","29,947.1 ","141,486.6 ","1,682.8 ",,"2,931.3 ","101,170.6 ","80,524.6 ","20,646.1 ","98,239.3 ","77,093.6 ","21,145.7 "
4- 6.,"297,287.4 ","1,823.0 ","4,214.6 ","299,679.0 ","22,482.0 ","16,759.8 ","83,291.0 ","177,146.3 ",,"20,854.1 ","43,811.7 ","8,043.4 ","38,363.7 ","30,160.3 ","142,534.7 ","1,098.2 ",,"1,911.0 ","102,156.7 ","81,550.3 ","20,606.4 ","100,245.7 ","77,918.3 ","22,327.4 "
7- 9.,"298,402.6 ","1,868.9 ","4,135.6 ","300,669.3 ","22,578.7 ","16,795.1 ","84,609.9 ","176,685.5 ",,"20,911.0 ","42,778.2 ","7,473.6 ","36,567.9 ","30,074.8 ","140,449.5 ","2,500.8 ",,-283.5 ,"101,921.2 ","81,121.5 ","20,799.7 ","102,204.7 ","80,739.8 ","21,464.8 "
10-12.,"299,316.2 ","1,932.2 ","4,595.7 ","301,979.7 ","23,429.2 ","17,429.3 ","82,943.3 ","178,177.9 ",,"21,187.0 ","42,401.0 ","8,388.5 ","39,478.4 ","30,846.8 ","144,370.1 ","2,876.5 ",,"-3,971.4 ","102,412.9 ","81,553.9 ","20,859.0 ","106,384.3 ","84,413.9 ","21,970.4 "
2019/ 1- 3.,"298,275.8 ","1,950.9 ","4,387.2 ","300,712.0 ","22,845.5 ","16,721.0 ","83,451.0 ","177,694.5 ",,"21,726.1 ","43,620.5 ","7,957.1 ","38,101.1 ","30,228.7 ","144,772.6 ","2,753.5 ",,-411.5 ,"98,407.7 ","77,028.0 ","21,379.8 ","98,819.3 ","75,668.5 ","23,150.7 "
4- 6.,"299,917.2 ","1,986.4 ","4,678.5 ","302,609.3 ","23,962.5 ","16,729.8 ","84,079.8 ","177,837.3 ",,"22,093.4 ","43,589.7 ","8,356.0 ","38,008.6 ","30,665.8 ","145,987.3 ","2,981.8 ",,"-2,700.3 ","98,146.0 ","76,099.8 ","22,046.1 ","100,846.2 ","77,288.6 ","23,557.6 "
7- 9.,"301,671.3 ","1,948.3 ","4,448.8 ","304,171.8 ","24,751.6 ","17,194.5 ","84,083.3 ","178,142.4 ",,"22,197.2 ","44,060.2 ","8,323.5 ","38,453.6 ","30,942.4 ","145,788.7 ","1,559.5 ",,"-3,315.5 ","96,701.7 ","75,287.4 ","21,414.3 ","100,017.3 ","75,879.1 ","24,138.2 "
10-12.,"294,270.2 ","1,961.8 ","4,752.2 ","297,060.6 ","21,434.2 ","16,264.8 ","82,042.8 ","177,318.8 ",,"22,151.4 ","44,278.0 ","7,845.6 ","36,766.0 ","30,568.4 ","141,761.9 ","1,266.0 ",,-140.3 ,"96,529.3 ","74,731.9 ","21,797.4 ","96,669.6 ","73,746.9 ","22,922.7 "
2020/ 1- 3.,"291,474.5 ","1,320.5 ","2,619.3 ","292,773.3 ","21,544.2 ","15,966.3 ","82,884.7 ","172,378.1 ",,"21,357.8 ","44,820.9 ","7,656.8 ","35,856.1 ","30,823.9 ","143,585.9 ","2,570.7 ",,"-1,677.1 ","91,813.0 ","73,093.7 ","18,719.3 ","93,490.1 ","70,444.4 ","23,045.7 "
4- 6.,"265,703.5 ",276.5 ,490.1 ,"265,917.0 ","20,180.9 ","15,834.6 ","79,348.9 ","150,552.7 ",,"21,259.6 ","44,239.8 ","5,950.7 ","33,091.3 ","30,399.0 ","136,675.9 ","1,314.9 ",,"-11,332.8 ","73,158.4 ","56,981.3 ","16,177.1 ","84,491.2 ","63,506.7 ","20,984.5 "
7- 9.,"279,381.8 ",253.4 ,535.8 ,"279,664.3 ","21,670.1 ","15,691.2 ","81,263.2 ","161,039.7 ",,"20,220.1 ","44,829.7 ","6,484.3 ","31,577.1 ","29,698.9 ","134,633.1 ","1,573.7 ",,"1,123.0 ","80,503.7 ","65,438.8 ","15,064.9 ","79,380.7 ","59,684.2 ","19,696.5 "
10-12.,"284,371.6 ",285.8 ,536.1 ,"284,621.9 ","23,757.7 ","15,646.3 ","80,079.6 ","165,138.3 ",,"20,145.5 ","44,819.6 ","7,234.7 ","35,533.9 ","30,059.9 ","135,584.5 ",-861.2 ,,"6,302.1 ","89,530.0 ","73,707.0 ","15,823.0 ","83,227.9 ","63,747.2 ","19,480.8 "
2021/ 1- 3.,"281,814.7 ",288.6 ,482.8 ,"282,008.9 ","23,096.9 ","15,324.7 ","81,689.6 ","161,897.6 ",,"20,530.3 ","43,992.4 ","6,650.6 ","34,973.1 ","29,849.0 ","137,820.9 ","1,270.2 ",,"1,689.2 ","93,571.4 ","77,091.7 ","16,479.6 ","91,882.2 ","71,007.6 ","20,874.5 "
4- 6.,"282,247.5 ",312.0 ,449.4 ,"282,385.0 ","23,261.2 ","15,580.8 ","82,635.4 ","160,907.6 ",,"21,309.9 ","43,866.9 ","6,260.1 ","36,224.7 ","31,548.2 ","138,687.3 ",-971.7 ,,"-2,298.9 ","99,513.6 ","81,906.9 ","17,606.7 ","101,812.5 ","78,718.8 ","23,093.6 "
ÅñîNó¶Ç≈ï\é¶ÇµÇƒÇ¢ÇÈÅB,,,,,,,,,,,,,,,,,,,,,,,,
