Date,Open,High,Low,Close,Volume
1988-01-03,824.4,824.4,810.9,823.2
1988-01-10,833.6,911.5,833.6,895.3
1988-01-17,849.1,870.5,849.1,869.8
1988-01-24,917.6,924.1,904.2,904.2
1988-01-31,908.9,908.9,897.4,908.9
1988-02-07,892,895.5,869.9,869.9
1988-02-14,859.2,873.2,851.8,873.2
1988-02-21,882.1,890,882.1,890
1988-02-28,901.7,901.7,888.2,888.2
1988-03-06,888.8,920.6,888.8,920.6
1988-03-13,915.7,940.6,915.7,940.6
1988-03-20,948,959.8,944.1,959.8
1988-03-27,969.5,969.5,945.6,945.6
1988-04-03,925.2,930.1,919.4,925.8
1988-04-10,926.8,946,926.8,943
1988-04-17,946.5,957.1,933.4,933.4
1988-04-24,930.7,955.8,930.7,955.8
1988-05-01,959.6,965.4,956.4,965.4
1988-05-08,968.9,976.1,968.9,976.1
1988-05-15,971.9,971.9,964.5,970.2
1988-05-22,970.7,975,964.3,965.3
1988-05-29,956,983.4,956,983.4
1988-06-05,999.3,1023.9,999.3,1023.9
1988-06-12,1035.1,1046.4,1031.2,1046.4
1988-06-19,1066.5,1069.4,1066.5,1069.4
1988-06-26,1072.3,1083.4,1058.1,1082.7
1988-07-03,1078,1105.4,1078,1105.4
1988-07-10,1094.5,1095.7,1079.4,1079.4
1988-07-17,1095.9,1131,1095.9,1131
1988-07-24,1146.6,1152.5,1136.2,1142.8
1988-07-31,1132.5,1143.4,1132.5,1143.4
1988-08-07,1162.6,1172.1,1160.8,1172.1
1988-08-14,1177.9,1177.9,1132.1,1132.1
1988-08-21,1122.8,1122.8,1081.5,1081.5
1988-08-28,1075.7,1075.7,1044.8,1044.8
1988-09-04,1020.3,1049.3,1020.2,1049.3
1988-09-11,1067,1067,1062.3,1063.5
1988-09-18,1065.5,1070,1062.9,1064.9
1988-09-25,1062.5,1062.5,1033.7,1033.7
1988-10-02,1023.1,1035,1022.3,1035
1988-10-09,1023.1,1023.1,993.2,1003.3
1988-10-16,1015.9,1018.5,994.6,994.6
1988-10-23,1003.1,1038.4,1003.1,1038.4
1988-10-30,1044.5,1044.5,1035,1035
1988-11-06,1039.3,1039.3,1028.5,1028.5
1988-11-13,1023.3,1026.5,1014.1,1015
1988-11-20,1002.7,1002.7,991.2,991.4
1988-11-27,992.8,1012.2,992.8,1011.3
1988-12-04,1002.6,1005.5,999.4,999.4
1988-12-11,993.2,1002.8,993.2,1002.3
1988-12-18,1001.2,1003.3,1001.2,1002.6
1988-12-25,1007.9,1024.8,1007.9,1024.8
1989-01-01,1036.5,1044.2,1036.5,1038.6
1989-01-08,1034.2,1043.3,1030.7,1043.3
1989-01-15,1072,1099.2,1072,1099.2
1989-01-22,1107.9,1107.9,1094.4,1095.3
1989-01-29,1096,1115.5,1087.7,1115.5
1989-02-05,1134.8,1143.4,1128.3,1143.4
1989-02-12,1151.2,1156.4,1151.2,1156
1989-02-19,1139.7,1139.7,1120.2,1129.9
1989-02-26,1132.8,1138.8,1131.5,1135.2
1989-03-05,1120.2,1120.2,1105.5,1118.4
1989-03-12,1119.9,1154.9,1119.9,1154.9
1989-03-19,1160.4,1187.5,1160.4,1187.5
1989-03-26,1169.1,1183.4,1169.1,1180.7
1989-04-02,1183.9,1194.6,1183.9,1189.8
1989-04-09,1187.3,1193.3,1186.7,1186.7
1989-04-16,1192,1244.3,1192,1244.3
1989-04-23,1258.3,1258.3,1244.3,1244.3
1989-04-30,1247.2,1259.4,1246.1,1259.4
1989-05-07,1266,1284.9,1266,1282.5
1989-05-14,1280.6,1287.3,1280.6,1285.1
1989-05-21,1295.4,1310,1295.4,1309.7
1989-05-28,1292.7,1292.7,1257.7,1269.6
1989-06-04,1265.5,1305.2,1265.5,1305.2
1989-06-11,1271.4,1271.4,1207.1,1241.2
1989-06-18,1208.7,1298.5,1208.7,1296.5
1989-06-25,1304.4,1304.4,1290.3,1290.3
1989-07-02,1287.6,1315.3,1287.6,1307.7
1989-07-09,1298.1,1335.7,1298.1,1335.7
1989-07-16,1345.4,1363.5,1345.4,1363.5
1989-07-23,1359,1369,1359,1361.9
1989-07-30,1358.9,1371.4,1358.9,1370.1
1989-08-06,1372.3,1372.3,1349.2,1349.2
1989-08-13,1351.7,1379.9,1351.7,1377.4
1989-08-20,1380,1381.5,1371.6,1381.5
1989-08-27,1387,1387,1355.2,1355.2
1989-09-03,1346,1363.7,1342.5,1363.7
1989-09-10,1382.3,1419.7,1382.3,1419.7
1989-09-17,1414.3,1420.5,1411.3,1411.8
1989-09-24,1404.5,1404.5,1392.8,1392.8
1989-10-01,1385.5,1387.6,1371.4,1375.3
1989-10-08,1388.3,1420.6,1388.3,1420.6
1989-10-15,1420.2,1431.9,1420.2,1427.9
1989-10-22,1285,1345.6,1285,1345.6
1989-10-29,1365,1365,1319.3,1319.3
1989-11-05,1302.8,1336.2,1302.8,1330.8
1989-11-12,1322.8,1332,1320.8,1332
1989-11-19,1336.4,1337.7,1333.3,1337.7
1989-11-26,1345.3,1385.3,1345.3,1385.3
1989-12-03,1393.7,1411.3,1393.7,1408.5
1989-12-10,1426.1,1445.5,1426.1,1445
1989-12-17,1448.5,1468.6,1448.5,1468.6
1989-12-24,1460,1484.6,1452.2,1484.6
1989-12-31,1483.4,1484.5,1481.3,1481.3
1990-01-07,1499.5,1534.2,1499.5,1531.5
1990-01-14,1547.2,1569.5,1547.2,1559.2
1990-01-21,1525.5,1533,1512.5,1527.2
1990-01-28,1535.4,1535.4,1489.5,1489.5
1990-02-04,1518.1,1549.1,1515,1549.1
1990-02-11,1576.2,1588.8,1576.2,1581.5
1990-02-18,1593.8,1593.8,1564.7,1584.8
1990-02-25,1593.2,1595.4,1544.4,1549
1990-03-04,1506.6,1551.5,1506.6,1551.5
1990-03-11,1552.5,1586.2,1552.5,1586.2
1990-03-18,1582.1,1582.1,1564.8,1571
1990-03-25,1562.9,1585.4,1562.9,1585.4
1990-04-01,1604.1,1607.1,1581.1,1581.1
1990-04-08,1549.2,1555.9,1508.3,1508.3
1990-04-15,1505.8,1525.2,1505.8,1525.2
1990-04-22,1531,1534.1,1520.6,1520.6
1990-04-29,1504.6,1504.6,1467.8,1470.4
1990-05-06,1458.4,1479.9,1458.4,1479.9
1990-05-13,1514.5,1532.3,1514.5,1532.3
1990-05-20,1536.1,1552.9,1524.4,1552.9
1990-05-27,1571,1578.6,1565.4,1565.4
1990-06-03,1557.3,1558.2,1553.6,1555.8
1990-06-10,1552.5,1568.1,1550.7,1568.1
1990-06-17,1556.9,1556.9,1531.1,1531.3
1990-06-24,1545.7,1545.7,1532.9,1532.9
1990-07-01,1522.6,1533.3,1522.6,1527
1990-07-08,1524.4,1536,1524.4,1536
1990-07-15,1532.5,1564.4,1523.5,1564.4
1990-07-22,1575.9,1575.9,1562.6,1562.6
1990-07-29,1566.4,1566.4,1554.1,1565.5
1990-08-05,1557.1,1557.8,1511.1,1511.1
1990-08-12,1415,1415,1343.7,1343.7
1990-08-19,1288.9,1330.4,1288.9,1314.1
1990-08-26,1280.7,1280.7,1127.9,1158.1
1990-09-02,1198.2,1277.9,1198.2,1277.9
1990-09-09,1265.6,1265.6,1238.3,1238.3
1990-09-16,1246.5,1248.7,1226.8,1226.8
1990-09-23,1196.7,1196.7,1148.4,1148.4
1990-09-30,1132.7,1132.7,1098.7,1098.7
1990-10-07,1103.4,1137.2,1103.4,1113.9
1990-10-14,1110,1110,1079.5,1094.4
1990-10-21,1098.4,1139.9,1098.4,1139.9
1990-10-28,1173.2,1211,1173.2,1175
1990-11-04,1177.1,1177.1,1131.1,1131.1
1990-11-11,1132.9,1132.9,1088.5,1088.5
1990-11-18,1102.9,1118.4,1102.9,1118.4
1990-11-25,1122.8,1128.8,1122.8,1128.8
1990-12-02,1121.2,1121.2,1106.6,1106.6
1990-12-09,1125.6,1197.6,1121.3,1197.6
1990-12-16,1179.9,1195.2,1176.7,1188.3
1990-12-23,1171.6,1177.6,1171.6,1172
1990-12-30,1160.5,1160.5,1154.8,1154.8
1991-01-06,1153.5,1180.5,1153.5,1180.5
1991-01-13,1174.7,1175.3,1160.6,1175.3
1991-01-20,1177.5,1213.6,1149.1,1213.6
1991-01-27,1205.4,1238.8,1200.3,1238.8
1991-02-03,1260.8,1267.7,1248.4,1267.7
1991-02-10,1273.7,1291.8,1273.7,1291.8
1991-02-17,1302,1338.7,1302,1338.7
1991-02-24,1378.1,1397.4,1378.1,1387.3
1991-03-03,1417.3,1463,1417.3,1463
1991-03-10,1472.9,1512.9,1472.9,1506.2
1991-03-17,1488.5,1492.7,1477.6,1492.7
1991-03-24,1486.1,1486.1,1459.7,1477.4
1991-03-31,1479.1,1490.8,1465.9,1490.8
1991-04-07,1480.5,1502.4,1480.5,1502.4
1991-04-14,1492.2,1492.2,1460.2,1481.7
1991-04-21,1485.9,1530.1,1485.9,1530.1
1991-04-28,1532.1,1558.4,1526.1,1558.4
1991-05-05,1558.6,1558.6,1546,1546
1991-05-12,1518.8,1532.3,1518.8,1532.3
1991-05-19,1517.4,1525.2,1503.1,1513.8
1991-05-26,1522.2,1547.6,1518,1547.6
1991-06-02,1541.5,1554.2,1541.5,1554.2
1991-06-09,1565.6,1565.6,1550.2,1550.2
1991-06-16,1529.6,1538.3,1527.5,1527.5
1991-06-23,1534.1,1534.1,1499.1,1499.1
1991-06-30,1491.9,1502.6,1489.9,1489.9
1991-07-07,1498.3,1511.7,1470.1,1476.7
1991-07-14,1453.7,1476.2,1453.7,1468.8
1991-07-21,1463.8,1465.4,1447.4,1455.9
1991-07-28,1491.4,1504.9,1491.4,1504.9
1991-08-04,1494.8,1494.8,1477.6,1477.6
1991-08-11,1465,1465.6,1462.6,1462.6
1991-08-18,1440.1,1440.1,1393.7,1393.7
1991-08-25,1309.2,1412,1309.2,1388.9
1991-09-01,1387,1432.2,1383.1,1432.2
1991-09-08,1429,1429,1420.4,1420.4
1991-09-15,1421,1421,1415.7,1415.7
1991-09-22,1404.7,1404.7,1378.6,1378.6
1991-09-29,1390.8,1390.8,1373.1,1373.1
1991-10-06,1360.6,1360.6,1352.3,1352.3
1991-10-13,1345.3,1352.4,1336,1352.4
1991-10-20,1375,1378,1370.2,1378
1991-10-27,1387.8,1424.6,1387.8,1408.4
1991-11-03,1402.6,1416.5,1402.5,1416.5
1991-11-10,1418.8,1474.5,1418.8,1474.5
1991-11-17,1491.4,1491.4,1464.5,1464.5
1991-11-24,1420.2,1455,1420.2,1455
1991-12-01,1449.4,1456.4,1449.2,1453.2
1991-12-08,1439.1,1440.4,1430.6,1430.6
1991-12-15,1430.7,1441.3,1422.7,1441.3
1991-12-22,1459.4,1459.4,1426.8,1426.8
1991-12-29,1430.6,1430.6,1430.6,1430.6
1992-01-05,1477,1480.9,1477,1480.9
1992-01-12,1500.5,1501.1,1488.1,1488.1
1992-01-19,1483.3,1532.5,1483.3,1532.5
1992-01-26,1525.4,1545.7,1525.4,1542.3
1992-02-02,1545.9,1545.9,1526,1529.7
1992-02-09,1526,1530.9,1526,1526.3
1992-02-16,1526.4,1526.4,1494.8,1494.8
1992-02-23,1501.8,1519.1,1501.8,1519.1
1992-03-01,1515,1515,1471.9,1477.4
1992-03-08,1460.5,1460.5,1445.8,1445.8
1992-03-15,1429.7,1466.1,1429.7,1466.1
1992-03-22,1449.7,1449.7,1435.8,1435.8
1992-03-29,1435.7,1449.7,1435.7,1438.8
1992-04-05,1425.7,1425.7,1387.1,1387.1
1992-04-12,1385.7,1385.7,1352.8,1380
1992-04-19,1373.9,1490.7,1373.9,1410.6
1992-04-26,1412.8,1412.8,1402.3,1408.4
1992-05-03,1413.1,1466,1413.1,1466
1992-05-10,1499,1499,1473.3,1473.8
1992-05-17,1459.1,1472.8,1458.6,1466.7
1992-05-24,1469.8,1472.9,1467.8,1471
1992-05-31,1494.3,1528.2,1494.3,1524.7
1992-06-07,1510.5,1513.7,1503.7,1503.7
1992-06-14,1500.6,1517.5,1491.2,1516.9
1992-06-21,1516.4,1522.7,1497.4,1499
1992-06-28,1500.5,1502.5,1485.8,1492.7
1992-07-05,1491.4,1496.9,1476.2,1491.7
1992-07-12,1484.1,1492.4,1469.7,1487.1
1992-07-19,1487.1,1487.2,1444.6,1451.1
1992-07-26,1451.4,1458.3,1398,1401.3
1992-08-02,1421.7,1451.8,1407.5,1451.8
1992-08-09,1449.9,1457.5,1411.1,1424.6
1992-08-16,1425.2,1425.2,1325.3,1338
1992-08-23,1338,1353.9,1269.4,1347.3
1992-08-30,1347.3,1372.2,1330.1,1359.3
1992-09-06,1360.3,1379.3,1360.3,1364.9
1992-09-13,1364.9,1377.3,1363.9,1369.2
1992-09-20,1382.3,1390.3,1341,1341.9
1992-09-27,1342.5,1345.3,1325.1,1339.8
1992-10-04,1344.5,1356.2,1344.5,1344.6
1992-10-11,1344.6,1344.6,1328.5,1333.2
1992-10-18,1333.2,1338.4,1326,1334.1
1992-10-25,1334.1,1368.5,1326.1,1366.5
1992-11-01,1365.8,1406.1,1365.8,1387
1992-11-08,1387,1433.1,1387,1413.1
1992-11-15,1413.1,1450.5,1413.1,1446.8
1992-11-22,1447.5,1449,1413.2,1413.8
1992-11-29,1415.3,1455.9,1415.3,1448
1992-12-06,1449.2,1475.1,1446.4,1448.3
1992-12-13,1449,1450.1,1425.4,1447.6
1992-12-20,1447.6,1491.8,1437.2,1491.8
1992-12-27,1494,1511.5,1483.4,1488.9
1993-01-03,1488.9,1527,1488.9,1524.4
1993-01-10,1524.1,1571,1524.1,1556.2
1993-01-17,1556.2,1572.4,1528.3,1572.4
1993-01-24,1573.8,1596.8,1571,1596.8
1993-01-31,1596.8,1621.4,1596.8,1620.2
1993-02-07,1620.4,1648.4,1617.3,1618.6
1993-02-14,1618.6,1629.7,1610.1,1613.5
1993-02-21,1613.5,1642.7,1611.2,1639
1993-02-28,1639,1681,1639,1664.5
1993-03-07,1665.3,1670,1643.3,1657.4
1993-03-14,1657.4,1673.9,1648.6,1652.9
1993-03-21,1652.9,1670.5,1626.5,1664.8
1993-03-28,1671.3,1671.3,1648.1,1660.8
1993-04-04,1660.8,1692.7,1660.8,1688.2
1993-04-11,1692.3,1722.9,1691.3,1718.4
1993-04-18,1718.4,1766.7,1690.4,1763.4
1993-04-25,1763.5,1787,1753.7,1773.1
1993-05-02,1773.1,1803.1,1773.1,1783.6
1993-05-09,1783.6,1792.4,1770.2,1774.8
1993-05-16,1774.8,1863.4,1767,1863.4
1993-05-23,1863.4,1883.3,1833.8,1861.9
1993-05-30,1862.4,1907.1,1851.6,1905.3
1993-06-06,1905.3,1911.1,1848.1,1870.9
1993-06-13,1872.3,1873.4,1851.2,1853.1
1993-06-20,1853.1,1854.7,1808.5,1826.2
1993-06-27,1826.2,1828.2,1722,1771.7
1993-07-04,1769.2,1818.9,1765.2,1818.2
1993-07-11,1821.6,1826.2,1796.1,1797.6
1993-07-18,1800.7,1800.7,1762.2,1777.7
1993-07-25,1777.7,1825.6,1772.9,1823.1
1993-08-01,1822.5,1824.4,1793.4,1809
1993-08-08,1810.4,1871.3,1806.9,1871.3
1993-08-15,1871.3,1917.9,1871.3,1917.9
1993-08-22,1920,1973.8,1886.4,1972.3
1993-08-29,1973,2017.3,1945.5,2007.9
1993-09-05,2003.7,2045.1,1977.4,2041.7
1993-09-12,2042.7,2055.6,1975.7,1998.8
1993-09-19,1999.4,2020,1989.4,2008.4
1993-09-26,2008.7,2013.4,1944.4,1983.3
1993-10-03,1983.4,2029.2,1979.7,2018.1
1993-10-10,2018.1,2045.1,2000.4,2031.5
1993-10-17,2034.3,2117.9,2034.3,2113
1993-10-24,2115.8,2145.7,2088.4,2090.1
1993-10-31,2089.5,2124.4,2089,2102.5
1993-11-07,2102.5,2141.6,2068.7,2068.7
1993-11-14,2068.7,2124.1,2027.5,2112
1993-11-21,2110.3,2110.3,2071.9,2092.6
1993-11-28,2092.6,2108,2071.5,2108
1993-12-05,2108,2151.5,2087.7,2151.5
1993-12-12,2145.8,2220.4,2141.7,2220.4
1993-12-19,2220.4,2306.5,2220.4,2280.3
1993-12-26,2285.8,2332.4,2269.1,2326.8
1994-01-02,2326.3,2439.8,2326.3,2425.7
1994-01-09,2427.4,2482.9,2304.6,2366.4
1994-01-16,2364.8,2427.7,2140,2302.9
1994-01-23,2303.2,2316.8,2249.5,2281.7
1994-01-30,2294.9,2318.3,2193.4,2300.1
1994-02-06,2300.1,2373.3,2300.1,2361
1994-02-13,2299.3,2347.5,2289.7,2341.6
1994-02-20,2343.1,2344.5,2305.9,2334.3
1994-02-27,2334.3,2425.4,2332.4,2357.4
1994-03-06,2356.8,2374.4,2212,2248.6
1994-03-13,2248.6,2275.9,2170,2190.1
1994-03-20,2190.1,2209.4,2089.9,2104
1994-03-27,2104,2138,1990.4,2083.4
1994-04-03,2083.4,2128.4,2053.9,2080.9
1994-04-10,2080.9,2130.5,2037,2120.2
1994-04-17,2120.2,2254.7,2115.1,2212.2
1994-04-24,2213.7,2272.2,2208.3,2265.6
1994-05-01,2267.7,2321,2267.7,2296.2
1994-05-08,2296.5,2315.6,2242.3,2256.2
1994-05-15,2256.5,2286.1,2208,2286.1
1994-05-22,2286.1,2362.7,2271.6,2337
1994-05-29,2338.1,2348.6,2300.6,2324
1994-06-05,2323.5,2323.5,2249,2268.7
1994-06-12,2271.7,2286.8,2256.6,2284.1
1994-06-19,2284.1,2309.6,2267.3,2306.2
1994-06-26,2306.2,2306.2,2242.5,2245.8
1994-07-03,2245.8,2245.8,2193.1,2210.7
1994-07-10,2210.7,2210.7,2143.6,2162.9
1994-07-17,2165.9,2204.2,2151.1,2198.3
1994-07-24,2199.8,2231.7,2193.2,2199.2
1994-07-31,2199.2,2216.1,2195.7,2206.4
1994-08-07,2208.4,2274.3,2208.4,2273.1
1994-08-14,2273.1,2317.8,2255.6,2317.8
1994-08-21,2318.1,2358.6,2290.7,2347.2
1994-08-28,2347.6,2350.5,2273.5,2293.5
1994-09-04,2293.5,2342.8,2293.5,2330.6
1994-09-11,2335.6,2339.2,2294,2300
1994-09-18,2300,2310.3,2275,2297.2
1994-09-25,2297.2,2302.1,2271.9,2302.1
1994-10-02,2303.6,2362.2,2289.8,2332.6
1994-10-09,2334.4,2384.3,2320.5,2330.1
1994-10-16,2330.1,2377.9,2297,2377.3
1994-10-23,2377.3,2395.4,2362.1,2377.5
1994-10-30,2374.5,2383.3,2350.7,2362.5
1994-11-06,2362.5,2388.3,2340.4,2352.5
1994-11-13,2352.8,2352.8,2309.9,2322.6
1994-11-20,2322.6,2361.4,2322.6,2354.7
1994-11-27,2354.7,2354.8,2182.7,2237.8
1994-12-04,2237.8,2254.8,2186.2,2189
1994-12-11,2189,2207,2078.3,2102.3
1994-12-18,2102.4,2180.8,2085.8,2169.7
1994-12-25,2173,2242.6,2173,2219.3
1995-01-01,2217.8,2243.8,2217.8,2239.6
1995-01-08,2239.6,2248.2,2207.3,2209.4
1995-01-15,2210.7,2210.7,2071.8,2080.7
1995-01-22,2081.5,2125.5,2018.1,2028.6
1995-01-29,2018.1,2041.8,1903.8,2035
1995-02-05,2035,2132,2035,2110.2
1995-02-12,2110.2,2141,2070.3,2074.1
1995-02-19,2074.7,2137.1,2074.7,2137.1
1995-02-26,2137.1,2137.1,2053.3,2114.5
1995-03-05,2112.7,2138.3,2021.9,2133
1995-03-12,2137.5,2143.8,2057.7,2061.3
1995-03-19,2062,2101.8,2048.7,2101.8
1995-03-26,2101.8,2112.8,2050.5,2056.6
1995-04-02,2056.6,2122.4,2055.9,2093.1
1995-04-09,2093.1,2105.5,2070.7,2073.8
1995-04-16,2070.7,2075.7,2054.6,2071.4
1995-04-23,2066.9,2113.5,2029,2079.5
1995-04-30,2076.5,2088.4,2049.6,2071.3
1995-05-07,2070.1,2072.8,2056.1,2058.8
1995-05-14,2059.3,2210.4,2058.4,2179.9
1995-05-21,2180.6,2204.7,2144.5,2158.9
1995-05-28,2158.9,2194.1,2150.4,2163.2
1995-06-04,2158.7,2216.3,2154.4,2208.5
1995-06-11,2209.9,2218.9,2144.7,2160.4
1995-06-18,2160.4,2160.4,2133.3,2133.3
1995-06-25,2136.3,2136.3,2101.7,2102.8
1995-07-02,2094.6,2114,2063,2093.2
1995-07-09,2094.8,2164.1,2091.1,2156
1995-07-16,2165,2190.8,2165,2188.3
1995-07-23,2188.3,2189.3,2128.2,2150.1
1995-07-30,2150.8,2185.9,2137.3,2185.9
1995-08-06,2186.2,2186.2,2104.6,2110.5
1995-08-13,2109,2109.3,2077.8,2077.8
1995-08-20,2077.8,2108.8,2045.1,2104.4
1995-08-27,2104.4,2125.1,2086.9,2125.1
1995-09-03,2121.2,2147.5,2119.9,2132.5
1995-09-10,2133.3,2137.7,2115,2129.4
1995-09-17,2129.4,2146.7,2117.1,2139.7
1995-09-24,2139.7,2141.4,2099.8,2108.4
1995-10-01,2111.5,2122.4,2100.8,2120
1995-10-08,2120,2149.6,2107.3,2142
1995-10-15,2143.6,2143.6,2109.3,2129
1995-10-22,2129.4,2129.9,2087,2107.9
1995-10-29,2107.9,2108.9,2089.4,2105.4
1995-11-05,2105.4,2108.2,2092.6,2097.3
1995-11-12,2097.3,2101.5,2069.9,2071.7
1995-11-19,2071.7,2096,2060.1,2077.4
1995-11-26,2077.4,2115.7,2077.4,2100
1995-12-03,2100,2131,2095.3,2130.5
1995-12-10,2130.5,2173.7,2130.5,2148.1
1995-12-17,2147.6,2206.1,2142,2203.1
1995-12-24,2203.1,2287.4,2180.9,2287.4
1995-12-31,2287.4,2287.6,2249.6,2266.5
1996-01-07,2266.5,2375.9,2255.8,2365.5
1996-01-14,2365.5,2402,2343.6,2402
1996-01-21,2400.5,2421.8,2374.8,2403.2
1996-01-28,2408.2,2449.2,2408.2,2437.3
1996-02-04,2437.3,2468.2,2410,2468.2
1996-02-11,2468.2,2504,2438.7,2456.4
1996-02-18,2457.7,2459.2,2400,2453.9
1996-02-25,2453.9,2466,2436.3,2466
1996-03-03,2466,2473.5,2421.4,2421.4
1996-03-10,2421.4,2435.1,2377,2400.8
1996-03-17,2394.4,2394.4,2282.1,2367.3
1996-03-24,2365.7,2422.8,2355,2398.9
1996-03-31,2399.7,2414.8,2381.6,2387.3
1996-04-07,2387.3,2399.1,2360.3,2396.5
1996-04-14,2396.8,2398.5,2365.2,2384
1996-04-21,2377.7,2417,2377.7,2399.3
1996-04-28,2400.9,2408.1,2366,2401.6
1996-05-05,2401.6,2415.7,2391.6,2413.3
1996-05-12,2413.3,2417.4,2365.7,2370.2
1996-05-19,2370.3,2394.8,2320.6,2341.8
1996-05-26,2340.7,2367.1,2309.1,2351.1
1996-06-02,2351.1,2356.9,2325.3,2332.9
1996-06-09,2332.4,2347.5,2310,2338.3
1996-06-16,2338,2338.7,2268.5,2270.9
1996-06-23,2271.2,2307.1,2267.6,2303.3
1996-06-30,2302.7,2309.8,2285,2296.2
1996-07-07,2301.9,2301.9,2253.2,2259
1996-07-14,2259.3,2259.3,2204.4,2209.4
1996-07-21,2211.5,2213.1,2161.6,2202.8
1996-07-28,2202.7,2207,2116.4,2130
1996-08-04,2131.6,2143.6,2083.2,2136.5
1996-08-11,2132.5,2149.8,2113.2,2129
1996-08-18,2128.1,2128.1,2092.7,2100.4
1996-08-25,2099,2182.6,2098.1,2181.5
1996-09-01,2181.5,2181.5,2141.3,2153.5
1996-09-08,2153.5,2153.5,2094.5,2096.7
1996-09-15,2096.7,2129.8,2096.2,2126.3
1996-09-22,2127.9,2208.3,2127.9,2187.9
1996-09-29,2188.7,2188.7,2152.4,2171.8
1996-10-06,2171.2,2177.3,2143,2148.9
1996-10-13,2148.9,2148.9,2076.7,2076.7
1996-10-20,2079.8,2082.4,2039.2,2064.5
1996-10-27,2064.5,2082,2035,2077.2
1996-11-03,2078.2,2088.3,2054.6,2068.2
1996-11-10,2068.2,2121.3,2062.7,2117.2
1996-11-17,2117.9,2201,2117.9,2193.6
1996-11-24,2192.1,2204.7,2165.7,2194.8
1996-12-01,2196.7,2221.2,2181.2,2188.1
1996-12-08,2190.3,2214.2,2154.5,2190.4
1996-12-15,2190.4,2219.6,2165.2,2179.1
1996-12-22,2179.3,2212.8,2168.6,2196.8
1996-12-29,2193.6,2207.8,2183.7,2202.6
1997-01-05,2202.6,2226.9,2197,2224.1
1997-01-12,2224.1,2264.3,2224.1,2242.3
1997-01-19,2242.3,2246.4,2209.5,2244.2
1997-01-26,2242.6,2278.9,2224.6,2242.7
1997-02-02,2240.5,2240.5,2209.9,2216.5
1997-02-09,2214.9,2221.9,2190.5,2203.4
1997-02-16,2203.4,2270.9,2197.1,2252.5
1997-02-23,2250.9,2263.7,2227.9,2241.3
1997-03-02,2243.5,2243.5,2190.6,2195.7
1997-03-09,2195.7,2202.9,2173.5,2178.3
1997-03-16,2178.3,2197.2,2131.4,2135.5
1997-03-23,2137.1,2141.3,2065.6,2068.5
1997-03-30,2066.9,2114.4,2066.9,2098.9
1997-04-06,2098.1,2098.1,2055.4,2075.8
1997-04-13,2079.7,2114.1,2061.6,2068.5
1997-04-20,2072,2072,2027.1,2043.2
1997-04-27,2043.4,2058.3,2000.4,2019.6
1997-05-04,2019,2026.4,1981.9,2016.2
1997-05-11,2020.4,2071.4,2020.4,2066.2
1997-05-18,2066.2,2118.8,2052.7,2060.5
1997-05-25,2060.5,2073.3,2045.6,2055.4
1997-06-01,2055.7,2077.6,2050.9,2065.5
1997-06-08,2065.3,2066.7,2025.2,2032.3
1997-06-15,2031.5,2039.5,1978.3,1990.1
1997-06-22,1990.1,2011.5,1977.4,2008.4
1997-06-29,2008.4,2046.5,1968.7,1974.4
1997-07-06,1976.6,1988,1961.2,1985.9
1997-07-13,1986.7,2009.6,1956.2,1967.1
1997-07-20,1967.1,1970.9,1913.6,1924.2
1997-07-27,1924.2,1985.4,1923.5,1981
1997-08-03,1982.7,1982.7,1954.2,1955.3
1997-08-10,1955.3,1974.2,1931.9,1943.9
1997-08-17,1943.9,1953.8,1870.1,1953.8
1997-08-24,1948.5,1952.8,1891.1,1945.4
1997-08-31,1945.4,1947.3,1735.7,1805.6
1997-09-07,1805.6,1884.5,1772.2,1884.1
1997-09-14,1884.1,1944.6,1881.3,1936
1997-09-21,1934.2,1944.6,1890.2,1894.7
1997-09-28,1889.1,1932,1887,1922.9
1997-10-05,1922.9,1954.8,1902,1902
1997-10-12,1902,1902.9,1861.5,1901.2
1997-10-19,1901.2,1901.2,1801.5,1827.4
1997-10-26,1828.8,1829,1576.4,1617.8
1997-11-02,1617.7,1638.3,1486.7,1586.1
1997-11-09,1587.4,1768.5,1587.4,1671.3
1997-11-16,1670.9,1710.7,1649.9,1700.3
1997-11-23,1700.3,1705.2,1633.4,1642.4
1997-11-30,1637.7,1682,1637.7,1660.6
1997-12-07,1665,1717.7,1658.7,1713.8
1997-12-14,1713.8,1758.4,1621.8,1633
1997-12-21,1633,1633,1561.7,1572.6
1997-12-28,1572.6,1592.9,1536.3,1552.5
1998-01-04,1557.7,1557.7,1509.3,1518.2
1998-01-11,1518.2,1518.2,1163,1176.4
1998-01-18,1173.9,1290.3,1031.3,1245.3
1998-01-25,1247.2,1331.6,1247.2,1259.8
1998-02-01,1259.8,1267.6,1243.8,1259.9
1998-02-08,1264.7,1539.4,1264.7,1536.9
1998-02-15,1541.7,1636.8,1531.7,1552.7
1998-02-22,1552.7,1569.2,1478.3,1545.8
1998-03-01,1545.3,1630.5,1545.3,1615.4
1998-03-08,1616,1616,1558.6,1571.2
1998-03-15,1571.2,1598.6,1532.6,1598.6
1998-03-22,1602.2,1700.5,1600.7,1679.1
1998-03-29,1680.4,1688.5,1634.8,1653.9
1998-04-05,1654.6,1656,1548.1,1551.5
1998-04-12,1550.8,1594.5,1535.6,1594.1
1998-04-19,1594.4,1605.6,1507.9,1515.2
1998-04-26,1513.4,1521.1,1470.4,1491.3
1998-05-03,1491.8,1503.17,1449.72,1493.4
1998-05-10,1494.98,1497.97,1399.61,1420.75
1998-05-17,1422.68,1428.85,1287.43,1322.03
1998-05-24,1322.03,1332.25,1269.02,1313.67
1998-05-31,1313.67,1318.16,1254.49,1254.93
1998-06-07,1254.05,1254.05,1168.46,1168.46
1998-06-14,1168.1,1168.1,1048.52,1091.49
1998-06-21,1091.49,1170.22,1031.61,1122.93
1998-06-28,1122.93,1122.93,1058.03,1085.59
1998-07-05,1092.2,1132.97,1064.72,1122.67
1998-07-12,1121.79,1137.55,1085.07,1090.35
1998-07-19,1083.66,1101.09,1040.95,1095.1
1998-07-26,1095.19,1107.17,1042.62,1070.36
1998-08-02,1072.12,1073.44,1034.52,1064.2
1998-08-09,1064.2,1100.74,1036.98,1039.27
1998-08-16,1038.04,1042.27,954.65,974.11
1998-08-23,970.24,970.24,921.36,933.16
1998-08-30,932.99,938.36,882.71,885.26
1998-09-06,884.96,884.96,800.27,805.04
1998-09-13,805.14,894.53,805.14,853.19
1998-09-20,853.55,964.08,853.55,912.74
1998-09-27,912.8,935.24,879.95,923.92
1998-10-04,917.36,940.91,894.54,899.99
1998-10-11,900.46,981.97,881.62,976.65
1998-10-18,987.41,1131.95,985.78,1119.6
1998-10-25,1120.3,1163.52,1081.6,1113.59
1998-11-01,1109.69,1215.76,1107.11,1204.62
1998-11-08,1210.84,1338.75,1210.84,1283.76
1998-11-15,1283.68,1291.27,1158.46,1206.91
1998-11-22,1212.94,1357.91,1212.94,1347.9
1998-11-29,1355.28,1422.62,1355.28,1394.76
1998-12-06,1400.17,1438.85,1318.44,1357.13
1998-12-13,1363.94,1452.91,1363.94,1411.27
1998-12-20,1411.92,1417.28,1322.76,1405.96
1998-12-27,1408.95,1420.59,1384.53,1392.75
1999-01-03,1393.28,1398.5,1372.01,1392.73
1999-01-10,1399.57,1555.91,1382.95,1545.18
1999-01-17,1553.24,1581.1,1395.89,1499.81
1999-01-24,1510.11,1565.47,1475.57,1478.75
1999-01-31,1472.59,1472.59,1394.35,1428.14
1999-02-07,1427.35,1427.35,1358.7,1360.18
1999-02-14,1361.73,1381.29,1280.33,1354.85
1999-02-21,1354.31,1375.25,1333.15,1374.31
1999-02-28,1371.93,1428.72,1368.53,1411.91
1999-03-07,1414.56,1461.02,1409.62,1449.66
1999-03-14,1458.65,1492.59,1435.41,1485.74
1999-03-21,1484.99,1498.72,1461.07,1472.99
1999-03-28,1471.56,1508.28,1469.94,1497.5
1999-04-04,1509.19,1545.19,1509.19,1545.19
1999-04-11,1553.37,1678.28,1553.37,1665.26
1999-04-18,1669.72,1769.92,1649.06,1769.92
1999-04-25,1796.2,1892.17,1796.2,1865.28
1999-05-02,1868.2,1904.42,1781.05,1886.19
1999-05-09,1892.43,1995.16,1870.21,1899.45
1999-05-16,1894.83,1906.95,1855.51,1883.28
1999-05-23,1882.77,1953.61,1863.05,1953.3
1999-05-30,1959.62,1963.28,1877.47,1903.68
1999-06-06,1910.41,1950.19,1900.77,1928.37
1999-06-13,1935.93,2067.17,1935.93,2067.17
1999-06-20,2067.2,2080.93,2026.25,2070.63
1999-06-27,2076.29,2213.34,2076.29,2178.64
1999-07-04,2176.72,2234.74,2157.02,2222.45
1999-07-11,2230.17,2247.43,2084.79,2181.63
1999-07-18,2191.13,2210.35,2104.38,2134.22
1999-07-25,2144.32,2151.72,1960.97,1990.15
1999-08-01,1993.96,2161.55,1936.61,2145.77
1999-08-08,2147.31,2152.73,2060.64,2069.22
1999-08-15,2072.3,2072.3,1968.23,1968.68
1999-08-22,1977.58,2089.34,1977.58,2087.42
1999-08-29,2092.86,2168.85,2092.86,2154.63
1999-09-05,2154.53,2154.53,2087.98,2093.18
1999-09-12,2100.38,2157.09,2090.63,2133.07
1999-09-19,2135.38,2151.17,2081.11,2131.94
1999-09-26,2141.39,2150.15,2009.81,2019.01
1999-10-03,2021.32,2057,1986.36,2051.26
1999-10-10,2056.1,2136.58,2030.64,2114.49
1999-10-17,2114.1,2136.83,2054.61,2061.25
1999-10-24,2035.35,2048.93,1978.76,2017.38
1999-10-31,2020.59,2047.15,1985.49,2047.15
1999-11-07,2054.02,2126,2048.5,2111.55
1999-11-14,2115.13,2186.93,2109.95,2185.82
1999-11-21,2199.46,2276.69,2195.9,2221.04
1999-11-28,2227.25,2237.95,2179.01,2235.82
1999-12-05,2234.29,2241.53,2197.89,2227.81
1999-12-12,2230.94,2395.44,2230.94,2395.44
1999-12-19,2397.95,2400.25,2294.86,2372.47
1999-12-26,2370.74,2447.56,2346.16,2446.57
2000-01-02,2437.48,2497,2436.41,2479.58
2000-01-09,2502.28,2582.94,2318.17,2406.04
2000-01-16,2436.77,2467.92,2363.86,2392.53
2000-01-23,2398.89,2401.84,2253.57,2278.48
2000-01-30,2263.03,2325.3,2234.05,2284.91
2000-02-06,2281.83,2281.83,2223.2,2258.91
2000-02-13,2264.39,2285.68,2189.29,2234.92
2000-02-20,2219.32,2254.06,2177.14,2177.36
2000-02-27,2160.52,2162.33,2055.34,2140.4
2000-03-05,2132.58,2144.72,2093.33,2117.03
2000-03-12,2136.12,2154.76,2044.65,2096.24
2000-03-19,2090.38,2096.67,2015.2,2094.47
2000-03-26,2092.18,2158.41,2073.11,2146.2
2000-04-02,2157.85,2234.65,2098.27,2132.59
2000-04-09,2135.76,2153.19,2039.53,2150.51
2000-04-16,2153.03,2194.13,2095.97,2189.76
2000-04-23,2090.86,2090.86,1981.29,2080.27
2000-04-30,2084.83,2165.57,2047.51,2164.11
2000-05-07,2172.01,2186.88,2106.13,2118.36
2000-05-14,2124.16,2134.91,1986.57,2026.65
2000-05-21,2027.26,2054.65,1960.35,1992.42
2000-05-28,1985.38,1985.38,1804.87,1820.63
2000-06-04,1828.5,1910.4,1782.43,1910.4
2000-06-11,1939.68,2061.79,1939.68,2042.61
2000-06-18,2040.17,2063.16,1993.83,2012.2
2000-06-25,2007.5,2094.19,1977.46,2034.31
2000-07-02,2034.88,2071.56,2016.91,2037.97
2000-07-09,2044.13,2106.55,2018.45,2092.63
2000-07-16,2093.97,2123.33,2066.21,2079.89
2000-07-23,2083.46,2158.94,2083.46,2126.7
2000-07-30,2124.43,2130.67,2033.93,2039.02
2000-08-06,2033.66,2074.91,2008.66,2052.73
2000-08-13,2052.63,2101,2044.63,2101
2000-08-20,2104.48,2216.28,2104.48,2185.52
2000-08-27,2192.07,2221.13,2153.64,2166.29
2000-09-03,2165.67,2179.26,2135.93,2160.7
2000-09-10,2164.48,2195.51,2126.31,2135.05
2000-09-17,2133.03,2133.03,2053.69,2053.69
2000-09-24,2040.49,2043.9,1915.26,1932.99
2000-10-01,1951.91,2000.05,1951.91,1997.03
2000-10-08,1970.93,2003.59,1953.31,1962.97
2000-10-15,1946.77,1946.77,1796.66,1860.4
2000-10-22,1862.53,1943.76,1797.33,1923.67
2000-10-29,1930.09,1963.05,1904.3,1961.04
2000-11-05,1976.89,2064.67,1944.3,2061.5
2000-11-12,2064.73,2069.47,1969.05,1986.2
2000-11-19,1953.98,2006.08,1929.6,1953.54
2000-11-26,1952.75,1986.7,1901.73,1984.36
2000-12-03,1993.25,1994.92,1918.68,1955
2000-12-10,1952.5,1989.05,1929.2,1960.16
2000-12-17,1973.33,2021.64,1945.31,1948.18
2000-12-24,1943.9,1971.65,1891.74,1902.86
2000-12-31,1907.88,1926.83,1892.53,1926.83
2001-01-07,1922.81,1974.82,1846.93,1974.82
2001-01-14,1948.33,1980.34,1910.53,1919.82
2001-01-21,1919.17,1939.34,1880.56,1906.89
2001-01-28,1899.3,1917.83,1877.44,1905.89
2001-02-04,1896.07,1991.29,1895.52,1976.6
2001-02-11,1967.08,1982.34,1938.96,1973.37
2001-02-18,1965.41,2000.33,1961.08,1971.56
2001-02-25,1957.65,1976.13,1942.01,1946.86
2001-03-04,1956.79,1971.7,1902.08,1907.24
2001-03-11,1906.13,1923.87,1890.39,1898.32
2001-03-18,1881.24,1882.49,1757.8,1772.1
2001-03-25,1761.07,1765.76,1676.18,1715.31
2001-04-01,1723.17,1727.11,1622.27,1674.19
2001-04-08,1666.9,1715.27,1617.64,1670.18
2001-04-15,1658.56,1658.56,1575.51,1592.58
2001-04-22,1595.62,1673.54,1558.04,1656.19
2001-04-29,1653.39,1698.9,1649.27,1686.45
2001-05-06,1693.42,1754.35,1693.2,1714.84
2001-05-13,1714.77,1716.18,1679.84,1703.35
2001-05-20,1697.2,1697.2,1653.86,1662.64
2001-05-27,1665.5,1697.37,1654.05,1687.75
2001-06-03,1682.65,1684.19,1637.1,1649.78
2001-06-10,1654.27,1711.22,1654.27,1707.46
2001-06-17,1693.09,1708.73,1669.47,1706.1
2001-06-24,1703.14,1716.88,1677.36,1716.88
2001-07-01,1700.84,1726.5,1689.91,1726.5
2001-07-08,1728.06,1728.11,1660.76,1660.76
2001-07-15,1647.62,1682.94,1631.26,1656.94
2001-07-22,1659.2,1660.56,1622.61,1638.08
2001-07-29,1633.31,1643.56,1618.55,1640.4
2001-08-05,1641.61,1684.83,1639.44,1649.36
2001-08-12,1649.77,1664.33,1633.18,1641.43
2001-08-19,1646.98,1652.48,1623.67,1636.19
2001-08-26,1630.56,1640.16,1619.45,1624.61
2001-09-02,1633.16,1645.71,1607.88,1619.12
2001-09-09,1622.21,1625.96,1573.52,1576.95
2001-09-16,1565.78,1572.79,1390.56,1400.3
2001-09-23,1370.17,1370.17,1226.69,1241.29
2001-09-30,1222.98,1328.94,1197.85,1319.53
2001-10-07,1329.54,1386.77,1318.34,1385.45
2001-10-14,1362.37,1423.18,1339.09,1416.24
2001-10-21,1405.99,1442.07,1388,1388.77
2001-10-28,1394.4,1424.66,1382.43,1411.25
2001-11-04,1406.88,1411.27,1341.13,1341.57
2001-11-11,1340.73,1368.9,1323.05,1362.77
2001-11-18,1368.95,1450.56,1354.81,1422.17
2001-11-25,1422.22,1481.05,1422.22,1458.2
2001-12-02,1464.24,1502.5,1451.68,1478.54
2001-12-09,1479.8,1650.99,1477.77,1628.8
2001-12-16,1610.28,1623.97,1542.12,1558.45
2001-12-23,1574.34,1608.17,1567.94,1577.07
2001-12-30,1576.96,1636.39,1576.48,1625.98
2002-01-06,1628.35,1684.15,1606.09,1678.67
2002-01-13,1690.31,1720.5,1676.03,1704.07
2002-01-20,1689.25,1741,1644.84,1661.75
2002-01-27,1651.96,1734.82,1646.94,1730.83
2002-02-03,1736.92,1808.14,1736.92,1781.42
2002-02-10,1779.39,1780.94,1713.69,1736.42
2002-02-17,1739.74,1777.46,1735.83,1768.27
2002-02-24,1760.22,1768.58,1682.37,1690.16
2002-03-03,1692.16,1729.69,1660.16,1721.52
2002-03-10,1761.22,1848.99,1758.08,1798.99
2002-03-17,1820.22,1821.83,1771.45,1778.08
2002-03-24,1787.34,1810.93,1779.9,1800.2
2002-03-31,1801.99,1817.56,1789.04,1803.22
2002-04-07,1806.62,1808.16,1764.2,1779.97
2002-04-14,1782.91,1784.52,1703.01,1751.75
2002-04-21,1757.06,1792.58,1725.93,1730.82
2002-04-28,1738.08,1744.63,1714.42,1728.32
2002-05-05,1715.81,1761.7,1704.08,1741.01
2002-05-12,1738.06,1754.3,1707.32,1735.95
2002-05-19,1731.74,1752.58,1726.64,1733.61
2002-05-26,1735.72,1742.36,1713.16,1722.31
2002-06-02,1716.49,1716.49,1668.11,1671.84
2002-06-09,1676.71,1681.21,1637.7,1652.45
2002-06-16,1654.25,1670.99,1607.77,1607.77
2002-06-23,1615.19,1619.86,1540.77,1546.25
2002-06-30,1530.5,1569.17,1520.1,1552.98
2002-07-07,1551.46,1642.87,1533.66,1641.53
2002-07-14,1661.67,1665.15,1600.84,1614.09
2002-07-21,1610.95,1616.2,1551.7,1560.18
2002-07-28,1536.23,1571.48,1490.6,1494.68
2002-08-04,1508.79,1539.25,1500.09,1509.89
2002-08-11,1501.47,1511.43,1441.92,1486.81
2002-08-18,1492.35,1545.2,1482.08,1522.6
2002-08-25,1525.19,1554.54,1525.19,1531.9
2002-09-01,1526.84,1529.35,1487.04,1488.5
2002-09-08,1485.16,1485.96,1429.49,1442.58
2002-09-15,1446.96,1454.26,1413.51,1432
2002-09-22,1433.14,1470.48,1411.88,1421.03
2002-09-29,1419.7,1419.74,1326.36,1373.89
2002-10-06,1354.98,1379.35,1345.5,1367.57
2002-10-13,1359.03,1411.08,1351.86,1373.69
2002-10-20,1382.7,1484.54,1376.1,1461.39
2002-10-27,1460.09,1474.77,1444.27,1472.13
2002-11-03,1477.28,1485.92,1427.6,1427.6
2002-11-10,1444.06,1454.63,1417.26,1425.91
2002-11-17,1415.72,1415.85,1391.12,1414.85
2002-11-24,1410.79,1426.14,1381.1,1423.61
2002-12-01,1422.31,1437,1391.22,1391.53
2002-12-08,1393.11,1400.64,1360.76,1365.54
2002-12-15,1361.81,1383.87,1339.13,1367.48
2002-12-22,1361.91,1369.42,1329.36,1337.45
2002-12-29,1345.24,1345.24,1328.31,1341.58
2003-01-05,1335.44,1358.35,1325.09,1339.93
2003-01-12,1342.99,1350.91,1316.28,1347.17
2003-01-19,1349.56,1406.31,1349.53,1366.83
2003-01-26,1360.29,1378.49,1353.5,1358.04
2003-02-02,1343.43,1343.43,1280.4,1291.44
2003-02-09,1299.79,1309.8,1277.81,1285.41
2003-02-16,1279.82,1303.22,1268.16,1273.48
2003-02-23,1285.16,1323.5,1284.23,1315.03
2003-03-02,1319.5,1319.95,1271.25,1273.85
2003-03-09,1278.35,1291.75,1222.45,1226.15
2003-03-16,1232.83,1258.57,1205.31,1250.88
2003-03-23,1245.42,1338.71,1224.59,1326.15
2003-03-30,1333.8,1337.38,1282.37,1318.43
2003-04-06,1303.05,1316.22,1260.03,1313.73
2003-04-13,1314.4,1344.27,1286.18,1301.02
2003-04-20,1298.64,1300.76,1279.12,1282.51
2003-04-27,1286.94,1287.06,1226.97,1229.14
2003-05-04,1225.07,1299.96,1225.07,1299.22
2003-05-11,1310.74,1326.33,1302.26,1309.6
2003-05-18,1320.04,1340.41,1299.66,1304.91
2003-05-25,1298.43,1323.23,1283.88,1318.14
2003-06-01,1318.79,1364.75,1318.79,1349
2003-06-08,1366.96,1443.18,1365.15,1439.25
2003-06-15,1437.09,1490.1,1428.11,1479.3
2003-06-22,1470.04,1521.9,1459.79,1519.16
2003-06-29,1523.27,1523.27,1448.07,1477.73
2003-07-06,1472.08,1497.11,1442.39,1486.24
2003-07-13,1490.87,1545.23,1489.46,1544.84
2003-07-20,1551.2,1605.6,1548.02,1580.96
2003-07-27,1594.18,1597.55,1543.57,1566.93
2003-08-03,1582.53,1595.59,1550.56,1557.08
2003-08-10,1548.04,1548.38,1496.44,1534.54
2003-08-17,1537.2,1612.04,1534.61,1594.32
2003-08-24,1602.84,1642.23,1602.7,1640.19
2003-08-31,1632.46,1640.45,1584.34,1599.25
2003-09-07,1608.59,1624.81,1593.68,1617.84
2003-09-14,1620.38,1626.38,1556.5,1584.27
2003-09-21,1591.64,1620.25,1571.15,1589.86
2003-09-28,1590.07,1647.36,1574.48,1627.54
2003-10-05,1627.86,1681.85,1621.02,1670.3
2003-10-12,1688.86,1760.77,1688.15,1746.04
2003-10-19,1746.32,1776.84,1728.06,1772.18
2003-10-26,1766.42,1804.95,1720.07,1732.96
2003-11-02,1732.57,1762.89,1702.18,1723.71
2003-11-09,1731.77,1795.8,1729.33,1769.09
2003-11-16,1765.08,1768.79,1675.61,1736.72
2003-11-23,1715.61,1715.61,1643.68,1657.25
2003-11-30,1660.98,1721.74,1647.75,1714
2003-12-07,1723.65,1754.75,1716.9,1733
2003-12-14,1723.82,1731.19,1704.45,1727.73
2003-12-21,1744.37,1751.71,1704.22,1710.81
2003-12-28,1718.34,1737.09,1714.16,1730.23
2004-01-04,1733.2,1795.63,1730.66,1791.35
2004-01-11,1797.75,1867.63,1782.97,1852.53
2004-01-18,1845.84,1872.27,1828.08,1836.87
2004-01-25,1848.88,1893.99,1833.73,1889.56
2004-02-01,1901.3,1912.93,1834.6,1848.36
2004-02-08,1835.12,1864.23,1817.46,1854.41
2004-02-15,1869.22,1888.94,1858.21,1864.07
2004-02-22,1864.19,1902.87,1857.26,1891.78
2004-02-29,1890.86,1895.43,1864.04,1888.63
2004-03-07,1898.09,1904.94,1871.24,1891.54
2004-03-14,1902.19,1902.33,1813.49,1835.08
2004-03-21,1846.97,1856.32,1822.29,1839.12
2004-03-28,1835.53,1844.87,1793.76,1827.11
2004-04-04,1829.29,1882.03,1820.87,1880.45
2004-04-11,1891.73,1901.92,1878.83,1901.92
2004-04-18,1902.82,1906.27,1844.38,1853.99
2004-04-25,1857.76,1881.28,1844.71,1867.64
2004-05-02,1868.37,1870.95,1794.05,1842.03
2004-05-09,1841.39,1882.38,1828.64,1843.72
2004-05-16,1826.69,1827.05,1753.62,1754.96
2004-05-23,1745.89,1768.17,1690.35,1767.23
2004-05-30,1774.92,1805.48,1761.44,1787.18
2004-06-06,1791.89,1797.76,1767.26,1791.7
2004-06-13,1800.27,1834.85,1795.96,1823.14
2004-06-20,1824,1833.48,1786.54,1791.62
2004-06-27,1808.51,1808.51,1779.39,1805.54
2004-07-04,1807.15,1851.78,1803.45,1839.33
2004-07-11,1836.39,1891.91,1836.39,1862.03
2004-07-18,1868.31,1882.29,1856.01,1871.47
2004-07-25,1867.26,1881.77,1850.24,1850.26
2004-08-01,1844.33,1895.98,1842.37,1891.71
2004-08-08,1886.98,1942.8,1881.52,1922.75
2004-08-15,1913.41,1915.13,1861.57,1872.88
2004-08-22,1871.54,1909.83,1870.3,1894.93
2004-08-29,1903.73,1933.78,1891.36,1915.9
2004-09-05,1917.54,1945.71,1895.82,1936.55
2004-09-12,1934.08,1973.17,1930.33,1967.7
2004-09-19,1974.9,2007.98,1972.42,2003.56
2004-09-26,2005.46,2007.15,1971.32,1973.46
2004-10-03,1970.38,1998.49,1970.25,1981.14
2004-10-10,2001.18,2021.91,1998.31,2004.3
2004-10-17,2000.58,2001.96,1944.06,1962.54
2004-10-24,1962.45,1975.63,1932.18,1967.07
2004-10-31,1950.08,1995.47,1947.42,1980.69
2004-11-07,1988.8,2026.91,1974.79,2015.77
2004-11-14,2017.39,2039.49,2008.57,2038.46
2004-11-21,2044.63,2050.78,2030.71,2038.21
2004-11-28,2027.09,2045.11,2016.48,2028.43
2004-12-05,2030.78,2076.59,2022.76,2061.58
2004-12-12,2063.41,2065.84,1999.14,2016.33
2004-12-19,2022.18,2057.98,2010.1,2057.98
2004-12-26,2051.53,2069.99,2040.79,2055.56
2005-01-02,2047.64,2067.44,2042.96,2066.14
2005-01-09,2065.15,2095.68,2061.99,2085.58
2005-01-16,2091.37,2099.92,2071.9,2076.13
2005-01-23,2078.01,2099.33,2078.01,2085.39
2005-01-30,2082.41,2092.51,2064.7,2089.51
2005-02-06,2089.39,2117.36,2086.46,2113.58
2005-02-13,2121.83,2154.75,2118.1,2149.6
2005-02-20,2156.95,2172.93,2147.96,2168.86
2005-02-27,2166.93,2171.31,2130.9,2135.08
2005-03-06,2144.29,2167.89,2119.4,2154.55
2005-03-13,2172.61,2184.29,2156.54,2169.41
2005-03-20,2164.62,2191.29,2158.09,2174.49
2005-03-27,2178.94,2185.66,2129.56,2151.45
2005-04-03,2152.34,2155.66,2114.96,2143.75
2005-04-10,2139.49,2186.26,2139.49,2181.94
2005-04-17,2180.05,2183.96,2140.77,2150.23
2005-04-24,2128.87,2150.49,2107.67,2136.91
2005-05-01,2135.44,2155.84,2125.25,2125.25
2005-05-08,2146.04,2166.86,2137.17,2161.22
2005-05-15,2164.58,2186.13,2155.59,2171.67
2005-05-22,2171.8,2179.01,2148.21,2173.77
2005-05-29,2178.87,2187.78,2137.58,2154.7
2005-06-05,2156.63,2197.4,2156.63,2192.67
2005-06-12,2187.18,2223.67,2184.81,2220.43
2005-06-19,2221.37,2230.56,2187.22,2209.15
2005-06-26,2209.23,2227.07,2192.88,2223.72
2005-07-03,2213.27,2217.82,2197.41,2209.95
2005-07-10,2216.93,2235.19,2212.34,2215.99
2005-07-17,2229.23,2255.72,2223.58,2250.29
2005-07-24,2249.75,2343.69,2240.49,2319.34
2005-07-31,2317.12,2362.66,2309.61,2352.56
2005-08-07,2353.57,2399.75,2329.51,2338.87
2005-08-14,2333.68,2356.42,2299.35,2303.2
2005-08-21,2305.94,2308.06,2269.55,2286.36
2005-08-28,2293.23,2306.32,2271.07,2286.55
2005-09-04,2283.59,2308.99,2258.96,2300.89
2005-09-11,2298.34,2308.53,2283.32,2301.28
2005-09-18,2315.4,2325.11,2305.34,2306.38
2005-09-25,2303.95,2312.59,2283.5,2293.04
2005-10-02,2298.51,2318.48,2288.56,2305.14
2005-10-09,2302.03,2325.89,2284.11,2305.24
2005-10-16,2307.19,2356.02,2299.79,2303.24
2005-10-23,2312.63,2313.5,2200.75,2239.36
2005-10-30,2249.57,2254.19,2190.07,2192.41
2005-11-06,2206.11,2279.5,2205.84,2266.52
2005-11-13,2268.76,2273.21,2248.48,2266.03
2005-11-20,2272.61,2293.2,2232.85,2293.2
2005-11-27,2297.42,2309.4,2265.88,2295.73
2005-12-04,2303,2334.86,2293.37,2332.52
2005-12-11,2334.6,2339.94,2298.15,2321.1
2005-12-18,2331.87,2338.04,2315.17,2325.53
2005-12-25,2326.85,2336.5,2319.63,2328.29
2006-01-01,2331.12,2355.91,2325.61,2347.34
2006-01-08,2354.59,2423.43,2353.4,2420.74
2006-01-15,2423.88,2440.71,2401.57,2405.86
2006-01-22,2407.2,2413.56,2352.18,2388.9
2006-01-29,2372.11,2416.8,2353.68,2412.08
2006-02-05,2425.66,2449,2420.96,2431.72
2006-02-12,2426.63,2450.36,2420.5,2423.59
2006-02-19,2427.35,2451.89,2415.03,2431.34
2006-02-26,2427.62,2456.72,2423.96,2453.66
2006-03-05,2462.22,2499.15,2455.01,2493.42
2006-03-12,2495.87,2517.12,2473.49,2496.73
2006-03-19,2506.1,2513.83,2490.54,2494.4
2006-03-26,2506.6,2513.4,2477.73,2497.31
2006-04-02,2495.72,2541.29,2493.88,2533.39
2006-04-09,2542.77,2559.15,2532.11,2552.05
2006-04-16,2545.08,2564.78,2531.74,2544.37
2006-04-23,2538.04,2605.12,2537.5,2603.45
2006-04-30,2601.31,2620.35,2568.54,2610.71
2006-05-07,2613.87,2666.33,2613.87,2632.41
2006-05-14,2653.86,2665.99,2618.77,2620.58
2006-05-21,2581.48,2581.73,2478.42,2493.98
2006-05-28,2504.25,2516.18,2376.53,2445.02
2006-06-04,2449.61,2458.9,2368.72,2419.41
2006-06-11,2424.62,2429.35,2282.87,2337.43
2006-06-18,2328.31,2381.14,2277.9,2373.9
2006-06-25,2371.52,2371.93,2310.92,2343.03
2006-07-02,2348.24,2446.26,2334.63,2435.38
2006-07-09,2435.35,2451.39,2402.45,2445.12
2006-07-16,2429.41,2456.52,2355.81,2363.55
2006-07-23,2334.66,2390.98,2319.03,2371.37
2006-07-30,2351.58,2444.65,2348.98,2429.43
2006-08-06,2449.55,2466.76,2431.09,2462.91
2006-08-13,2460.37,2473.31,2444.62,2450.62
2006-08-20,2452.62,2485.05,2435.47,2483.53
2006-08-27,2486.01,2487.04,2445.07,2453.21
2006-09-03,2452.97,2492.27,2427.05,2491.49
2006-09-10,2501.63,2534.33,2499.21,2510.13
2006-09-17,2508,2525.06,2481.57,2521.9
2006-09-24,2536.32,2552.02,2510.77,2520.5
2006-10-01,2517.03,2576.26,2514.62,2568.86
2006-10-08,2571.45,2654.52,2569.8,2649.3
2006-10-15,2643.43,2683.24,2609.74,2666.67
2006-10-22,2681.35,2686.88,2618.34,2686.42
2006-10-29,2688.87,2754.33,2686.26,2729.98
2006-11-05,2708.47,2737.78,2683.39,2722.31
2006-11-12,2714.32,2764.9,2698.08,2745.31
2006-11-19,2746.52,2817.28,2740.4,2813.17
2006-11-26,2801.12,2846.75,2771.4,2814.81
2006-12-03,2820.14,2860.21,2787.13,2836.04
2006-12-10,2839.74,2914.72,2827.41,2865.13
2006-12-17,2875.08,2947.78,2857.76,2931.29
2006-12-24,2942.36,2967.73,2897.3,2942.38
2006-12-31,2938.45,2991.35,2934.8,2985.83
2007-01-07,3015.74,3045.17,3000.5,3029.04
2007-01-14,3007.4,3019.89,2948.98,3009.09
2007-01-21,3026.85,3081.9,3009.68,3072.87
2007-01-28,3096.59,3173.98,3057.38,3087.74
2007-02-04,3101.88,3234.61,3095.1,3217.67
2007-02-11,3217.23,3248.02,3200.2,3220.88
2007-02-18,3203,3265.32,3149.15,3236.92
2007-02-25,3249.55,3310.43,3248.08,3310.43
2007-03-04,3307.87,3316.22,3039.6,3078.74
2007-03-11,3017.85,3154.11,2931.62,3143.71
2007-03-18,3170.36,3191.43,3048.9,3068.75
2007-03-25,3070.11,3227.22,3068.98,3205.82
2007-04-01,3217.67,3250.86,3167.53,3231.24
2007-04-08,3240.07,3346.84,3231.12,3345.86
2007-04-15,3373.85,3452.84,3351.32,3373.59
2007-04-22,3395.63,3448.68,3291.28,3360.66
2007-04-29,3404.04,3416.23,3352.95,3398.6
2007-05-06,3389.27,3500.2,3352.12,3485.76
2007-05-13,3510.9,3523.4,3409.32,3446.91
2007-05-20,3490.2,3531.85,3456.45,3512.39
2007-05-27,3536.09,3559.01,3479.03,3486.62
2007-06-03,3503.3,3570.1,3475.46,3548.32
2007-06-10,3571.88,3596.27,3480.62,3491.59
2007-06-17,3530.37,3603.43,3525.76,3581.15
2007-06-24,3616.8,3652.02,3599.46,3615.37
2007-07-01,3603.12,3610.75,3485.02,3548.2
2007-07-08,3553.48,3583.61,3536.24,3561.96
2007-07-15,3583.49,3685.01,3583.38,3654.61
2007-07-22,3679.97,3688.58,3578.46,3651.37
2007-07-29,3627.97,3669.24,3444.05,3492.7
2007-08-05,3467.36,3577.53,3399.56,3436.04
2007-08-12,3339.37,3416.43,3284.74,3359.17
2007-08-19,3375.02,3389.8,2962.01,3130.71
2007-08-26,3249.37,3441.79,3228.65,3369.45
2007-09-02,3426.18,3426.18,3249.96,3392.9
2007-09-09,3390.84,3505.58,3368.6,3488.97
2007-09-16,3406.89,3561.86,3390.86,3536.39
2007-09-23,3535.89,3607.27,3437.91,3542.22
2007-09-30,3559.34,3726.53,3551.87,3706.23
2007-10-07,3734.93,3851.87,3734.93,3822.62
2007-10-14,3860.6,3906.15,3812.87,3857.25
2007-10-21,3886.92,3889.67,3714.87,3747.98
2007-10-28,3654.86,3782.04,3632.98,3771.55
2007-11-04,3786.04,3842.95,3695.93,3715.32
2007-11-11,3711.04,3719.56,3580.36,3599.66
2007-11-18,3531.23,3552.21,3405.86,3440.96
2007-11-25,3454.7,3464.51,3306.53,3325.88
2007-12-02,3365.63,3536.9,3329.28,3521.27
2007-12-09,3549.47,3621.84,3498.46,3557.95
2007-12-16,3558.55,3596.57,3424.34,3466.37
2007-12-23,3417.08,3430.37,3300.86,3398.1
2007-12-30,3449.52,3491.64,3433.63,3445.82
2008-01-06,3424.48,3482.3,3357.72,3437.79
2008-01-13,3374.95,3385.53,3275.59,3287.34,497089008
2008-01-20,3271.85,3299.69,3008.12,3104.25,1538276480
2008-01-27,3072.28,3168.23,2746.73,3159.48,1884119488
2008-02-03,3113.56,3113.56,2963.18,3007.8,1084700000
2008-02-10,3053.38,3102.16,2917.65,2931.97,647739488
2008-02-17,2902.1,3094.6,2859.08,3088.67,1135386016
2008-02-24,3099.62,3126.43,3013.82,3048.63,895061008
2008-03-02,3076.73,3129.27,3003.07,3026.45,1173095984
2008-03-09,2940.87,2951.5,2848.48,2866.28,1210638016
2008-03-16,2824.28,2976.09,2794.62,2839.01,1279853504
2008-03-23,2766.48,2915.15,2745.96,2824.9,1150478992
2008-03-30,2880.58,3056.57,2876.12,3031.89,1296096496
2008-04-06,3040.07,3175.83,2994.12,3155.56,1430094000
2008-04-13,3162.12,3181.9,3057.91,3126.87,1107381472
2008-04-20,3060.6,3152.54,3033.78,3124.87,975556000
2008-04-27,3162.92,3235.24,3150.58,3189.2,1239162496
2008-05-04,3202.56,3236.1,3147.79,3236.1,917817504
2008-05-11,3250.76,3269.87,3140.58,3162.03,1154142016
2008-05-18,3153.67,3249.37,3147.82,3241.49,946677520
2008-05-25,3249.62,3254.43,3122.14,3122.14,996354992
2008-06-01,3111.36,3199.86,3085.12,3192.62,1125436480
2008-06-08,3188.22,3214.62,3113.96,3146.73,1160518992
2008-06-15,3060.62,3085.71,2978.58,2979.56,996481008
2008-06-22,3005.62,3047.22,2980.6,3001.81,931787008
2008-06-29,2959.65,3013.92,2922.87,2955.9,908131504
2008-07-06,2986.53,2986.53,2862.27,2892.54,960290496
2008-07-13,2889.61,2947.12,2875.45,2926.84,847268512
2008-07-20,2914.77,2927.14,2819.64,2847.73,937228496
2008-07-27,2881.99,2997.82,2847.73,2922.9,870658008
2008-08-03,2912.7,2960.91,2860.6,2906.07,821843504
2008-08-10,2877.65,2900.87,2803.81,2807.54,1345910480
2008-08-17,2836.09,2843.57,2781.62,2797.5,980992480
2008-08-24,2796.03,2803.64,2707.91,2723.3,922976992
2008-08-31,2747.97,2754.51,2688.32,2739.95,873497008
2008-09-07,2718.07,2763.41,2554.04,2574.21,1137159496
2008-09-14,2666.79,2697.03,2541.15,2570.67,1201779472
2008-09-21,2524.83,2575.4,2307.79,2559.07,1844373504
2008-09-28,2600.32,2604.51,2399.71,2411.46,1344682192
2008-10-05,2440.21,2449.2,2239.75,2297.12,1456326560
2008-10-12,2253.06,2253.06,1926.26,1948.33,2144528544
2008-10-19,1995.68,2218.89,1877.96,1878.51,2559300224
2008-10-26,1910.82,1988.71,1590.36,1600.28,1975937312
2008-11-02,1496.12,1836.67,1473.77,1794.2,2249536512
2008-11-09,1838.28,1933.51,1717.66,1863.49,2523560992
2008-11-16,1904.64,1916.01,1718.85,1759.14,1715150144
2008-11-23,1738.16,1769.47,1570.23,1662.1,1474822304
2008-11-30,1664.53,1736.07,1618.58,1732.57,1969978144
2008-12-07,1709.51,1724.57,1638.67,1659.17,1642875968
2008-12-14,1717.27,1844.03,1715.45,1740.34,1846211232
2008-12-21,1780.29,1822.76,1751.53,1795.47,1483440992
2008-12-28,1796.1,1803.91,1711.21,1725.61,523507896
2009-01-04,1737.14,1835.3,1733,1829.71,753517792
2009-01-11,1853.01,1959.95,1806.02,1806.02,2550573568
2009-01-18,1797.84,1806.73,1693.68,1730.45,1617263760
2009-01-25,1741.36,1760.27,1677.06,1685.23,1468746096
2009-02-01,1722.37,1780.98,1720.04,1746.47,964278720
2009-02-08,1734.23,1746.93,1697.28,1715.35,1577798992
2009-02-15,1733.94,1733.94,1675.71,1705.64,1669611104
2009-02-22,1702.44,1710.36,1594.94,1594.94,1485321376
2009-03-01,1581.95,1635.83,1567.22,1594.87,1541320496
2009-03-08,1566.81,1567.24,1495.5,1513.12,1617982208
2009-03-15,1512.83,1577.52,1455.47,1577.52,1598694496
2009-03-22,1577.98,1598.46,1554.53,1596.92,1430992224
2009-03-29,1608.72,1779.04,1608.72,1745.66,2083696032
2009-04-05,1737.17,1827.84,1658.04,1820.87,2262574112
2009-04-12,1837.61,1868.38,1754.33,1828.51,1724963680
2009-04-19,1863.09,1947.3,1848.72,1896.56,2151173696
2009-04-26,1895.79,1896.32,1813.9,1852.85,1918694112
2009-05-03,1853.4,1920.28,1791.45,1920.28,1560453184
2009-05-10,1939.46,2283.84,1930.6,2238.21,2983019968
2009-05-17,2229.59,2240.28,2122.11,2139.78,2700442592
2009-05-24,2120.58,2274.28,2094.5,2245.27,3095357888
2009-05-31,2261.25,2347.37,2234.02,2329.08,4154418944
2009-06-07,2341.48,2424.52,2341.48,2396.35,2529177888
2009-06-14,2416.65,2417.25,2314.62,2377.07,1834997408
2009-06-21,2362.54,2365.63,2237.2,2273.18,1912344608
2009-06-28,2281.3,2332.47,2211.81,2317.95,1521657216
2009-07-05,2323.71,2361.92,2284.69,2299.66,1156388272
2009-07-12,2293.32,2316.09,2235.45,2307.98,1814505712
2009-07-19,2313.44,2434.12,2258.72,2430.96,1991835392
2009-07-26,2433.66,2533.43,2423.6,2529.71,2362226016
2009-08-02,2541.82,2659.2,2541.82,2659.2,2791376864
2009-08-09,2648.17,2700.78,2542.34,2548.33,2311205888
2009-08-16,2569.11,2647.64,2564,2631.51,2210989312
2009-08-23,2588.97,2591.71,2521.36,2544.86,1937782880
2009-08-30,2596.61,2648.17,2574.79,2642.8,1760184448
2009-09-06,2667.82,2667.82,2560.15,2612.88,2131907488
2009-09-13,2625.24,2707.24,2615.05,2681.03,2406824192
2009-09-20,2657.4,2699.12,2631.48,2647.91,1926962752
2009-09-27,2654.77,2698.99,2638.38,2663.62,1536736416
2009-10-04,2649.7,2681.69,2599.69,2604.53,1641723392
2009-10-11,2601.67,2661.82,2576.84,2652.51,1980659008
2009-10-18,2671.81,2739.55,2663.35,2709.18,1543241776
2009-10-25,2686.25,2728.98,2677.86,2716.33,1365091472
2009-11-01,2714.49,2723.01,2605.1,2651.13,1399420256
2009-11-08,2621.52,2674.24,2616.49,2658.21,1324403504
2009-11-15,2668.86,2745.33,2663.15,2726.88,1483265920
2009-11-22,2735.73,2785.94,2735.73,2763.99,1421496720
2009-11-29,2769.34,2803.85,2762.22,2762.22,1162102528
2009-12-06,2751.46,2808.18,2729.43,2791.01,1566473392
2009-12-13,2792.57,2808.38,2769.29,2800.75,1072237808
2009-12-20,2804.74,2827.91,2783.2,2802.59,1231618304
2009-12-27,2805.37,2844.97,2786.81,2837.7,539546900
2010-01-03,2845.16,2897.62,2844.12,2897.62,1025185120
2010-01-10,2891.35,2945.06,2886.43,2922.76,2287051808
2010-01-17,2933.51,2947.08,2883.76,2908.16,1931529696
2010-01-24,2898.6,2935.84,2791.57,2819.71,2190506912
2010-01-31,2789.7,2822.09,2706.26,2745.35,2571415968
2010-02-07,2742.23,2772.3,2680.14,2685.73,1846937376
2010-02-14,2690.25,2766.42,2665.97,2756.07,1709269520
2010-02-21,2793.25,2797,2727.79,2750.38,1618209536
2010-02-28,2772.21,2782.55,2737.64,2746.43,1746583264
2010-03-07,2762.98,2792.64,2749.74,2790.29,1797250208
2010-03-14,2821.16,2885.89,2820.51,2881.36,1599147616
2010-03-21,2894.4,2932.19,2872.32,2915.7,1326977584
2010-03-28,2905.48,2917.93,2878.68,2906.28,1082486992
2010-04-04,2908.4,2946.28,2887.46,2943.02,1179247104
2010-04-11,2955.78,2990.46,2950.43,2971.97,1228876512
2010-04-18,2962.32,3037.97,2953.81,3007.19,1323017424
2010-04-25,2975.88,2996.42,2943.5,2988.49,1251841296
2010-05-02,2992.7,3007.2,2932.04,2974.61,1841335216
2010-05-09,2956.17,2959.7,2775.2,2821.11,2113596800
2010-05-16,2829.04,2899.19,2819.61,2855.21,2365258912
2010-05-23,2841.16,2847.31,2676.5,2701.2,2104516512
2010-05-30,2704.85,2748.08,2648.15,2739.7,1888968480
2010-06-06,2761.26,2821.83,2710.8,2806.51,1705262224
2010-06-13,2736.67,2806.31,2726.8,2796.29,1151109712
2010-06-20,2804.29,2857.86,2801.19,2833.4,1300240512
2010-06-27,2862.77,2890.09,2831.65,2851.64,1134052304
2010-07-04,2854.73,2882.79,2770.12,2844.19,1451761696
2010-07-11,2855.07,2919.28,2827.21,2917.17,1511804896
2010-07-18,2923.23,2958.54,2914.66,2957.72,1272469792
2010-07-25,2936.74,2979.45,2926.09,2973.47,1422656272
2010-08-01,2976.66,3018.26,2962.89,2987.7,1786479312
2010-08-08,3011.84,3043.28,2978.75,2995.06,1908760128
2010-08-15,2997.89,3002.63,2916.54,2939.97,1949169504
2010-08-22,2921.22,2952.39,2915.71,2936.48,1850355680
2010-08-29,2934.54,2948.81,2910.21,2938.74,1322269936
2010-09-05,2949.64,3013.21,2921.45,3002.56,1828818224
2010-09-12,3011.03,3036.09,3005.65,3022.28,966407600
2010-09-19,3035.52,3086.28,3026.91,3076.37,1790188800
2010-09-26,3075.49,3116.24,3069.15,3092.68,1665427232
2010-10-03,3112.43,3132.03,3090.07,3130.9,1827032224
2010-10-10,3163.32,3197.34,3136.37,3153.34,1793134176
2010-10-17,3164.67,3220.71,3146.49,3204.27,2247575968
2010-10-24,3207.7,3217.25,3148.29,3173.57,1946872224
2010-10-31,3179.24,3198.74,3119.14,3142.62,1853838800
2010-11-07,3150.89,3244.32,3150.89,3240.31,1491571520
2010-11-14,3264.21,3313.61,3249.58,3252,2752972864
2010-11-21,3251.99,3255.09,3192.16,3197.37,1675820416
2010-11-28,3197.55,3200.26,3118.62,3159.37,1548238928
2010-12-05,3157.82,3216.71,3126.87,3172.44,1663636144
2010-12-12,3195.44,3218.76,3164.4,3185.42,1461409984
2010-12-19,3182.38,3191.81,3137.75,3153.01,1306974800
2010-12-26,3160.73,3163.05,3121.07,3143.8,746116484
2011-01-02,3148.88,3220.89,3146.08,3190.04,804280512
2011-01-09,3211.22,3280.77,3210.82,3261.35,1461099200
2011-01-16,3265,3270.21,3223.43,3245.96,1649201216
2011-01-23,3255.65,3259.44,3179.14,3184.6,1642571120
2011-01-30,3201.03,3236.93,3179.09,3229.69,1570537984
2011-02-06,3191.77,3213.83,3177.78,3211.12,821605600
2011-02-13,3228.41,3232.99,3054.34,3077.27,2007119712
2011-02-20,3092.49,3116.66,3063.76,3086.92,2000465888
2011-02-27,3079.95,3080.88,2965.24,3025.16,2269315392
2011-03-06,3003.75,3083.29,2988.1,3061.31,2027792800
2011-03-13,3054.43,3113.02,3024.17,3043.49,1369945296
2011-03-20,3031.16,3042.2,2919.98,2935.78,1795020784
2011-03-27,2952.62,3077.6,2946.35,3070.84,1716885024
2011-04-03,3063.04,3131.07,3044.01,3126.12,1532197312
2011-04-10,3130.24,3187.31,3128.2,3187.31,1636165312
2011-04-17,3172.85,3181.41,3127.05,3153.3,1409275584
2011-04-24,3158.33,3204.21,3110.27,3194.73,1423369408
2011-05-01,3205.16,3208.34,3154.3,3179.86,1477582528
2011-05-08,3180.68,3182.46,3078.26,3103.8,1290080288
2011-05-15,3108.53,3180.53,3108.53,3163.68,1657788624
2011-05-22,3144.21,3180.52,3124.93,3168.54,1358190608
2011-05-29,3149.83,3154.52,3092.8,3135.52,1565095904
2011-06-05,3141.59,3181.53,3135.85,3145.67,1228972208
2011-06-12,3132.82,3137.19,3076.51,3078.35,1244438992
2011-06-19,3067.27,3072.19,2999.19,3005.28,1509894912
2011-06-26,3008.63,3073.56,3006.84,3066.85,1415519024
2011-07-03,3038.82,3141.59,3033.86,3139.01,1310473584
2011-07-10,3149.9,3164.65,3114.71,3151.28,1289851072
2011-07-17,3134.98,3136.09,3056.71,3084.24,1399925888
2011-07-24,3081.11,3183.98,3065.89,3182.95,1827208080
2011-07-31,3160.57,3200.56,3150.01,3189.26,1684777632
2011-08-07,3205.76,3227.28,2973.92,2994.78,2179896704
2011-08-14,2933.81,2942.75,2720.21,2850.59,3037780416
2011-08-21,2870.63,2890.05,2729.59,2733.63,2112682592
2011-08-28,2721.17,2780.89,2680.83,2748.18,2330121472
2011-09-04,2751.62,2910.28,2751.62,2843.09,1827790912
2011-09-11,2797,2861.41,2735.87,2825.1,1882893568
2011-09-18,2766.47,2805.29,2704.36,2789.04,1891732896
2011-09-25,2778.06,2795,2659.01,2698.8,1701027584
2011-10-02,2701,2731.43,2627.24,2675.16,2019931744
2011-10-09,2642.68,2662.04,2521.95,2640.3,2455103328
2011-10-16,2670.5,2758.9,2642.65,2744.17,1902270208
2011-10-23,2768.33,2789.68,2685.34,2712.41,1360829280
2011-10-30,2745.69,2905.72,2745.5,2905.72,1787331264
2011-11-06,2903.97,2903.97,2754.69,2848.24,1751167200
2011-11-13,2848.94,2880.12,2761.52,2790.94,1988907392
2011-11-20,2835.49,2842.55,2730.34,2730.34,1575899904
2011-11-27,2715.89,2725.99,2643.54,2643.93,1876086304
2011-12-04,2675.06,2775.74,2672.22,2773.36,1649486592
2011-12-11,2771.46,2793.08,2681.99,2694.6,1235319616
2011-12-18,2715.33,2722.74,2630.36,2659.22,1116630000
2011-12-25,2630.6,2678.41,2606.52,2676.47,864511408
2012-01-01,2679.02,2683.03,2646.35,2646.35,367015892
2012-01-08,2658.17,2733.86,2657.77,2715.59,788040000
2012-01-15,2696.81,2791.54,2683.15,2791.54,1537729792
2012-01-22,2772.32,2852.46,2746.6,2849.38,2258659728
2012-01-29,2864.56,2917.59,2860.06,2916.26,1159057216
2012-02-05,2900.72,2931.77,2874.31,2917.95,2172966176
2012-02-12,2948.83,2994.5,2939.43,2960,2559958752
2012-02-19,2963.4,3014.76,2952.22,3000.59,1844550976
2012-02-26,3021.19,3031.45,2956.66,2978.08,2110507648
2012-03-04,2973.45,3010.47,2945.37,2993.49,1826761776
2012-03-11,2994.92,2998.12,2909.16,2963.15,1676174272
2012-03-18,2964.86,3035.78,2958.94,3010.68,1406769104
2012-03-25,3027.58,3029.92,2979.25,2990.08,1388854304
2012-04-01,2994.14,3018.91,2974.5,3010.46,1443905888
2012-04-08,3013.37,3033.15,2965.55,2986.2,879002592
2012-04-15,2963.38,3005.77,2946.29,2987.82,1097507008
2012-04-22,2970.61,3010.68,2967.49,2994.48,1172185216
2012-04-29,2991.65,2995.88,2958.58,2981.58,964022608
2012-05-06,2966.53,3013.11,2966.53,2990.59,850384704
2012-05-13,2946.88,2950.62,2874.34,2883.4,1641551520
2012-05-20,2892.74,2898.85,2762.81,2779.1,1617991920
2012-05-27,2776.79,2831.23,2765.08,2772.75,1357897728
2012-06-03,2766.54,2811.19,2737.99,2745.71,1284065632
2012-06-10,2706.57,2778.47,2698.9,2737.89,1380357504
2012-06-17,2770.86,2814,2760.26,2811,1427524432
2012-06-24,2849.93,2861.53,2798.84,2828.09,1157068784
2012-07-01,2811.43,2897.96,2802.27,2878.45,1375321104
2012-07-08,2902.09,2980.78,2888.05,2978.55,1278944000
2012-07-15,2957.59,2999.34,2929.08,2995.56,1100931888
2012-07-22,3002.23,3039.77,2990.24,3015.53,1283409984
2012-07-29,2999.38,3029.53,2973.93,2998.49,1003281632
2012-08-05,3020.23,3056.07,2985.43,3051.33,1223502848
2012-08-12,3080.91,3086.94,3042.42,3054.2,1001094912
2012-08-19,3047.52,3088.45,3044.53,3062.11,1731016288
2012-08-26,3061.91,3072.16,3032.56,3050.49,711102704
2012-09-02,3054.7,3059.54,3004.76,3025.46,1088797488
2012-09-09,3013.63,3029.23,2977.64,3011.7,859984896
2012-09-16,3014.45,3074.86,3004.72,3070.42,1773607968
2012-09-23,3081.94,3088.35,3057.74,3078.23,1717505600
2012-09-30,3071.58,3078.32,3038.43,3060.34,1999437616
2012-10-07,3054.57,3110.86,3043.81,3107.87,1124717792
2012-10-14,3105.04,3105.04,3021.92,3041.75,1143244896
2012-10-21,3029.75,3066.59,3029.75,3048.92,1154423488
2012-10-28,3031.48,3063,3027.85,3057.51,728205296
2012-11-04,3049.32,3056.34,3016.85,3040.75,1450236688
2012-11-11,3029.39,3044.55,2994.76,3009.56,1535854240
2012-11-18,3003.39,3012.92,2931.6,2945.63,1658917184
2012-11-25,2955.47,2993.37,2946.53,2989.28,1425258752
2012-12-02,3001.52,3083.26,2997.87,3069.95,1954929840
2012-12-09,3086.49,3110.51,3052.23,3107.11,1515670448
2012-12-16,3131.34,3168.43,3113.17,3168.43,1318516752
2012-12-23,3168.06,3180.5,3150.4,3163.56,1302106304
2012-12-30,3160.17,3195.74,3155.95,3191.8,475600504
2013-01-06,3173.03,3231.39,3160.8,3225.22,1137643904
2013-01-13,3233.94,3237.78,3198.38,3216.5,1335969440
2013-01-20,3193.88,3221.16,3160.83,3211.22,1277922416
2013-01-27,3213.95,3269.31,3210.74,3269.31,1167335120
2013-02-03,3272.33,3293.31,3259.75,3291.14,1305550848
2013-02-10,3307.14,3319.19,3254.61,3270.3,1159751696
2013-02-17,3285.76,3304.87,3273.95,3283.07,728305216
2013-02-24,3288.24,3311.67,3274.86,3288.13,1072681408
2013-03-03,3297.57,3297.57,3250.87,3269.5,1911297744
2013-03-10,3264.57,3300.16,3234.67,3289.53,1531253312
2013-03-17,3294.94,3317.42,3275.66,3286.05,1661569920
2013-03-24,3261.16,3283.7,3248.4,3258.57,1492529424
2013-03-31,3264.69,3321.62,3264.69,3308.1,1068064128
2013-04-07,3313.37,3331.26,3295.98,3299.78,1318448712
2013-04-14,3294.96,3314.91,3278.41,3294.19,1255082416
2013-04-21,3290.15,3301.95,3264.08,3294.05,1597589008
2013-04-28,3302.18,3353.04,3279.82,3348.87,1508167712
2013-05-05,3351.15,3405.09,3347.19,3369.9,1683218656
2013-05-12,3381.28,3445.39,3376.77,3443.77,1884968672
2013-05-19,3441.69,3457.07,3425.18,3449.3,1882160192
2013-05-26,3452.79,3464.79,3382.74,3393.17,1505887808
2013-06-02,3388.03,3416.52,3303.11,3311.37,1731561200
2013-06-09,3287.1,3304.07,3178.82,3184.72,1399844912
2013-06-16,3204.39,3214.88,3094.86,3161.43,1503499616
2013-06-23,3150.5,3235.09,3065.42,3124.45,1608293792
2013-06-30,3104.28,3162.94,3066.41,3150.44,1584158016
2013-07-07,3147.49,3186.89,3125.49,3169.73,925266608
2013-07-14,3161.95,3258.41,3132.07,3236.06,1053338112
2013-07-21,3240.52,3255.72,3205.57,3213.26,1005048080
2013-07-28,3223.91,3277.55,3221,3236.1,1250733120
2013-08-04,3233.69,3268.63,3218.5,3254.13,1629031888
2013-08-11,3239.66,3247.85,3212.74,3229.91,644421600
2013-08-18,3227.65,3251.64,3180.3,3197.53,1164742992
2013-08-25,3192.26,3202.1,3054.77,3088.85,1415313920
2013-09-01,3090.36,3109.58,2990.68,3028.94,2150813312
2013-09-08,3037.59,3062.79,3015.42,3048.35,1007226288
2013-09-15,3072.35,3136.53,3071.32,3120.3,1340008624
2013-09-22,3151.4,3260.14,3147.21,3237.53,1297671504
2013-09-29,3219.8,3232.34,3183.26,3210.18,852466000
2013-10-06,3195.84,3201.84,3131.14,3138.08,1022736608
2013-10-13,3146.05,3197.17,3122.38,3179.71,892968496
2013-10-20,3180.69,3203.91,3155.31,3192.9,677232656
2013-10-27,3206.01,3235.25,3193.29,3205.24,1247648304
2013-11-03,3216.75,3230.44,3194.96,3201.2,1200125520
2013-11-10,3207.22,3217.36,3173.49,3177.25,962597616
2013-11-17,3184.09,3202.79,3163.01,3201.27,1213601808
2013-11-24,3215.38,3218.55,3158.4,3172.85,1038780112
2013-12-01,3185.62,3199.89,3163.12,3176.35,1036178800
2013-12-08,3177.87,3197.09,3098.8,3114.17,1031830720
2013-12-15,3122.14,3126.01,3025.41,3066.02,1241290912
2013-12-22,3053.69,3094.48,3049.2,3094.48,880365680
2013-12-29,3101.92,3154.82,3096.92,3149.76,437701204
2014-01-05,3159.68,3187.8,3127.91,3131.47,591690600
2014-01-12,3142.61,3154.36,3119.7,3143.87,835286192
2014-01-19,3150.74,3155.89,3115.8,3147.33,896956608
2014-01-26,3137.26,3142.05,3071.23,3075.99,888120000
2014-02-02,3038.99,3068.05,3012.26,3027.22,912219584
2014-02-09,3011.41,3019.12,2953.01,3013.14,1163633680
2014-02-16,3021.89,3051.48,3003.48,3038.71,888331520
2014-02-23,3048.7,3109.8,3044.5,3099.93,1054850424
2014-03-02,3112.43,3121.29,3080.97,3110.78,1094307488
2014-03-09,3078.29,3137.79,3067.24,3136.26,1632496288
2014-03-16,3131.87,3145.24,3060.51,3073.72,1172585824
2014-03-23,3071.87,3101.86,3053.59,3073.39,1089415616
2014-03-30,3089.47,3184.22,3089.37,3172.17,1323180704
2014-04-06,3185.56,3226.32,3178.64,3212.72,1349088992
2014-04-13,3210.62,3215.73,3181.89,3195.45,1313626528
2014-04-20,3209.6,3259.07,3206.38,3253.8,1080982000
2014-04-27,3260.84,3284.17,3250.13,3267.57,1203536784
2014-05-04,3256.74,3267.83,3222.77,3252.55,986238992
2014-05-11,3260.52,3263.8,3226.99,3252.13,878279696
2014-05-18,3245.64,3273.84,3221.74,3262.59,1132006880
2014-05-25,3254.79,3279.08,3254.61,3278.02,1262100720
2014-06-01,3284.33,3308.43,3270.62,3295.85,1168530896
2014-06-08,3302.4,3305.17,3272.23,3299.43,1017801888
2014-06-15,3310.36,3311.12,3282.31,3293.25,677635016
2014-06-22,3293.61,3297.47,3258.8,3258.8,776865216
2014-06-29,3263.43,3279.12,3254.49,3271.05,588517808
2014-07-06,3260.95,3289.53,3234.14,3272.25,776854304
2014-07-13,3279.85,3294.1,3264.3,3293.73,602830200
2014-07-20,3292.86,3310.53,3286.28,3310.53,709229200
2014-07-27,3313.83,3356.07,3309.17,3350.17,734451104
2014-08-03,3351.22,3387.84,3339.94,3344.42,817573904
2014-08-10,3337.15,3337.17,3278.21,3288.89,1126435328
2014-08-17,3301.9,3319.7,3289.05,3314.77,906098912
2014-08-24,3305.49,3336.75,3299.26,3325.5,1067025600
2014-08-31,3331.91,3358.44,3321.32,3327.09,977745600
2014-09-07,3327.07,3349.76,3309.73,3341.73,837739392
2014-09-14,3340.83,3356.71,3328.66,3345.55,770220320
2014-09-21,3339.32,3341.52,3266.25,3305.05,1210721216
2014-09-28,3307.31,3312.43,3271.77,3292.21,777285200
2014-10-05,3290.82,3293.99,3222.92,3253.24,1371836600
2014-10-12,3260.72,3264.06,3223.38,3223.87,831789296
2014-10-19,3213.89,3217.98,3149.91,3167.73,1146884016
2014-10-26,3184.66,3238,3180.22,3222.55,831719520
2014-11-02,3231.81,3274.25,3206.21,3274.25,1169686032
2014-11-09,3286.57,3302.34,3273.68,3286.39,1068012352
2014-11-16,3306.56,3317.19,3277.55,3315.67,1260006512
2014-11-23,3310.53,3347.42,3285.6,3345.32,1344122192
2014-11-30,3349.39,3360.32,3330.8,3350.5,1388737232
2014-12-07,3352.32,3356.53,3297.74,3324.39,1170502112
2014-12-14,3321.42,3336.83,3297.84,3324.13,1143294064
2014-12-21,3312.48,3314.3,3200.63,3279.53,1462382800
2014-12-28,3293.72,3353.68,3291.49,3353.68,487724596
2015-01-04,3360.64,3375.13,3356.62,3370.59,498125088
2015-01-11,3368.38,3372.34,3267.89,3338.44,1082752864
2015-01-18,3332.96,3349.19,3291.5,3300.68,1222939968
2015-01-25,3318.59,3419.3,3297.89,3411.5,1269421376
2015-02-01,3409.36,3432.62,3391.2,3391.2,1393739408
2015-02-08,3398.51,3441.66,3394.54,3431.36,1261098704
2015-02-15,3425.73,3448.96,3409.38,3426.22,1209328816
2015-02-22,3417.67,3443.05,3406.13,3435.66,607488192
2015-03-01,3456.21,3458.14,3402.86,3402.86,1639348608
2015-03-08,3408.88,3430.81,3389.73,3417.51,1425563184
2015-03-15,3395.36,3416.39,3357.11,3362.77,1253945472
2015-03-22,3361.38,3417.45,3356.66,3412.44,1339272992
2015-03-29,3413.65,3453.6,3404.63,3450.1,1081330608
2015-04-05,3441.94,3469.02,3435.59,3453.75,901100000
2015-04-12,3451.73,3480.84,3450.26,3472.38,1223435712
2015-04-19,3476.03,3549.85,3475.14,3525.19,1228911184
2015-04-26,3519.24,3525.84,3487.71,3513,1118069392
2015-05-03,3510.76,3521.99,3467.46,3487.39,1009699696
2015-05-10,3479.01,3490.74,3425.31,3452.01,1069693008
2015-05-17,3463.89,3473.49,3434.7,3463.1,1020761136
2015-05-24,3465.32,3467.23,3434.28,3450.18,1337244688
2015-05-31,3458.32,3467.1,3381.79,3392.11,1222466400
2015-06-07,3375.05,3375.05,3327.04,3333.67,1263790880
2015-06-14,3326.37,3358.77,3294.31,3353.85,1381290352
2015-06-21,3338.1,3346.02,3291.06,3300.96,1123819584
2015-06-28,3313.06,3361.04,3311.12,3320.9,1007762912
2015-07-05,3277.9,3357.95,3267.68,3342.73,986451280
2015-07-12,3319.93,3346.48,3249.89,3279.88,1206383280
2015-07-19,3298.28,3358.09,3290.11,3353.45,704040816
2015-07-26,3370,3383.56,3346.86,3352.65,1243212000
2015-08-02,3348.82,3348.83,3184.57,3202.5,1936575520
2015-08-09,3205.59,3217.13,3164.62,3196.66,1600897872
2015-08-16,3213.49,3214.5,3057.62,3114.25,1760962144
2015-08-23,3114.56,3116.36,2947.87,2971.01,1613232384
2015-08-30,2918.24,2999.08,2808.31,2955.94,2238256992
2015-09-06,2987.18,2987.18,2859.32,2863.81,1275819280
2015-09-13,2842.28,2931.65,2829.2,2888.03,945073424
2015-09-20,2887.41,2919.77,2837.59,2879.59,1795261072
2015-09-27,2855.04,2904.98,2816.76,2832.64,1126213088
2015-10-04,2823.09,2829.64,2740.36,2793.15,1502915200
2015-10-11,2826.07,3011.63,2822.28,2998.5,1979645728
2015-10-18,2991.59,3047.1,2960.86,3030.61,1655023216
2015-10-25,3023.53,3074.96,3012.6,3068.46,1135617136
2015-11-01,3092.31,3104.72,2975.74,2998.35,1429962656
2015-11-08,2976.72,3043.85,2948.42,3010.47,1115338208
2015-11-15,3014.8,3022.26,2919.1,2925.68,1026692368
2015-11-22,2902.91,2940.86,2884.03,2917.91,1187370816
2015-11-29,2924.1,2939.41,2843.95,2859.12,1172552592
2015-12-06,2871.05,2902.8,2855.94,2879.05,1255984048
2015-12-13,2896.87,2911.44,2833.93,2834.63,934712000
2015-12-20,2819.78,2868.87,2793.39,2852.84,1212952240
2015-12-27,2830.92,2884.83,2827.75,2877.62,647408720
2016-01-03,2883.8,2897.47,2868.81,2882.73,470932488
2016-01-10,2889.23,2890.21,2697.94,2751.23,1609182992
2016-01-17,2725.1,2726.56,2626.81,2630.76,1475058816
2016-01-24,2593.6,2638.47,2529.01,2577.09,1679516992
2016-01-31,2601.84,2629.11,2539.74,2629.11,1484524144
2016-02-07,2637.05,2644.68,2528.44,2623.21,1616227008
2016-02-14,2559.64,2582.87,2531.79,2539.95,988406528
2016-02-21,2565.95,2668.22,2561.44,2656.87,1863120160
2016-02-28,2653.79,2684.79,2588.83,2649.38,1668655840
2016-03-06,2666.07,2837,2638.75,2837,2109823776
2016-03-13,2843.66,2850.52,2770.26,2828.86,1748744736
2016-03-20,2849.41,2906.8,2828.68,2906.8,1400685728
2016-03-27,2905.49,2906.26,2840.53,2847.39,966234704
2016-04-03,2848.72,2874.26,2808.02,2818.49,1124888688
2016-04-10,2826.42,2846.09,2783.73,2808.32,920851408
2016-04-17,2797.36,2925.83,2794.15,2923.94,1081580944
2016-04-24,2901.4,2964.1,2892.74,2940.43,1177087264
2016-05-01,2930.61,2933.26,2834.62,2838.52,1159149440
2016-05-08,2842.86,2848.9,2722.6,2730.8,1082725392
2016-05-15,2745.36,2766.06,2713.47,2734.91,1255152096
2016-05-22,2726.31,2791.18,2721.7,2763.82,1590067328
2016-05-29,2761.79,2805.63,2740.82,2802.51,963364640
2016-06-05,2796.15,2834.04,2778.65,2809.23,1198106288
2016-06-12,2819.07,2881.92,2812.5,2822.97,954904816
2016-06-19,2786.35,2793.3,2744.31,2763.42,1054150144
2016-06-26,2785.16,2815.22,2715.76,2735.39,1068973744
2016-07-03,2722.16,2880.72,2703.48,2846.37,1362191568
2016-07-10,2855.36,2874.9,2830,2847.04,864872800
2016-07-17,2882.28,2939.03,2868.8,2925.35,1040412816
2016-07-24,2930.64,2958.9,2902.41,2945.35,1217460320
2016-07-31,2951.34,2955.96,2865.66,2868.69,1185012960
2016-08-07,2875.59,2898.27,2810.88,2828.17,1271632272
2016-08-14,2850.86,2893.34,2849.07,2867.4,936649536
2016-08-21,2857.72,2880.71,2830.1,2844.02,904753280
2016-08-28,2843.76,2879.58,2831.15,2857.65,760041792
2016-09-04,2844.21,2853.07,2795.24,2803.92,990341344
2016-09-11,2828.49,2911.84,2827.31,2873.33,1113078256
2016-09-18,2829.41,2847.5,2791.38,2827.45,986431840
2016-09-25,2830.67,2876.35,2824.88,2856.95,937039808
2016-10-02,2851.74,2885.71,2831.87,2869.47,879626224
2016-10-09,2879.85,2901.73,2861.95,2875.24,789404456
2016-10-16,2869.85,2876.88,2783.33,2815.24,1092022040
2016-10-23,2811.42,2856.65,2793.55,2831.06,893598960
2016-10-30,2842.46,2860.74,2806.31,2816.26,835027952
2016-11-06,2795.13,2832.37,2784.26,2788.8,1324938736
2016-11-13,2800.53,2839.97,2760.97,2814.6,1756532576
2016-11-20,2807.34,2840.46,2778.07,2838.65,1435844032
2016-11-27,2836.9,2870.39,2813.78,2859.33,1717039648
2016-12-04,2864.11,2933.33,2862.15,2919.37,1700111808
2016-12-11,2918.89,2980.77,2914.68,2956.13,1329418656
2016-12-18,2960.12,2969.01,2921.99,2937.86,1225480960
2016-12-25,2930.01,2931.68,2866.17,2871.05,929506016
2017-01-01,2861.6,2903.35,2857.91,2880.76,482965688
2017-01-08,2887,2970.79,2869.66,2962.63,863220800
2017-01-15,2962.13,3025.84,2961.97,3025.07,1165230112
2017-01-22,3024.61,3027.46,2988.07,3011.08,961479568
2017-01-29,3010.86,3065.13,3008.02,3064.85,1229708152
2017-02-05,3053.7,3073.37,3030.65,3041.94,945448720
2017-02-12,3047.69,3104.3,3040.66,3100.39,1309048112
2017-02-19,3107.64,3118.3,3064.59,3107.65,1486810128
2017-02-26,3106.81,3138.97,3086.57,3117.03,1415038912
2017-03-05,3101.18,3158.26,3089.91,3122.34,1490655824
2017-03-12,3121.96,3150.84,3106.98,3133.35,1210124432
2017-03-19,3139.04,3177.9,3116.34,3169.38,1374166416
2017-03-26,3162.21,3172.74,3114.33,3142.9,1012874192
2017-04-02,3122.05,3188.02,3112.39,3175.11,1169986576
2017-04-09,3180.27,3189.81,3144.5,3177.27,1151330496
2017-04-16,3177.27,3186.5,3160.28,3169.24,938248272
2017-04-23,3159.19,3162.58,3113.9,3139.83,1059854208
2017-04-30,3156.89,3183.18,3129.26,3175.44,1275542896
2017-05-07,3183.43,3239.76,3183.41,3229.73,900811248
2017-05-14,3240.44,3274.33,3226.06,3255.29,1196266880
2017-05-21,3262.26,3275.39,3189.7,3216.92,1317794272
2017-05-28,3216.18,3248.17,3208.95,3219.42,1051275152
2017-06-04,3217.25,3248.12,3195.82,3240.01,1233275456
2017-06-11,3242.35,3260.01,3226.64,3254.19,944846848
2017-06-18,3256.71,3270.92,3224.19,3231.44,1145204496
2017-06-25,3239.08,3254.9,3196.49,3209.47,1093705312
2017-07-02,3216.57,3262.12,3203.75,3226.48,904911776
2017-07-09,3228.91,3251.21,3199.98,3229.01,1031462880
2017-07-16,3237.42,3287.43,3196.14,3287.43,1366990144
2017-07-23,3296.46,3331.13,3287.46,3314.12,1379511968
2017-07-30,3307.18,3354.71,3294.66,3330.75,1170544080
2017-08-06,3338.17,3349.09,3319.57,3326.52,1238722128
2017-08-13,3329.43,3342.8,3277.02,3279.72,1042282016
2017-08-20,3296.44,3322.5,3249.37,3251.99,1133267344
2017-08-27,3254.88,3278.54,3244.23,3259.57,952897504
2017-09-03,3255.52,3288.94,3244.55,3277.26,934202128
2017-09-10,3274.39,3275.14,3218.34,3228.56,1039347840
2017-09-17,3239.29,3240.94,3193.41,3209.56,1082044400
2017-09-24,3230.38,3251.47,3201.1,3220.25,906666672
2017-10-01,3231.86,3250.06,3200.73,3219.91,930994848
2017-10-08,3233.95,3291.29,3230.81,3291.29,977082288
2017-10-15,3296.49,3326.67,3272.36,3319.11,1054121328
2017-10-22,3323.24,3354.27,3317.74,3340.73,849460896
2017-10-29,3348.66,3386.44,3327.18,3386.44,1050215296
2017-11-05,3385.6,3395.76,3358.39,3382.31,1062166736
2017-11-12,3380.36,3431.07,3368.1,3420.1,1139365296
2017-11-19,3414.92,3428.66,3341.3,3382.38,1235286128
2017-11-26,3382.58,3445.03,3374.9,3442.15,904703584
2017-12-03,3442.89,3462.78,3419.74,3449.54,1285047024
2017-12-10,3449.48,3455.97,3377.96,3424.64,1005743632
2017-12-17,3430.2,3469.36,3412.23,3416.94,919339856
2017-12-24,3422.9,3427.65,3380.64,3385.71,844337760
2017-12-31,3383.98,3407.26,3370.22,3402.92,494769904
2018-01-07,3406.48,3503.68,3403.87,3489.45,971656320
2018-01-14,3498.62,3531.56,3494.54,3520.56,892878608
2018-01-21,3532.01,3561.45,3514.71,3550.36,1120931456
2018-01-28,3551.96,3611.69,3541.98,3567.14,1131099136
2018-02-04,3577.42,3591.18,3522.65,3529.82,1460357024
2018-02-11,3483.07,3491,3340.55,3377.24,2031444416
2018-02-18,3384.98,3445.88,3372.7,3443.51,1177099168
2018-02-25,3462.11,3542.49,3457.54,3533.22,1385035792
2018-03-04,3543.27,3574.59,3470.87,3479.2,1536350528
2018-03-11,3490.06,3495.09,3429.45,3485.57,1309399408
2018-03-18,3519.25,3555.98,3501.81,3512.14,1227562752
2018-03-25,3515.95,3526.25,3394.55,3421.39,998996944
2018-04-01,3400.95,3443.43,3382.78,3427.97,1080890704
2018-04-08,3439.04,3449.4,3338.96,3442.5,1242821632
2018-04-15,3432.28,3506.8,3413.9,3501.3,1077636192
2018-04-22,3509.26,3604.06,3482.29,3573.38,1083695600
2018-04-29,3566.63,3591.84,3555.23,3577.21,1082044032
2018-05-06,3604.1,3641.65,3533.18,3545.38,875441568
2018-05-13,3553.47,3576.18,3522.37,3570.17,1086033776
2018-05-20,3569.11,3574.21,3517.73,3529.27,1342994784
2018-05-27,3545.21,3569.36,3493.93,3513.23,1189672000
2018-06-03,3517.37,3529.26,3417.86,3427.51,2276806320
2018-06-10,3441.2,3492.34,3432.18,3436.37,1425737888
2018-06-17,3450.07,3452.98,3345.18,3356.73,1150388304
2018-06-24,3314.08,3341.64,3270.15,3287.4,1377465632
2018-07-01,3279.53,3296.29,3237.77,3268.7,1303827456
2018-07-08,3277.43,3280.19,3176.26,3191.82,1305225504
2018-07-15,3197.79,3274.85,3196.15,3260.35,1323604992
2018-07-22,3260.83,3298.77,3226.05,3297.83,1022074656
2018-07-29,3294.52,3341.42,3278.14,3324.98,1063824384
2018-08-05,3314.55,3338.92,3264.61,3265.73,1070872384
2018-08-12,3284.68,3347.98,3273.57,3284.78,1154507808
2018-08-19,3267.94,3268.77,3203.33,3209.44,1317555328
2018-08-26,3211.08,3256.24,3187.83,3213,965975680
2018-09-02,3223.41,3263.14,3199.34,3213.48,1121862112
2018-09-09,3209.97,3218.76,3119.89,3134.39,1084378368
2018-09-16,3131.2,3163.85,3102.73,3161.42,1040631472
2018-09-23,3149.71,3225.4,3110.79,3217.68,1127427584
2018-09-30,3215.69,3265.01,3213.28,3257.05,1034315808
2018-10-07,3262.43,3272.88,3198.72,3209.79,999648960
2018-10-14,3198.24,3202.89,3035.2,3069.17,1395534512
2018-10-21,3067.8,3087.84,3030.21,3062.51,1270726560
2018-10-28,3057.31,3078.06,2955.68,2972.02,1284309232
2018-11-04,2989.63,3121.27,2961.23,3116.39,1295756688
2018-11-11,3087.51,3097.59,3056.42,3077.97,949253993
2018-11-18,3060.3,3089.82,3026.08,3083.6,1048036821
2018-11-25,3084.34,3084.71,3007.31,3052.49,767111685
2018-12-02,3057.28,3130.71,3056.39,3117.61,1272434497
2018-12-09,3154.22,3192.88,3105.63,3111.12,1117111985
2018-12-16,3087.28,3125.1,3053.99,3077.09,949832652
2018-12-23,3091.78,3124.59,3028.25,3046.04,1155041764
2018-12-30,3026.86,3076.1,3000.45,3053.43,437529136
2019-01-06,3064.09,3081.01,2993.42,3059.23,642635772
2019-01-13,3101.26,3209.65,3084.88,3198.65,1152420581
2019-01-20,3205.15,3235.14,3173.46,3224.34,1033463790
2019-01-27,3233.72,3250.27,3153.61,3202.25,985080733
2019-02-03,3203.78,3218.44,3169.29,3188.68,1069508502
2019-02-10,3192.36,3215.9,3177.91,3202.04,493565947
2019-02-17,3176,3259.79,3174,3239.74,1150978401
2019-02-24,3258.81,3286.08,3256.17,3269.9,1093205032
2019-03-03,3273.45,3284.73,3202.02,3220.4,1157297287
2019-03-10,3224.69,3251.72,3192.71,3195.87,1085797173
2019-03-17,3187.75,3228.21,3183.64,3200.18,1048435947
2019-03-24,3210.49,3228.38,3195.33,3212.1,963265108
2019-03-31,3170.5,3226.74,3156.79,3212.88,970019996
2019-04-07,3229.11,3332.59,3227.62,3322.64,1332196319
2019-04-14,3326.35,3348.04,3309.17,3331.98,1020686373
2019-04-21,3341.75,3356.82,3321.06,3347.58,779067600
2019-04-28,3358.54,3362.43,3336.92,3356.95,960653090
2019-05-05,3368.66,3415.18,3365.05,3392.29,880544477
2019-05-12,3329.32,3329.32,3253.88,3273.5,1143937211
2019-05-19,3258.94,3261.99,3198.22,3205.46,1023893873
2019-05-26,3198.73,3205.14,3149.97,3169.89,847443025
2019-06-02,3168.47,3172.8,3110.51,3117.76,1049996236
2019-06-09,3111.51,3166.29,3104.03,3166.29,855493555
2019-06-16,3174.88,3224.09,3171.9,3222.63,952281400
2019-06-23,3210.25,3321.4,3202.22,3321.4,1260499761
2019-06-30,3308.71,3336.08,3273.27,3321.61,1220847331
2019-07-07,3339.58,3381.73,3337.31,3366.81,1079089832
2019-07-14,3356.05,3372.49,3319.19,3357.34,978426274
2019-07-21,3355.15,3379.5,3337.67,3377.96,918802100
2019-07-28,3369.76,3386.65,3348.78,3363.76,959859621
2019-08-04,3362.17,3362.71,3257.38,3261.11,1125513403
2019-08-11,3244.6,3246.48,3144.8,3168.94,1012430522
2019-08-18,3143.21,3174.73,3084.08,3115.03,1261458663
2019-08-25,3114.13,3141.58,3108.95,3110.35,1176341241
2019-09-01,3066.49,3114.17,3040.16,3106.52,1306145497
2019-09-08,3092.25,3166.95,3074.04,3144.48,965705867
2019-09-15,3147.68,3216.87,3141.72,3211.49,1045846644
2019-09-22,3207.94,3213.07,3154.38,3159.68,1010974679
2019-09-29,3155.77,3163.75,3113.67,3125.63,900994894
2019-10-06,3100.82,3156.63,3068.83,3078.36,994757800
2019-10-13,3082.66,3124.22,3073.56,3113.97,1046249142
2019-10-20,3129.55,3144.61,3108.93,3114.16,901538777
2019-10-27,3113.71,3188.42,3111.12,3185.53,1051167700
2019-11-03,3211.23,3237.12,3187.29,3229.43,958150866
2019-11-10,3237.85,3285.72,3227.34,3264.3,1413752992
2019-11-17,3259.49,3267.8,3225.38,3238.86,1327472413
2019-11-24,3231.89,3258.66,3189.61,3225.65,1424689800
2019-12-01,3241.69,3244.69,3182.05,3193.92,2694000833
2019-12-08,3198.27,3208.7,3144.07,3194.71,1414316630
2019-12-15,3195.97,3223.45,3159.18,3214.05,1320062118
2019-12-22,3213.61,3219.53,3189.77,3212.39,1185603721
2019-12-29,3216.46,3230.93,3204.5,3226.53,382214769
2020-01-05,3228.04,3268.73,3201.31,3238.82,555153040
2020-01-12,3221.56,3262.72,3193.31,3255.95,1066147860
2020-01-19,3259.44,3283.89,3248,3281.03,1200645393
2020-01-26,3280.95,3283.06,3230.32,3240.02,1154598704
2020-02-02,3172.73,3193.84,3144.1,3153.73,1199743618
2020-02-09,3131.02,3231.97,3112.33,3181.48,1346688003
2020-02-16,3142.47,3233.86,3137.81,3220.03,1224114097
2020-02-23,3220.66,3223.43,3179.37,3181.03,1031320365
2020-03-01,3159.64,3171.74,3008.46,3011.08,1718367233
2020-03-08,2988.35,3047.79,2959.16,2960.98,1834584868
2020-03-15,2891.59,2891.65,2510.88,2634,2495702454
2020-03-22,2557.8,2590.91,2303.9,2410.74,2892911585
2020-03-29,2274.38,2561.37,2208.42,2528.76,2457781634
2020-04-05,2479.98,2487.65,2380.84,2389.29,2140135663
2020-04-12,2429.58,2596.19,2411.27,2571.32,1541909083
2020-04-19,2561.41,2671.58,2544.9,2614.6,1580640223
2020-04-26,2622.67,2627.56,2501.58,2518.16,1511608863
2020-05-03,2525.6,2633.92,2525.6,2624.23,1378363565
2020-05-10,2555.67,2608.01,2536.63,2591.88,1194892300
2020-05-17,2597.85,2611.74,2516.66,2523.55,2171806516
2020-05-24,2526.97,2596.41,2490.7,2499.83,1505888778
2020-05-31,2517.33,2544.46,2489.94,2510.75,2494688471
2020-06-07,2519.42,2755.8,2516.46,2751.5,2645619448
2020-06-14,2775.68,2839.39,2609.03,2684.63,2192387324
2020-06-21,2652.8,2688.99,2606.15,2634.83,1625859300
2020-06-28,2638.15,2652.38,2574.85,2604.51,1364548142
2020-07-05,2589.74,2660.27,2572.23,2652.94,1142070364
2020-07-12,2662.41,2707.67,2652.07,2652.65,796997930
2020-07-19,2669.98,2670.93,2604.95,2618.48,1024149750
2020-07-26,2618.01,2644.51,2572.93,2579.51,1134086600
2020-08-02,2589.95,2603.31,2511.02,2529.82,1346938418
2020-08-09,2522.53,2566.7,2478.39,2545.51,1504976424
2020-08-16,2547.52,2602.33,2521.06,2581.32,1258744200
2020-08-23,2580.56,2596.81,2506.77,2528.54,1941985580
2020-08-30,2535.69,2575.37,2517.07,2539.63,1376240708
2020-09-06,2557.44,2560.43,2486.36,2509.64,1143917027
2020-09-13,2506.18,2528.02,2476.82,2490.09,1121908409
2020-09-20,2489.68,2517.63,2481.45,2497.71,1297460657
2020-09-27,2499.39,2515.05,2448,2472.28,1148472452
2020-10-04,2473.21,2505.6,2465.45,2496.11,1016698275
2020-10-11,2512.91,2547.97,2504.89,2532.96,913322673
2020-10-18,2537.13,2570.19,2518.14,2533.02,1158570910
2020-10-25,2540.55,2549.52,2513.52,2537.39,1091945844
2020-11-01,2540.86,2541.74,2420.84,2423.84,1334679000
2020-11-08,2428.98,2591.96,2423.7,2578.68,1544210156
2020-11-15,2600.96,2725.47,2600.67,2711.39,2084467284
2020-11-22,2731.56,2814.13,2724.93,2813.01,1852944795
2020-11-29,2828.32,2920.55,2825.83,2855.82,1677751600
2020-12-06,2869.89,2869.89,2792.74,2839.89,2090789435
2020-12-13,2842.58,2853.23,2817.27,2821.7,1532839175
2020-12-20,2836.3,2875.48,2835.22,2848.98,1492026750
2020-12-27,2847.19,2854.61,2803.97,2833.4,491671900
2021-01-03,2845.85,2878.13,2834.58,2843.81,685656110
2021-01-10,2846.2,2993.19,2832.04,2993.19,1635253442
2021-01-17,2983.5,3012.53,2968.9,3004.87,1277406500
2021-01-24,2995.73,3017.15,2978.79,2991.53,1339697953
2021-01-31,2998.04,3004.97,2887.2,2902.52,1557282600
2021-02-07,2888.75,2939.35,2873.77,2907.11,1335919888
2021-02-14,2909.8,2959.66,2908.18,2925.48,1033050300
2021-02-21,2929.94,2946.22,2869.3,2880.64,1229127600
2021-02-28,2888.29,2976.36,2875.9,2949.04,1765632626
2021-03-07,2948.69,3028.44,2948.64,3013.85,1044353737
2021-03-14,3075.16,3116.31,3060.58,3095.22,1800746939
2021-03-21,3109.32,3148.98,3097.01,3134.54,1619759870
2021-03-28,3130.69,3165.82,3120.36,3157.95,1258370885
2021-04-04,3165.98,3204.24,3160.88,3181.68,1002787997
2021-04-11,3205.91,3221.85,3177.47,3184.54,1081176424
2021-04-18,3175.73,3203.56,3160.76,3201.76,1145226222
2021-04-25,3204.14,3214.93,3145.28,3194.04,1492370759
2021-05-02,3187.72,3237.23,3183.37,3218.27,1152625080
2021-05-09,3221.79,3221.94,3140.49,3200.26,1353305487
2021-05-16,3203.85,3206.24,3023.95,3055.02,1532852189
2021-05-23,3047.88,3145.32,3027.38,3117.89,1502571800
2021-05-30,3132.21,3194.19,3121.84,3178.5,1413762550
2021-06-06,3184.53,3193.61,3145.79,3151.04,1326526099
2021-06-13,3169.69,3181.36,3153.47,3157.97,1202067500
2021-06-20,3154.53,3182.75,3121.75,3144.16,1380258898
2021-06-27,3113.45,3136.57,3096.09,3121.6,1157303535
2021-07-04,3133.87,3147.88,3089.49,3128.95,1235095694
2021-07-11,3126.62,3195.25,3095.35,3131.4,1205535134
2021-07-18,3156.36,3175.21,3132.81,3152.3,976454869
2021-07-25,3114.76,3166.4,3107.25,3157.05,897766629
2021-08-01,3157.09,3189.53,3119.89,3166.94,900714500
2021-08-08,3176.42,3192.61,3126.18,3177.18,957446554
2021-08-15,3187.53,3207.99,3156.89,3165.49,705674800
2021-08-22,3139.23,3159.14,3083.16,3102.75,1094510300
2021-08-29,3116.31,3127.16,3074.7,3080.77,1056897400
2021-09-05,3092,3108.41,3050.24,3083.85,1084597713
2021-09-12,3079.15,3108.53,3060.05,3098.8,825831568
2021-09-19,3090.56,3093.59,3052.78,3071.23,862871059
2021-09-26,3071.39,3092.22,3037.79,3061.35,1272867029
2021-10-03,3072.53,3106.55,3044.73,3051.11,1373059772
2021-10-10,3079.99,3118.52,3047.38,3112.81,1324988213
2021-10-17,3118.57,3186.34,3088.7,3173.91,1440761509
2021-10-24,3174.3,3213.33,3163.11,3205.14,1014578676
2021-10-31,3202.51,3228.05,3186.28,3198.17,1009243365
2021-11-07,3226.23,3248.07,3207.71,3242.34,919403061
2021-11-14,3251.85,3273.54,3207.32,3228.45,1099728244
2021-11-21,3228.44,3246.25,3219.9,3232.34,848037725
2021-11-28,3234.11,3244.73,3153.71,3166.27,1234155200
2021-12-05,3144.17,3147.17,3041.29,3101.93,2124708245
2021-12-12,3103.96,3152.34,3103.96,3135.61,1032225201
2021-12-19,3156.6,3161.95,3106.63,3111.63,979293953
2021-12-26,3093.23,3110.76,3068.21,3108.28,675948463
2022-01-02,3107.63,3140.52,3104.24,3123.68,372632900
2022-01-09,3130.48,3209.4,3127.6,3205.26,1019082827
2022-01-16,3211.26,3282.41,3209.3,3281.97,1268986990
2022-01-23,3284.49,3299.64,3269.45,3294.86,1001570575
2022-01-30,3268.19,3294.22,3235.17,3246.33,1443508833
2022-02-06,3250.55,3332.92,3245.67,3331.41,890441606
2022-02-13,3328.64,3438.07,3327.63,3428.95,1421829772
2022-02-20,3419.52,3466.23,3403.41,3428.9,1506435371
2022-02-27,3421.95,3438.53,3248.93,3294.47,1655257240
2022-03-06,3298.52,3301.08,3207.83,3226.78,1788248028
2022-03-13,3205.3,3258.94,3128.06,3249.66,1458182452
2022-03-20,3242.74,3346.37,3222,3330.63,1550143900
2022-03-27,3345.86,3421.97,3330.33,3413.69,1448653105
2022-04-03,3412.55,3456.09,3399.48,3419.11,1126991749
2022-04-10,3418.72,3445.9,3374.34,3383.28,797221400
2022-04-17,3368.18,3374.85,3330.25,3335.85,814160260
2022-04-24,3327.16,3365.21,3303.07,3361.11,923751561
2022-05-01,3334.53,3389.64,3308.03,3356.9,1867521027
2022-05-08,3365.43,3373.15,3289.92,3291.89,793475640
2022-05-15,3279.36,3294.88,3165.18,3191.16,1718577066
2022-05-22,3199.73,3246.13,3177.09,3240.58,1256825365
2022-05-29,3246.51,3251.61,3172.19,3230.55,939007286
2022-06-05,3240.16,3263.11,3217.75,3231.97,1304855605
2022-06-12,3228.47,3241.8,3176.17,3181.73,820002973
2022-06-19,3161.61,3165.54,3072.34,3098.09,1103558072
2022-06-26,3099.41,3127.26,3086.45,3117.48,170195012
